000004
00001f
000027
00003a
00004b
000054
000066
000078
00008b
000099
0000a7
0000b6
0000ca
0000dd
0000e2
0000fe
00010c
000115
00012a
000134
000141
000156
000163
00017c
00018b
00019c
0001a5
0001b6
0001cc
0001d1
0001ef
0001f9
000205
000219
000229
000234
000247
000254
000266
00027b
000288
000293
0002a2
0002b5
0002cf
0002d5
0002e6
0002f4
000303
000318
000323
00033f
000348
00035c
000367
000371
00038a
00039b
0003ae
0003b5
0003c2
0003d1
0003e1
0003f8
000402
000417
00042b
000437
000442
00045e
000460
000476
000480
00049a
0004a3
0004be
0004c4
0004d1
0004e5
0004fe
00050f
000513
000526
000538
000549
00055b
000560
000571
00058e
000595
0005a2
0005bc
0005c2
0005d2
0005ed
0005f9
00060d
000618
000627
000633
00064c
000655
000664
000675
00068c
00069f
0006a5
0006bc
0006cc
0006d3
0006e5
0006f3
000701
000719
000729
00073e
000747
000754
00076b
000775
000781
000796
0007a3
0007bd
0007c6
0007df
0007ee
0007f5
00080c
00081f
000828
00083f
000846
00085c
00086b
000875
00088e
00089c
0008a4
0008b2
0008c4
0008d0
0008e4
0008fa
000900
000917
00092e
000934
00094b
000955
00096e
000972
00098d
00099f
0009ad
0009b8
0009c3
0009d9
0009eb
0009f6
000a04
000a1d
000a2b
000a39
000a42
000a53
000a69
000a71
000a8c
000a93
000aa4
000ab6
000ac2
000ad2
000ae4
000af9
000b0d
000b17
000b2c
000b39
000b40
000b5c
000b68
000b7f
000b8d
000b94
000bab
000bb9
000bc2
000bdc
000bed
000bff
000c0e
000c18
000c23
000c3b
000c4e
000c55
000c6d
000c75
000c8f
000c9a
000ca9
000cb0
000cc6
000cdb
000ce5
000cf7
000d0c
000d14
000d2d
000d3f
000d4a
000d58
000d63
000d7c
000d8d
000d9f
000daf
000db5
000dc0
000dd0
000ded
000df5
000e03
000e12
000e29
000e39
000e4c
000e52
000e67
000e72
000e8d
000e95
000ea5
000eb8
000ece
000ed9
000ee5
000ef7
000f01
000f14
000f2d
000f37
000f42
000f58
000f6d
000f75
000f8e
000f9f
000faa
000fbb
000fcb
000fdc
000fef
000ff4
00100b
001018
00102c
001035
001041
00105a
001068
001077
001088
001093
0010a1
0010b6
0010c5
0010d0
0010e5
0010f1
00110b
00111c
001129
001130
001145
001155
00116c
001178
001180
00119f
0011a3
0011b4
0011c5
0011da
0011e2
0011f6
001202
001219
00122a
001230
00124c
00125c
001263
001273
00128a
00129c
0012ae
0012b6
0012cd
0012d0
0012ee
0012f5
00130b
001310
00132c
001334
001342
00135e
001367
001370
001389
001392
0013a2
0013b8
0013cc
0013de
0013e4
0013f9
00140e
001414
001426
00143c
001443
001459
001460
00147b
001487
00149b
0014a6
0014b0
0014c9
0014d5
0014e7
0014fb
001503
001519
001524
001530
00154d
00155b
00156d
00157b
00158e
00159d
0015a7
0015b2
0015c5
0015de
0015ef
0015f1
001601
00161c
001624
00163e
001641
001653
001667
00167f
001687
001693
0016a4
0016b0
0016c7
0016d1
0016ea
0016f2
001703
001716
001727
001735
001745
001752
001764
00177e
00178c
00179a
0017aa
0017b4
0017ca
0017d7
0017ee
0017f3
001802
001818
001828
001831
001840
001850
00186f
001875
001883
001891
0018a0
0018b4
0018cd
0018d2
0018e0
0018ff
00190f
001917
00192f
001934
001940
00195e
001965
001974
001984
001992
0019a6
0019b9
0019c9
0019da
0019ec
0019fe
001a0b
001a1e
001a2a
001a31
001a4b
001a5d
001a6f
001a79
001a89
001a9e
001aad
001ab3
001acf
001ad6
001ae3
001af3
001b05
001b15
001b23
001b3e
001b49
001b59
001b65
001b76
001b89
001b94
001bac
001bb5
001bcb
001bd4
001be1
001bf7
001c0f
001c12
001c23
001c34
001c46
001c58
001c65
001c70
001c8a
001c9f
001ca2
001cba
001cc1
001cd5
001ced
001cff
001d03
001d14
001d2d
001d3a
001d42
001d58
001d65
001d7d
001d8e
001d91
001da3
001db8
001dcb
001dd9
001de1
001dff
001e07
001e1a
001e2d
001e3d
001e4b
001e5f
001e64
001e7a
001e80
001e9c
001ea4
001eb3
001ec3
001ed4
001eeb
001efa
001f02
001f1c
001f2f
001f3a
001f4d
001f51
001f6b
001f7f
001f8d
001f9e
001fae
001fba
001fc5
001fd3
001fed
001ff8
002004
002014
002028
002039
00204d
00205a
002066
00207e
00208c
002097
0020aa
0020b4
0020c2
0020df
0020ee
0020fd
00210b
00211b
002128
002134
00214e
00215b
002163
002177
002182
002199
0021aa
0021b1
0021c1
0021df
0021e8
0021f0
00220a
002212
002229
002230
00224e
002255
00226c
002274
002282
002298
0022ae
0022bd
0022ce
0022dd
0022e1
0022ff
002306
002310
00232a
002338
002344
002353
002369
002374
00238b
002397
0023ac
0023b5
0023ca
0023db
0023e5
0023f8
002401
002417
00242c
002431
002449
002451
002465
00247d
00248d
002494
0024a0
0024b0
0024cf
0024d3
0024ea
0024fc
002507
00251b
00252e
002535
00254a
002551
002561
002576
002585
002593
0025af
0025b6
0025cd
0025da
0025e8
0025fc
00260b
002619
00262a
002632
002644
00265c
002660
002674
002680
002699
0026aa
0026b0
0026cf
0026d6
0026e4
0026f5
00270c
00271d
002722
002738
002741
002756
002764
002771
002788
002793
0027ac
0027b1
0027c1
0027d6
0027e1
0027fd
002806
00281c
002827
002838
00284d
00285f
00286f
002872
002884
00289e
0028a1
0028b9
0028c0
0028db
0028e4
0028f1
002901
002916
00292f
002934
00294b
002955
00296f
00297f
00298e
002994
0029ae
0029b8
0029cd
0029de
0029ed
0029f5
002a01
002a1f
002a2a
002a30
002a4a
002a51
002a60
002a7d
002a8f
002a95
002aab
002ab9
002ac0
002ada
002ae4
002af1
002b00
002b1a
002b21
002b3c
002b43
002b56
002b61
002b76
002b8f
002b91
002ba8
002bbf
002bce
002bd6
002bec
002bff
002c0a
002c1a
002c25
002c35
002c43
002c51
002c6d
002c77
002c87
002c9d
002cae
002cb9
002cc0
002cd2
002ce2
002cf8
002d03
002d1a
002d2a
002d3b
002d45
002d53
002d6b
002d70
002d84
002d90
002dac
002db9
002dca
002dde
002def
002df6
002e0e
002e18
002e2f
002e3a
002e43
002e5f
002e62
002e78
002e89
002e95
002eae
002eb8
002ec9
002ed1
002ee9
002efc
002f00
002f1e
002f2f
002f3d
002f49
002f5c
002f6d
002f74
002f88
002f91
002fa2
002fbe
002fc6
002fdb
002fe3
002ff4
003006
003017
003021
00303e
003048
003054
003065
003077
00308d
003092
0030a4
0030b3
0030c1
0030d9
0030e8
0030f3
003104
00311f
003128
003135
00314f
003151
003165
00317e
003183
00319d
0031af
0031bc
0031c4
0031dd
0031e1
0031f3
003205
00321a
003224
00323a
00324c
003254
003264
00327a
003289
00329d
0032a9
0032bf
0032c3
0032dd
0032e7
0032fd
003309
003310
00332d
003334
003341
003355
00336c
003378
003387
00339b
0033ad
0033b8
0033c9
0033d9
0033eb
0033fb
00340a
003414
00342e
003438
00344a
00345a
003463
003479
00348d
00349c
0034a3
0034bd
0034c2
0034dc
0034e4
0034f5
003509
003513
00352b
003533
003547
00355a
003569
00357a
00358f
003596
0035ab
0035bc
0035c1
0035d5
0035e6
0035f1
00360a
003615
003626
003635
003648
003652
003665
00367b
003687
003691
0036a7
0036bd
0036c7
0036d0
0036ed
0036fe
00370c
003716
00372b
003739
003740
003758
003763
003775
00378d
00379f
0037a0
0037be
0037ca
0037dc
0037e4
0037f9
003809
003813
003822
003837
003849
00385c
003868
00387a
003881
00389a
0038a4
0038b2
0038cb
0038d0
0038e4
0038f1
003901
00391a
003921
00393d
00394f
003958
003969
00397e
00398c
00399f
0039a1
0039be
0039cb
0039d0
0039eb
0039fc
003a02
003a1b
003a2f
003a3e
003a46
003a5e
003a68
003a7e
003a87
003a90
003aa4
003ab1
003ac8
003ad7
003ae2
003af8
003b0b
003b1c
003b23
003b38
003b45
003b58
003b6c
003b76
003b81
003b9a
003baa
003bb2
003bcb
003bda
003be9
003bf2
003c06
003c1b
003c26
003c3e
003c41
003c55
003c6d
003c78
003c87
003c9a
003ca1
003cb6
003cc1
003cd1
003ce8
003cf5
003d03
003d15
003d2b
003d3e
003d4d
003d59
003d6b
003d78
003d87
003d97
003da6
003db2
003dc7
003dd5
003de4
003df8
003e03
003e1b
003e23
003e36
003e47
003e5a
003e61
003e7c
003e86
003e95
003eab
003eb7
003ec6
003ed3
003ee3
003efb
003f0c
003f1e
003f27
003f31
003f4e
003f56
003f6d
003f78
003f8e
003f95
003fa5
003fb7
003fc8
003fd0
003fe3
003ff1
004003
004018
004023
004039
004041
004051
004060
00407e
004089
00409c
0040a4
0040bb
0040cc
0040d0
0040eb
0040ff
00410d
00411f
004123
004139
00414e
004150
00416d
004176
004183
004192
0041ab
0041bc
0041cf
0041db
0041ef
0041f6
00420e
00421e
004226
004237
004244
004250
004261
00427f
004283
00429b
0042a0
0042b9
0042c3
0042d6
0042e6
0042f4
004308
004310
004323
004333
004344
00435c
00436e
00437c
004380
004393
0043a9
0043b4
0043cc
0043d3
0043e2
0043f9
004406
004418
00442c
004435
004449
00445a
004468
004479
00448f
004497
0044a5
0044b7
0044ca
0044d4
0044ed
0044fb
004500
00451f
004520
00453c
004545
004558
004569
004572
00458f
004595
0045af
0045bc
0045c3
0045d7
0045e6
0045f2
004600
004611
00462a
004634
00464f
004658
00466a
00467b
00468f
004697
0046a5
0046b4
0046c0
0046d3
0046eb
0046fd
004701
004713
00472e
004730
004743
004752
00476d
004771
00478c
004795
0047aa
0047bf
0047cb
0047d1
0047eb
0047fd
00480e
004814
00482a
004835
00484e
004853
004861
004871
004885
004890
0048a0
0048b7
0048c2
0048d7
0048e1
0048fb
00490c
00491a
00492a
004932
004943
00495a
004969
00497c
004981
00499f
0049a2
0049bf
0049ce
0049d1
0049e5
0049f2
004a0c
004a19
004a28
004a3a
004a41
004a5c
004a6d
004a7f
004a8c
004a9f
004aa7
004ab6
004acb
004ad4
004aef
004afc
004b05
004b1f
004b26
004b36
004b44
004b51
004b6d
004b70
004b86
004b90
004ba8
004bb4
004bca
004bd9
004be4
004bf4
004c0c
004c16
004c29
004c33
004c47
004c5f
004c69
004c7a
004c89
004c99
004caf
004cb6
004cc9
004cd9
004ce2
004cfc
004d0e
004d15
004d29
004d3e
004d45
004d5a
004d62
004d7b
004d81
004d93
004da5
004dbe
004dca
004dd3
004de6
004dfe
004e06
004e1f
004e2a
004e39
004e42
004e51
004e6f
004e78
004e82
004e9d
004ea6
004eb4
004ec5
004edf
004ee7
004ef5
004f0e
004f17
004f27
004f38
004f4f
004f54
004f65
004f76
004f85
004f92
004fa5
004fb1
004fc8
004fd5
004fe4
004ff1
005005
005012
005021
00503a
005042
005055
00506f
00507a
005082
00509a
0050a1
0050b3
0050c4
0050d2
0050e4
0050fb
00510e
00511d
005128
005136
00514b
00515c
005164
005176
00518c
005190
0051a3
0051b7
0051cd
0051d1
0051ea
0051fa
00520e
005215
005223
00523d
00524f
005250
00526a
005274
005285
00529e
0052a3
0052bb
0052c6
0052d1
0052e3
0052f2
005302
005314
00532f
005334
00534a
00535b
005366
005373
00538b
005392
0053a1
0053b3
0053c5
0053d1
0053ee
0053fd
005404
005415
005421
005432
005446
00545e
00546b
00547d
00548d
005495
0054a7
0054b4
0054c0
0054d3
0054e8
0054f7
005506
005515
005528
005531
00554f
00555c
005561
005577
005586
005591
0055a9
0055bc
0055cb
0055d4
0055e8
0055f5
005608
005619
005625
00563b
00564b
005653
005660
005670
00568e
00569b
0056aa
0056bd
0056c5
0056d2
0056e2
0056f9
005708
005710
00572c
00573f
00574a
00575e
00576b
00577c
005789
00579b
0057af
0057b2
0057c4
0057d9
0057e5
0057f7
00580c
005817
005827
005838
00584c
00585e
005862
005870
005883
005893
0058a9
0058bf
0058c4
0058d3
0058ee
0058f5
005906
005911
005921
00593f
005941
00595d
005969
005977
00598d
005994
0059a4
0059b3
0059c5
0059d3
0059ef
0059f0
005a04
005a17
005a2f
005a33
005a48
005a5e
005a60
005a7c
005a8a
005a9d
005aaa
005ab3
005acf
005ad1
005ae2
005afe
005b03
005b18
005b29
005b35
005b4f
005b55
005b6a
005b7a
005b8a
005b9c
005bae
005bb9
005bc9
005bde
005bec
005bfe
005c0c
005c1d
005c20
005c33
005c4b
005c52
005c65
005c7d
005c8c
005c9b
005ca4
005cbf
005cc1
005cd6
005ce5
005cf9
005d08
005d12
005d2e
005d38
005d4d
005d5a
005d63
005d7c
005d8b
005d95
005da8
005db5
005dc9
005dd5
005deb
005df3
005e03
005e10
005e2e
005e39
005e4f
005e5e
005e6c
005e7a
005e86
005e9a
005ea3
005eb3
005ec3
005ed5
005ee3
005efa
005f03
005f1e
005f26
005f36
005f41
005f53
005f6a
005f72
005f84
005f91
005fa3
005fbe
005fcf
005fd7
005fec
005fff
00600a
00601b
006028
006036
006048
006052
00606d
006079
006080
00609b
0060ad
0060bc
0060c2
0060d3
0060eb
0060f0
006101
006113
006126
006138
006143
00615c
006164
006172
00618c
006190
0061a4
0061b4
0061c7
0061d3
0061ea
0061f5
006204
006211
006226
006238
006246
00625c
006264
006274
006283
006294
0062ae
0062bc
0062cb
0062d7
0062e7
0062f1
006304
00631e
00632d
006335
00634e
00635b
006364
006372
006381
006396
0063ad
0063b1
0063c8
0063dc
0063e7
0063fb
00640d
00641f
00642d
006437
006447
006457
006469
00647d
006483
006490
0064a7
0064be
0064cb
0064df
0064eb
0064fc
006509
00651a
006522
006531
00654f
00655a
006565
006579
00658b
006591
0065a4
0065bd
0065ce
0065df
0065eb
0065f8
006601
00661a
006625
00663c
006642
00665c
006661
006677
00668e
006691
0066a9
0066b2
0066cc
0066d0
0066ec
0066f4
006707
00671d
00672d
006731
006740
006750
006769
00677c
00678e
006796
0067af
0067b7
0067ca
0067d8
0067ee
0067f1
00680e
00681d
006828
00683b
006848
006856
00686b
006878
00688a
00689f
0068a6
0068ba
0068c1
0068d2
0068ee
0068f5
006901
006914
006922
006930
006946
00695d
006960
006974
006982
00699f
0069a3
0069be
0069c1
0069d4
0069e6
0069f2
006a01
006a1e
006a2e
006a3b
006a41
006a5d
006a65
006a7e
006a80
006a9e
006aa5
006ab9
006ac7
006ad8
006ae9
006af7
006b0f
006b15
006b29
006b33
006b47
006b5d
006b6e
006b7e
006b84
006b9c
006bae
006bb4
006bc0
006bd3
006be7
006bf3
006c08
006c17
006c23
006c36
006c42
006c50
006c66
006c7e
006c8a
006c93
006ca4
006cb9
006cc2
006cd2
006cef
006cf8
006d00
006d18
006d25
006d3d
006d4d
006d5b
006d64
006d7e
006d8d
006d98
006dad
006db1
006dcb
006ddc
006de7
006df9
006e08
006e1c
006e24
006e3f
006e43
006e54
006e62
006e7e
006e8c
006e9a
006eae
006eba
006ec3
006edd
006ee4
006ef1
006f07
006f1b
006f2c
006f3a
006f4e
006f5c
006f6a
006f70
006f83
006f9e
006fa4
006fbc
006fc6
006fd4
006fe0
006ffd
007000
007017
00702c
007036
00704c
007052
00706a
00707a
00708d
00709d
0070a3
0070bf
0070c4
0070d4
0070e7
0070f8
007100
007112
00712c
007130
007143
007150
007169
00717f
007186
007196
0071ad
0071bc
0071ce
0071d5
0071e2
0071f4
007202
007212
007223
00723e
007249
00725c
007266
00727c
007288
00729d
0072ae
0072be
0072cf
0072d6
0072e9
0072fc
007301
007316
00732f
00733c
00734b
007355
007361
007378
00738a
007390
0073af
0073b7
0073c9
0073d6
0073e7
0073fe
007402
007416
007426
007430
007447
007454
00746a
007472
007485
007499
0074a3
0074bf
0074cd
0074de
0074e0
0074f3
007508
00751a
007525
00753f
007547
00755f
007569
007573
007584
00759a
0075aa
0075b2
0075cd
0075d3
0075e4
0075f5
007609
007618
007621
007634
00764f
00765b
00766c
007672
007680
007695
0076a9
0076be
0076cf
0076dd
0076e6
0076f8
007703
007716
007723
007736
00774f
007752
007761
007772
00778f
007796
0077ab
0077b2
0077c8
0077d8
0077ef
0077f9
00780d
007816
00782d
007834
007842
00785b
007865
007877
00788b
007890
0078a3
0078b3
0078c6
0078db
0078ea
0078f1
007905
007912
00792b
00793d
007946
007956
00796d
00797f
007984
007992
0079a4
0079b2
0079c3
0079de
0079ed
0079f2
007a0f
007a16
007a22
007a3f
007a4b
007a5d
007a6b
007a7d
007a87
007a90
007aa4
007ab3
007acf
007ad3
007aef
007afd
007b0a
007b1e
007b2a
007b32
007b40
007b57
007b6a
007b74
007b8b
007b92
007bad
007bb8
007bcf
007bdf
007be2
007bf2
007c07
007c1c
007c2e
007c3f
007c48
007c53
007c6b
007c7f
007c88
007c9e
007cae
007cbc
007cca
007cd7
007ce7
007cf0
007d08
007d10
007d25
007d3d
007d4d
007d55
007d6d
007d73
007d84
007d90
007daa
007db2
007dc0
007ddd
007ded
007df0
007e08
007e10
007e28
007e3e
007e47
007e5a
007e63
007e75
007e8b
007e95
007ea7
007ebe
007ec3
007ed9
007ee2
007eff
007f09
007f11
007f25
007f37
007f4a
007f50
007f63
007f72
007f8a
007f95
007fa2
007fb9
007fc6
007fdc
007fe2
007ffc
008003
008010
00802a
00803c
00804c
008053
00806e
008079
008086
008091
0080a8
0080bb
0080cf
0080db
0080e8
0080f7
008103
008118
00812b
00813d
00814f
008156
00816d
008170
00818f
008198
0081a8
0081bb
0081cf
0081d4
0081ec
0081f9
008201
008213
00822c
008230
008243
008251
008264
00827c
00828d
008295
0082ad
0082b2
0082c9
0082d3
0082e1
0082f1
008300
008313
00832a
008336
00834b
008355
00836a
00837f
00838e
008392
0083a1
0083bc
0083c7
0083d6
0083e1
0083f1
00840c
00841b
00842a
00843f
008441
00845c
008468
00847a
00848f
008493
0084a9
0084bb
0084c3
0084d7
0084e7
0084fa
008500
008510
008528
00853d
008543
008554
008568
00857a
008582
00859e
0085aa
0085b9
0085c4
0085d9
0085ef
0085fc
008606
00861d
008621
008630
00864c
008657
008665
00867a
00868b
008699
0086a6
0086b8
0086c3
0086d1
0086e7
0086f8
008703
00871e
008722
00873b
008742
00875e
008766
008776
008780
00879e
0087a9
0087b9
0087c7
0087d1
0087ed
0087f9
008809
008814
008829
00883d
00884b
008852
008860
008874
008881
00889e
0088ae
0088bf
0088cf
0088d4
0088ef
0088f4
008902
00891b
008926
00893d
00894c
008956
008965
008972
00898a
008995
0089a6
0089b7
0089cf
0089d6
0089e8
0089fe
008a06
008a13
008a2e
008a37
008a42
008a5f
008a6b
008a7c
008a86
008a9e
008aac
008ab3
008ac4
008add
008ae8
008af5
008b0c
008b18
008b28
008b3f
008b43
008b5a
008b62
008b7e
008b86
008b97
008bad
008bbd
008bc2
008bda
008be7
008bff
008c0a
008c1f
008c2a
008c31
008c4b
008c5c
008c62
008c7a
008c82
008c9d
008cad
008cbd
008cc8
008cd0
008ce0
008cf6
008d07
008d14
008d2a
008d36
008d4b
008d50
008d69
008d75
008d8f
008d9b
008da3
008db7
008dc3
008dd4
008de9
008dfa
008e02
008e1f
008e26
008e37
008e4c
008e51
008e6c
008e72
008e8f
008e9c
008ea4
008eb6
008ecb
008ed4
008eed
008efb
008f01
008f12
008f23
008f37
008f46
008f58
008f67
008f75
008f89
008f96
008faa
008fbe
008fc2
008fde
008fee
008ff0
009009
00901d
009029
009032
009040
009057
009068
009073
00908f
00909f
0090a8
0090b9
0090cd
0090d6
0090e8
0090f7
009108
00911a
00912c
009135
009140
009154
009161
00917b
00918d
009195
0091ae
0091bd
0091cd
0091df
0091e6
0091f9
00920e
009216
009222
009232
009249
00925a
009267
009278
009282
00929f
0092af
0092b9
0092c5
0092d3
0092ee
0092f0
009304
009316
009323
00933d
009340
009356
009363
009372
009383
00939c
0093af
0093b5
0093c8
0093d2
0093ea
0093ff
009409
009413
00942c
00943a
00944a
00945c
00946a
009477
009480
009494
0094a6
0094bc
0094c9
0094de
0094e4
0094f8
009505
00951e
009520
009538
00954c
009554
009560
009577
00958a
009590
0095a5
0095bb
0095c7
0095d2
0095ed
0095fa
009601
009616
00962c
009632
009642
00965a
00966d
009673
009684
00969b
0096a0
0096b5
0096c8
0096dc
0096e8
0096f8
009707
009713
00972a
00973c
009749
009752
009763
00977c
009782
009796
0097a2
0097bd
0097c4
0097d9
0097e6
0097f6
009801
009816
009829
009838
009845
009858
009861
009875
00988b
009895
0098a4
0098b4
0098c4
0098df
0098e4
0098fe
009905
00991f
009929
009931
009940
009954
009960
009971
00998a
009990
0099a1
0099b1
0099c0
0099d1
0099ed
0099f2
009a06
009a10
009a2b
009a3d
009a47
009a58
009a64
009a73
009a81
009a94
009aab
009ab9
009acb
009ad1
009aee
009afa
009b0a
009b1c
009b29
009b3d
009b47
009b52
009b60
009b7d
009b85
009b90
009ba8
009bbe
009bcf
009bda
009be3
009bfb
009c0c
009c11
009c23
009c3f
009c4c
009c5d
009c6a
009c75
009c82
009c92
009cac
009cbb
009cca
009cdd
009ce6
009cf8
009d05
009d1f
009d2e
009d31
009d40
009d51
009d66
009d78
009d81
009d98
009daa
009db8
009dcf
009dd7
009de7
009df1
009e03
009e1a
009e23
009e39
009e42
009e58
009e6d
009e7f
009e89
009e9b
009ea9
009eb9
009ece
009eda
009ee7
009ef1
009f0a
009f1f
009f20
009f3c
009f48
009f5b
009f63
009f7d
009f81
009f93
009fa0
009fb9
009fce
009fdb
009fe5
009ff6
00a00f
00a01e
00a02b
00a035
00a042
00a051
00a067
00a071
00a08f
00a090
00a0a4
00a0b4
00a0c5
00a0d4
00a0ee
00a0f8
00a101
00a110
00a124
00a131
00a14c
00a159
00a16b
00a172
00a181
00a19e
00a1a6
00a1bb
00a1c1
00a1d3
00a1e2
00a1fa
00a204
00a21f
00a22a
00a23d
00a24f
00a252
00a262
00a274
00a286
00a299
00a2a9
00a2be
00a2c2
00a2d7
00a2e1
00a2f4
00a308
00a314
00a328
00a339
00a344
00a357
00a365
00a37b
00a388
00a393
00a3a0
00a3b2
00a3cb
00a3d8
00a3e3
00a3f5
00a401
00a411
00a429
00a43a
00a447
00a45a
00a465
00a47b
00a482
00a49c
00a4a4
00a4b1
00a4c7
00a4da
00a4e1
00a4f9
00a505
00a51f
00a52a
00a53e
00a544
00a558
00a567
00a579
00a584
00a595
00a5a9
00a5b5
00a5c2
00a5de
00a5e0
00a5f5
00a60a
00a61d
00a625
00a638
00a645
00a65d
00a66b
00a672
00a689
00a699
00a6a2
00a6bb
00a6ca
00a6db
00a6e5
00a6f2
00a706
00a713
00a72f
00a733
00a74c
00a757
00a76d
00a778
00a78c
00a793
00a7ac
00a7b9
00a7c6
00a7d2
00a7e1
00a7f6
00a80e
00a81b
00a82f
00a83a
00a841
00a85a
00a861
00a871
00a881
00a891
00a8ad
00a8b3
00a8ca
00a8de
00a8e3
00a8f5
00a904
00a916
00a92d
00a932
00a944
00a952
00a96c
00a97a
00a983
00a990
00a9a4
00a9b1
00a9cf
00a9d3
00a9ec
00a9f4
00aa07
00aa1f
00aa2a
00aa35
00aa4d
00aa55
00aa68
00aa7e
00aa87
00aa9c
00aaaa
00aab8
00aacc
00aada
00aae4
00aaf9
00ab09
00ab17
00ab2c
00ab3e
00ab43
00ab56
00ab6a
00ab7f
00ab82
00ab9e
00abaf
00abbc
00abc7
00abd5
00abe1
00abf1
00ac0e
00ac1e
00ac29
00ac36
00ac49
00ac58
00ac6b
00ac71
00ac8c
00ac9c
00aca3
00acb2
00acc7
00acdf
00ace5
00acf5
00ad0d
00ad1e
00ad29
00ad33
00ad48
00ad55
00ad6e
00ad75
00ad8b
00ad96
00ada5
00adb9
00adc5
00add1
00ade4
00adf7
00ae03
00ae1c
00ae2c
00ae39
00ae46
00ae59
00ae6b
00ae71
00ae86
00ae9a
00aeaa
00aeb2
00aece
00aed9
00aee3
00aef3
00af0f
00af19
00af2d
00af3a
00af43
00af5d
00af66
00af76
00af83
00af96
00afa9
00afbb
00afcc
00afd5
00afe0
00aff5
00b00c
00b018
00b026
00b036
00b04e
00b053
00b06a
00b079
00b085
00b09c
00b0ac
00b0b7
00b0cb
00b0da
00b0eb
00b0f3
00b10b
00b11b
00b124
00b130
00b140
00b15b
00b16d
00b173
00b186
00b19d
00b1a9
00b1bb
00b1c6
00b1de
00b1ea
00b1ff
00b20a
00b210
00b226
00b23f
00b249
00b259
00b262
00b273
00b28a
00b29b
00b2ab
00b2b5
00b2c2
00b2d7
00b2ee
00b2fc
00b308
00b31f
00b327
00b333
00b34f
00b35a
00b360
00b379
00b38b
00b397
00b3ab
00b3b9
00b3c4
00b3d7
00b3e7
00b3fc
00b40c
00b41e
00b425
00b433
00b449
00b451
00b469
00b470
00b48e
00b497
00b4ab
00b4b0
00b4cf
00b4dd
00b4ef
00b4ff
00b507
00b517
00b524
00b530
00b540
00b552
00b560
00b570
00b583
00b599
00b5ad
00b5b1
00b5c0
00b5d7
00b5ed
00b5f2
00b602
00b61a
00b62c
00b63e
00b647
00b650
00b663
00b675
00b686
00b69b
00b6ae
00b6bb
00b6c2
00b6d1
00b6eb
00b6f5
00b701
00b710
00b72a
00b730
00b741
00b750
00b76d
00b772
00b786
00b791
00b7a6
00b7be
00b7cc
00b7db
00b7e4
00b7fd
00b806
00b812
00b828
00b83c
00b849
00b850
00b867
00b872
00b888
00b895
00b8a5
00b8be
00b8c1
00b8dd
00b8ef
00b8ff
00b90d
00b910
00b920
00b933
00b942
00b957
00b966
00b978
00b986
00b998
00b9aa
00b9bd
00b9c9
00b9de
00b9ec
00b9f9
00ba08
00ba13
00ba2c
00ba3f
00ba48
00ba5b
00ba68
00ba75
00ba81
00ba9f
00baac
00bab9
00bac7
00bad6
00baef
00bafe
00bb08
00bb1f
00bb25
00bb37
00bb41
00bb50
00bb63
00bb7e
00bb88
00bb92
00bbaf
00bbb0
00bbcd
00bbdb
00bbe1
00bbf5
00bc07
00bc19
00bc2a
00bc34
00bc44
00bc5c
00bc64
00bc7e
00bc87
00bc9a
00bcaa
00bcb8
00bcc8
00bcd0
00bce3
00bcfa
00bd09
00bd1f
00bd2b
00bd38
00bd44
00bd59
00bd6f
00bd7d
00bd8b
00bd9e
00bdaa
00bdb3
00bdcc
00bdd9
00bde2
00bdfc
00be08
00be1c
00be24
00be39
00be4a
00be59
00be65
00be71
00be8f
00be9d
00bea4
00beb4
00becd
00bedc
00beee
00bef6
00bf08
00bf13
00bf24
00bf34
00bf42
00bf52
00bf67
00bf70
00bf80
00bf96
00bfac
00bfbe
00bfcd
00bfde
00bfea
00bff5
00c001
00c01a
00c02c
00c039
00c041
00c059
00c06b
00c074
00c080
00c093
00c0a1
00c0ba
00c0c5
00c0d0
00c0ec
00c0f5
00c105
00c11a
00c128
00c130
00c14b
00c159
00c163
00c176
00c18a
00c19a
00c1a1
00c1b4
00c1ce
00c1d5
00c1e5
00c1fe
00c205
00c213
00c226
00c235
00c247
00c252
00c265
00c270
00c286
00c29c
00c2a8
00c2b4
00c2c3
00c2dd
00c2ea
00c2f2
00c30d
00c316
00c327
00c33f
00c348
00c351
00c363
00c37f
00c38b
00c399
00c3a4
00c3b9
00c3ce
00c3d1
00c3e5
00c3f6
00c402
00c410
00c422
00c430
00c443
00c459
00c46e
00c47b
00c487
00c491
00c4ab
00c4b3
00c4ce
00c4d4
00c4e0
00c4f8
00c50d
00c514
00c520
00c536
00c546
00c55e
00c56d
00c573
00c584
00c59c
00c5a4
00c5bb
00c5c4
00c5d0
00c5eb
00c5f1
00c60a
00c61b
00c627
00c638
00c641
00c654
00c665
00c67c
00c688
00c691
00c6a2
00c6b0
00c6cf
00c6d6
00c6ea
00c6fc
00c701
00c714
00c72a
00c73f
00c742
00c75d
00c765
00c77b
00c781
00c793
00c7a0
00c7bd
00c7c0
00c7d2
00c7ef
00c7fc
00c80d
00c81b
00c828
00c831
00c849
00c85f
00c86b
00c874
00c88a
00c890
00c8ab
00c8b0
00c8cd
00c8df
00c8e8
00c8f8
00c903
00c91f
00c924
00c932
00c94e
00c955
00c967
00c97d
00c98f
00c997
00c9a9
00c9be
00c9c7
00c9de
00c9ec
00c9f1
00ca02
00ca14
00ca26
00ca3b
00ca4e
00ca5a
00ca6f
00ca72
00ca80
00ca96
00caa1
00cabe
00cacd
00cad6
00cae2
00caf5
00cb0f
00cb13
00cb2f
00cb39
00cb44
00cb57
00cb60
00cb78
00cb82
00cb92
00cba9
00cbb0
00cbc0
00cbdc
00cbe1
00cbfd
00cc0a
00cc1f
00cc2d
00cc36
00cc4f
00cc57
00cc68
00cc7f
00cc8a
00cc9c
00ccab
00ccbc
00ccca
00ccd2
00cce2
00ccf3
00cd04
00cd1e
00cd28
00cd35
00cd4e
00cd5d
00cd6b
00cd76
00cd8b
00cd9e
00cda1
00cdb5
00cdc5
00cdd8
00cde7
00cdf4
00ce06
00ce12
00ce25
00ce30
00ce47
00ce51
00ce6b
00ce7f
00ce80
00ce9d
00cea4
00ceb5
00cecb
00ced5
00cee2
00cefd
00cf09
00cf18
00cf2b
00cf3d
00cf42
00cf55
00cf67
00cf7f
00cf81
00cf9e
00cfa7
00cfbe
00cfc2
00cfd8
00cfef
00cffd
00d00e
00d01c
00d02d
00d031
00d04e
00d058
00d069
00d076
00d08d
00d092
00d0ac
00d0b2
00d0cc
00d0d4
00d0e4
00d0f4
00d100
00d110
00d120
00d137
00d144
00d15e
00d16c
00d17c
00d183
00d199
00d1ad
00d1b8
00d1cd
00d1d4
00d1e8
00d1f6
00d206
00d210
00d22a
00d237
00d240
00d25d
00d26b
00d27f
00d28c
00d29a
00d2a0
00d2b2
00d2c3
00d2d7
00d2e7
00d2f5
00d304
00d31e
00d32a
00d336
00d344
00d359
00d364
00d37d
00d38b
00d392
00d3a8
00d3b4
00d3c1
00d3d0
00d3e9
00d3fb
00d40b
00d415
00d420
00d430
00d44a
00d451
00d46d
00d47e
00d485
00d49a
00d4a5
00d4bf
00d4cf
00d4df
00d4e9
00d4fd
00d503
00d51e
00d52e
00d533
00d542
00d557
00d56c
00d57f
00d582
00d59b
00d5a8
00d5b8
00d5cf
00d5d6
00d5e9
00d5f8
00d60f
00d61f
00d625
00d636
00d649
00d650
00d662
00d67c
00d681
00d69e
00d6a3
00d6b2
00d6cc
00d6d6
00d6e8
00d6fa
00d70a
00d71d
00d720
00d730
00d745
00d75b
00d76a
00d771
00d787
00d795
00d7af
00d7b0
00d7c3
00d7d7
00d7ef
00d7f6
00d80e
00d817
00d82b
00d834
00d841
00d854
00d865
00d875
00d885
00d892
00d8a7
00d8b4
00d8cb
00d8dc
00d8ec
00d8f5
00d906
00d919
00d922
00d935
00d948
00d95c
00d96b
00d972
00d980
00d995
00d9ac
00d9bd
00d9c5
00d9dc
00d9ef
00d9fa
00da08
00da12
00da21
00da3e
00da44
00da5c
00da65
00da7e
00da87
00da9b
00daa6
00dab6
00dac0
00dad8
00dae0
00daf4
00db00
00db1e
00db2e
00db3e
00db43
00db5a
00db67
00db7c
00db81
00db95
00dbaf
00dbbc
00dbc9
00dbd0
00dbe2
00dbf1
00dc02
00dc14
00dc2c
00dc3c
00dc4a
00dc59
00dc6d
00dc77
00dc86
00dc9e
00dca4
00dcbf
00dcca
00dcda
00dceb
00dcfc
00dd0e
00dd18
00dd25
00dd30
00dd44
00dd56
00dd6f
00dd73
00dd89
00dd92
00ddae
00ddb4
00ddc2
00ddde
00dde4
00ddfa
00de0e
00de14
00de24
00de39
00de40
00de50
00de68
00de7f
00de84
00de90
00dea5
00debf
00dec3
00dedc
00dee3
00def3
00df01
00df16
00df29
00df3e
00df4c
00df55
00df66
00df7a
00df88
00df92
00dfae
00dfba
00dfca
00dfde
00dfee
00dff9
00e00a
00e017
00e021
00e03f
00e04c
00e05a
00e06d
00e071
00e089
00e098
00e0a9
00e0b3
00e0cb
00e0db
00e0e7
00e0fa
00e107
00e11d
00e12b
00e132
00e14a
00e153
00e165
00e17d
00e18c
00e19a
00e1a9
00e1bc
00e1ca
00e1d5
00e1e5
00e1f7
00e20f
00e214
00e22d
00e23d
00e24f
00e25b
00e26a
00e274
00e289
00e29c
00e2a4
00e2b6
00e2cf
00e2da
00e2e4
00e2f1
00e30b
00e310
00e326
00e334
00e342
00e353
00e369
00e379
00e38c
00e393
00e3aa
00e3b1
00e3c6
00e3d6
00e3e5
00e3f6
00e409
00e41f
00e426
00e432
00e443
00e455
00e464
00e47f
00e480
00e491
00e4a1
00e4b6
00e4c8
00e4d0
00e4e5
00e4f9
00e503
00e51c
00e527
00e539
00e546
00e555
00e569
00e576
00e58b
00e593
00e5a1
00e5b5
00e5cd
00e5d0
00e5e7
00e5fa
00e60f
00e611
00e625
00e635
00e649
00e65a
00e667
00e67d
00e681
00e695
00e6ae
00e6b0
00e6c7
00e6d8
00e6ea
00e6f2
00e70c
00e71d
00e72d
00e739
00e74c
00e75e
00e76e
00e77f
00e787
00e794
00e7af
00e7ba
00e7c5
00e7df
00e7e2
00e7fc
00e803
00e812
00e82d
00e838
00e841
00e856
00e86f
00e87b
00e88f
00e89b
00e8ad
00e8b4
00e8c9
00e8d9
00e8e2
00e8ff
00e904
00e912
00e92f
00e938
00e944
00e956
00e96c
00e977
00e987
00e999
00e9a1
00e9bd
00e9c9
00e9d3
00e9e3
00e9fd
00ea0e
00ea19
00ea27
00ea36
00ea4c
00ea54
00ea6f
00ea79
00ea83
00ea96
00eaad
00eabe
00eacf
00ead8
00eae2
00eaf6
00eb0c
00eb13
00eb2d
00eb3e
00eb42
00eb5d
00eb61
00eb74
00eb85
00eb9a
00eba1
00ebbc
00ebc5
00ebdf
00ebec
00ebf1
00ec00
00ec12
00ec2f
00ec35
00ec40
00ec58
00ec6d
00ec75
00ec8d
00ec95
00ecad
00ecbd
00eccd
00ecdd
00ece3
00ecfa
00ed07
00ed1e
00ed26
00ed31
00ed42
00ed59
00ed68
00ed72
00ed8b
00ed9b
00eda7
00edbb
00edca
00edde
00ede0
00edf1
00ee0a
00ee1d
00ee22
00ee3b
00ee4f
00ee5f
00ee6b
00ee7d
00ee83
00ee9d
00eea7
00eebe
00eec3
00eed7
00eeeb
00eef2
00ef00
00ef19
00ef22
00ef34
00ef41
00ef51
00ef69
00ef7b
00ef8a
00ef99
00efae
00efb8
00efc2
00efd2
00efe3
00eff7
00f004
00f01f
00f023
00f038
00f04c
00f057
00f068
00f077
00f088
00f09b
00f0a1
00f0b6
00f0cb
00f0d7
00f0e1
00f0f5
00f10a
00f113
00f12d
00f138
00f14f
00f15e
00f16f
00f171
00f18c
00f19f
00f1ae
00f1b1
00f1cf
00f1d5
00f1e8
00f1fa
00f20a
00f21f
00f227
00f234
00f248
00f25e
00f26b
00f273
00f28e
00f29f
00f2aa
00f2bf
00f2c5
00f2d5
00f2e5
00f2fe
00f309
00f31d
00f32f
00f331
00f34a
00f354
00f364
00f372
00f38d
00f393
00f3ae
00f3b2
00f3cd
00f3db
00f3e3
00f3f1
00f409
00f413
00f429
00f433
00f447
00f459
00f460
00f477
00f48e
00f496
00f4ac
00f4b1
00f4c3
00f4d7
00f4ec
00f4fd
00f504
00f512
00f526
00f536
00f54d
00f554
00f56e
00f575
00f58c
00f593
00f5a6
00f5b6
00f5c2
00f5d1
00f5ed
00f5f4
00f60c
00f617
00f62b
00f634
00f642
00f65e
00f662
00f673
00f683
00f693
00f6ab
00f6ba
00f6c7
00f6da
00f6e6
00f6f1
00f705
00f71a
00f722
00f730
00f74b
00f754
00f76d
00f77f
00f78f
00f79b
00f7a9
00f7bd
00f7c4
00f7dd
00f7e4
00f7f1
00f802
00f818
00f826
00f83b
00f847
00f85e
00f861
00f874
00f881
00f896
00f8af
00f8b2
00f8c2
00f8d8
00f8e8
00f8f0
00f90d
00f913
00f924
00f936
00f943
00f95f
00f967
00f972
00f98e
00f997
00f9a2
00f9be
00f9c6
00f9df
00f9ed
00f9fd
00fa0c
00fa1d
00fa23
00fa3b
00fa4b
00fa50
00fa6e
00fa79
00fa81
00fa97
00faa1
00fab3
00face
00fadd
00fae0
00faf8
00fb02
00fb1f
00fb2a
00fb3a
00fb4f
00fb52
00fb67
00fb72
00fb8f
00fb92
00fba1
00fbb5
00fbcb
00fbd8
00fbe7
00fbfe
00fc0b
00fc11
00fc22
00fc31
00fc40
00fc52
00fc65
00fc72
00fc84
00fc9b
00fcaf
00fcb0
00fccb
00fcdd
00fce8
00fcfc
00fd0a
00fd11
00fd2a
00fd33
00fd46
00fd55
00fd6c
00fd78
00fd82
00fd98
00fda7
00fdb9
00fdc0
00fddb
00fde0
00fdff
00fe08
00fe1c
00fe25
00fe36
00fe4e
00fe56
00fe6b
00fe74
00fe80
00fe98
00feab
00febd
00fecd
00fed1
00fee9
00fefd
00ff0a
00ff19
00ff2a
00ff32
00ff45
00ff51
00ff63
00ff7f
00ff83
00ff99
00ffa4
00ffb7
00ffc9
00ffd5
00ffe1
00fff7
000008
000017
000020
000038
00004b
00005f
00006a
000075
000084
000098
0000ab
0000bb
0000c3
0000d8
0000e0
0000fe
000105
00011d
000129
000131
000143
00015d
00016d
000170
00018a
000197
0001ac
0001b3
0001c2
0001db
0001e1
0001fc
000201
000210
000228
000238
000241
000253
00026a
000278
000283
000295
0002a0
0002bc
0002ca
0002d1
0002e4
0002fa
00030b
00031c
000324
00033f
000341
000353
000366
000373
000389
00039b
0003ac
0003b3
0003c9
0003d8
0003eb
0003f7
000405
000411
000424
00043d
000444
000458
00046f
00047b
000483
00049f
0004a3
0004b4
0004c7
0004dd
0004e6
0004fb
000507
000518
000528
000539
000546
000559
00056c
000575
000588
000596
0005a6
0005b1
0005c7
0005d4
0005eb
0005fe
00060b
000611
00062b
00063c
000643
000657
000661
000676
00068e
00069d
0006a6
0006b7
0006c6
0006d5
0006e2
0006f6
00070b
00071f
000723
000732
000740
000759
00076c
00077d
00078c
000798
0007a1
0007bc
0007c9
0007d2
0007ef
0007f2
00080b
000812
00082f
00083b
000845
00085b
00086d
000879
000887
000890
0008a7
0008be
0008cc
0008db
0008e5
0008f0
000905
000919
00092b
00093c
000947
000957
000961
000971
00098d
000997
0009a4
0009b7
0009c9
0009df
0009e6
0009f3
000a0e
000a16
000a2f
000a3c
000a40
000a5f
000a66
000a70
000a8b
000a95
000aa7
000ab8
000aca
000ad4
000ae5
000af0
000b0a
000b16
000b2f
000b39
000b44
000b51
000b69
000b75
000b85
000b9d
000baa
000bb7
000bca
000bd2
000bef
000bfc
000c00
000c18
000c22
000c3e
000c47
000c59
000c64
000c71
000c87
000c9c
000ca8
000cb4
000cc2
000cd0
000ce9
000cf9
000d0e
000d16
000d29
000d38
000d4e
000d52
000d66
000d7d
000d8a
000d90
000dac
000dbb
000dc7
000ddd
000de6
000df0
000e0d
000e1f
000e20
000e38
000e43
000e51
000e63
000e76
000e8a
000e94
000ea8
000eb9
000ec7
000edd
000ee2
000efd
000f0e
000f12
000f2c
000f3c
000f47
000f5e
000f69
000f71
000f82
000f92
000fa9
000fbf
000fc4
000fd2
000fe3
000ff6
00100d
001012
001021
001031
001046
00105b
00106a
001072
00108f
001095
0010ad
0010bb
0010c7
0010da
0010e3
0010f3
001102
001118
001120
001131
001140
00115e
001168
001171
001187
001190
0011af
0011b0
0011c5
0011d8
0011eb
0011fc
001206
00121b
00122f
001239
001245
001254
00126a
00127e
001288
00129a
0012a0
0012b4
0012cd
0012de
0012ee
0012f6
00130b
00131a
001329
001335
001342
001355
00136a
001372
001382
00139c
0013a0
0013b0
0013ca
0013de
0013e9
0013f0
001407
001411
001422
001432
001443
001458
001460
001471
001481
001493
0014ab
0014ba
0014c4
0014d0
0014e1
0014f7
001503
00151b
00152e
00153e
001547
001552
001567
00157b
00158c
001598
0015a9
0015b8
0015c7
0015d5
0015e2
0015fc
00160d
001616
001623
00163b
001646
00165f
00166a
00167f
00168b
00169c
0016a8
0016b7
0016c1
0016da
0016ec
0016fa
00170b
00171e
00172d
001732
001741
00175f
00176f
001776
001783
00179a
0017a8
0017b6
0017c6
0017da
0017ed
0017f3
001803
00181f
00182e
001839
001844
00185f
001861
001875
00188f
00189e
0018ae
0018b4
0018cf
0018d4
0018e3
0018f6
001905
001916
00192f
001936
00194b
001955
00196c
001976
001983
001995
0019ae
0019bf
0019c0
0019dc
0019ef
0019ff
001a0d
001a11
001a2d
001a30
001a49
001a54
001a66
001a76
001a81
001a9e
001aa9
001ab8
001acb
001adf
001ae5
001af1
001b0a
001b1a
001b20
001b3c
001b4e
001b54
001b67
001b77
001b89
001b9f
001ba4
001bb4
001bca
001bdb
001bea
001bfd
001c02
001c16
001c2c
001c35
001c44
001c53
001c65
001c72
001c82
001c93
001caf
001cb4
001ccf
001cdd
001cef
001cf8
001d03
001d19
001d28
001d3c
001d43
001d5b
001d6d
001d78
001d8e
001d9d
001da5
001db7
001dc6
001dd7
001de7
001df5
001e02
001e17
001e27
001e31
001e4b
001e5a
001e63
001e77
001e85
001e9c
001ea9
001ebe
001ec6
001edf
001ee1
001ef3
001f05
001f19
001f2e
001f3d
001f4a
001f52
001f65
001f76
001f87
001f91
001faf
001fb5
001fc7
001fde
001fe4
001ffd
00200c
002013
002025
002032
00204c
00205a
002062
00207d
002087
00209a
0020ac
0020b3
0020c2
0020d3
0020e1
0020fc
00210f
002117
00212c
00213c
002140
00215c
00216e
002170
002189
00219e
0021a3
0021b5
0021c6
0021d1
0021e9
0021ff
002201
002213
00222e
002233
002249
002255
00226b
002277
00228d
002299
0022a4
0022b3
0022cd
0022db
0022ef
0022fe
00230d
002314
00232f
002336
002346
002355
00236c
00237e
00238b
002395
0023a0
0023b6
0023c3
0023dc
0023ea
0023f1
002406
00241d
00242f
002431
002441
00245e
002463
00247a
00248c
002496
0024a6
0024bd
0024ce
0024d9
0024e1
0024ff
002501
002513
002520
00253a
002544
00255c
002563
002570
00258e
002592
0025a5
0025b9
0025c4
0025db
0025e3
0025f2
00260c
002610
002621
002637
00264d
002652
002663
002677
00268f
002695
0026a4
0026b0
0026cd
0026d2
0026e0
0026f8
00270b
002719
002723
002738
002743
002757
002768
00277c
002789
002796
0027ae
0027bf
0027cf
0027da
0027e6
0027f9
00280b
002813
002821
00283e
002847
002857
00286f
00287b
00288a
002899
0028aa
0028b6
0028cb
0028d8
0028e9
0028f5
002901
00291c
002927
002933
002942
00295b
00296d
002972
002988
002994
0029a5
0029be
0029c0
0029d1
0029e1
0029f7
002a05
002a13
002a2e
002a3a
002a43
002a52
002a60
002a7f
002a85
002a90
002aab
002ab7
002ac2
002adb
002ae3
002afc
002b01
002b13
002b21
002b35
002b40
002b53
002b6d
002b75
002b81
002b97
002baa
002bb0
002bc4
002bd6
002be4
002bf9
002c0e
002c1a
002c2f
002c31
002c4a
002c51
002c67
002c78
002c8c
002c9a
002cac
002cb9
002cc9
002cd9
002ceb
002cfa
002d07
002d17
002d25
002d3b
002d4a
002d54
002d64
002d7f
002d8e
002d99
002da1
002dbc
002dcb
002dd4
002de6
002dfc
002e05
002e10
002e2d
002e3c
002e48
002e58
002e61
002e7a
002e87
002e9b
002ea6
002eb1
002ec4
002ed6
002eec
002ef8
002f03
002f17
002f23
002f36
002f4e
002f5e
002f6f
002f7a
002f87
002f95
002fa5
002fbb
002fc9
002fdd
002fe9
002ffe
00300e
00301e
00302c
00303e
003049
00305e
00306a
003072
003082
003090
0030ae
0030b9
0030ce
0030d3
0030ef
0030f1
003105
00311a
00312d
003134
003145
003156
003166
003178
003182
003197
0031ae
0031b4
0031c8
0031df
0031e9
0031f4
00320b
00321e
003221
003236
00324f
00325f
003261
003272
003287
00329e
0032ab
0032bc
0032c1
0032db
0032ef
0032fc
003303
00331d
003321
003336
003343
003353
00336f
003372
003387
00339d
0033ab
0033bc
0033c3
0033de
0033ec
0033f5
00340b
003419
003422
00343d
003440
00345c
003465
00347b
003483
003495
0034a9
0034b3
0034ce
0034d0
0034ed
0034fb
003500
003518
003524
003532
003549
003554
00356a
00357b
003582
00359d
0035a2
0035b8
0035cb
0035d1
0035e0
0035f2
00360a
003616
00362a
003639
003644
003657
003666
003671
00368f
003695
0036a6
0036b3
0036c7
0036d6
0036ef
0036f3
00370b
003715
00372a
003739
003747
00375f
003766
003773
003784
003791
0037ab
0037bf
0037c2
0037da
0037e0
0037f8
00380e
003814
003820
003834
003843
00385d
003864
00387b
003880
00389f
0038af
0038b8
0038cb
0038da
0038e2
0038f5
003902
003919
003928
003935
00394f
003955
00396b
003977
003989
003997
0039ad
0039b9
0039c7
0039d9
0039ea
0039fd
003a09
003a1f
003a21
003a3a
003a43
003a50
003a6c
003a71
003a8f
003a9d
003aab
003ab0
003ac3
003ade
003ae5
003af1
003b05
003b1f
003b23
003b3d
003b4e
003b50
003b6a
003b75
003b89
003b90
003bab
003bb3
003bc5
003bdf
003bea
003bf3
003c07
003c12
003c28
003c37
003c42
003c5a
003c6c
003c78
003c8e
003c9d
003ca4
003cba
003cc5
003cdc
003ce4
003cf5
003d0c
003d10
003d21
003d32
003d4e
003d58
003d62
003d7e
003d8d
003d9e
003da0
003db2
003dc5
003dd9
003dee
003dfc
003e07
003e11
003e2e
003e35
003e47
003e5f
003e68
003e73
003e84
003e9b
003ea6
003ebc
003ec5
003edb
003ee7
003efb
003f00
003f19
003f24
003f32
003f48
003f58
003f64
003f73
003f8a
003f9e
003fac
003fb1
003fca
003fd4
003fe6
003ff5
004009
00401e
00402b
004033
00404f
004052
004069
004074
004086
004095
0040ab
0040b9
0040cf
0040de
0040ea
0040f3
00410b
00411d
00412c
004130
004144
00415f
00416d
004174
004182
004194
0041a1
0041b9
0041c9
0041db
0041e4
0041fe
00420a
00421c
004223
00423d
004247
00425f
00426e
004274
004280
004291
0042a0
0042b7
0042c5
0042d2
0042e2
0042f4
00430b
00431a
004323
004331
00434c
004351
00436e
004371
004385
004398
0043ab
0043bd
0043cb
0043d8
0043e4
0043fa
004405
00441a
00442d
004438
00444b
00445f
004462
004475
004484
004496
0044ac
0044bf
0044c7
0044d9
0044ef
0044fa
00450d
004517
004522
004532
00454a
004551
00456d
00457d
00458f
00459d
0045a3
0045b9
0045ce
0045d3
0045e7
0045f1
004605
004614
00462a
004630
004641
004657
004669
00467c
00468a
00469d
0046a5
0046b7
0046c1
0046d3
0046e9
0046f9
00470e
004714
00472e
00473c
004743
004757
004767
00477f
004783
00479a
0047a9
0047b4
0047c1
0047df
0047ec
0047f8
00480a
004815
004824
00483d
004848
004851
004862
004871
004882
004895
0048a1
0048bf
0048c1
0048da
0048ed
0048f9
004901
004918
004927
00493a
004948
00495b
004962
004974
00498c
004991
0049a9
0049b3
0049c2
0049d9
0049e0
0049f1
004a01
004a12
004a26
004a39
004a4f
004a53
004a61
004a79
004a84
004a9d
004aad
004abb
004ac5
004ad3
004aee
004af3
004b0e
004b11
004b25
004b3b
004b41
004b5a
004b6d
004b7e
004b85
004b96
004bab
004bb6
004bcb
004bd2
004bef
004bfc
004c01
004c15
004c21
004c35
004c44
004c59
004c6a
004c76
004c81
004c9f
004cad
004cb6
004cc3
004cd9
004ce1
004cfb
004d07
004d1a
004d2a
004d3e
004d41
004d5d
004d64
004d75
004d8a
004d98
004da1
004db6
004dca
004dd8
004de5
004dfa
004e04
004e16
004e22
004e3d
004e40
004e57
004e6f
004e7c
004e8b
004e94
004eac
004ebb
004ec1
004ed3
004eef
004ef9
004f0e
004f10
004f24
004f3b
004f40
004f57
004f6f
004f78
004f85
004f9d
004fa6
004fb1
004fc3
004fd6
004fec
004ffd
005005
00501e
005028
00503e
005045
005057
005060
00507c
00508d
005096
0050a0
0050b1
0050c1
0050d9
0050ec
0050fe
005107
005112
005124
005131
00514b
00515e
00516f
005179
00518b
00519b
0051ae
0051ba
0051c7
0051d2
0051e0
0051f8
005206
00521a
005229
005237
00524d
005251
005267
005279
005284
00529a
0052ad
0052bb
0052c0
0052d5
0052e7
0052f8
005306
00531a
00532c
005334
005347
005350
00536e
00537b
00538f
00539e
0053af
0053b3
0053cb
0053db
0053e3
0053f4
00540e
005417
005421
005430
00544f
005450
005461
005476
005482
005496
0054ac
0054b9
0054ca
0054da
0054e1
0054ff
005504
005512
00552d
00553f
005540
00555b
005569
005576
005585
005590
0055ab
0055b8
0055c6
0055d5
0055e1
0055f7
005606
00561e
00562d
005632
005649
00565f
00566f
005678
005684
00569e
0056ac
0056b7
0056c9
0056de
0056e5
0056f9
005708
00571c
005727
005735
005744
005752
005764
00577f
005780
005794
0057a2
0057bc
0057c9
0057d9
0057e7
0057f2
005807
00581e
00582f
005832
005848
005851
005865
00587e
005886
00589e
0058a5
0058bd
0058cd
0058df
0058ea
0058f7
005907
005912
00592f
005934
005948
005958
00596c
005977
005984
005999
0059a1
0059bf
0059cc
0059d0
0059ea
0059f5
005a0a
005a1a
005a2c
005a35
005a43
005a5e
005a66
005a7d
005a8b
005a94
005aa2
005ab3
005ac1
005ad9
005aec
005afd
005b0d
005b15
005b22
005b37
005b4a
005b52
005b61
005b75
005b8d
005b91
005baa
005bb9
005bc4
005bd2
005be5
005bfb
005c0e
005c1c
005c24
005c38
005c43
005c54
005c67
005c78
005c85
005c91
005ca6
005cb1
005cca
005cd2
005ce2
005cfb
005d04
005d1e
005d26
005d32
005d4a
005d59
005d6a
005d79
005d8f
005d96
005dab
005dbe
005dc6
005dd1
005deb
005df4
005e0b
005e17
005e2f
005e3f
005e4d
005e5d
005e63
005e79
005e8d
005e99
005ea0
005eb7
005ec3
005ed5
005ee6
005efe
005f0d
005f11
005f23
005f38
005f49
005f5e
005f65
005f72
005f82
005f9b
005faf
005fb4
005fc1
005fda
005feb
005ffc
006002
006016
00602c
006034
006049
006050
00606e
006071
006082
00609d
0060a8
0060b2
0060cc
0060d8
0060ed
0060f9
00610a
006111
00612a
006135
00614f
006158
00616b
006177
006181
00619f
0061ad
0061b7
0061ce
0061da
0061ea
0061f8
006207
006214
00622d
006238
006242
006258
006266
006274
006283
006290
0062a3
0062bf
0062c6
0062db
0062e3
0062f5
00630b
006314
00632a
00633d
006348
00635a
006362
006371
00638e
006397
0063a6
0063b2
0063c8
0063d1
0063ea
0063fa
006408
00641c
00642e
00643a
006440
006453
00646d
00647e
00648b
006490
0064a2
0064b1
0064c1
0064de
0064eb
0064fa
00650c
006518
006521
006539
00654a
006558
00656e
00657b
006589
006599
0065ab
0065b9
0065cd
0065d0
0065e3
0065fd
00660b
006618
00662a
006633
006648
006653
006665
00667f
006688
006694
0066a3
0066bf
0066cd
0066d6
0066e0
0066f3
006706
00671d
006721
00673b
006746
006750
00676d
00677b
00678e
006791
0067a9
0067bb
0067c1
0067d3
0067e9
0067f0
006803
006817
00682b
006838
006847
00685d
006861
006876
006884
006897
0068a1
0068be
0068cb
0068de
0068e2
0068f1
00690b
006913
006928
00693d
00694d
00695f
006962
006977
006987
00699c
0069a8
0069b0
0069cc
0069d9
0069e3
0069f3
006a0c
006a13
006a2a
006a3c
006a45
006a5c
006a6a
006a78
006a8f
006a90
006aa3
006abf
006acf
006ad6
006ae0
006af0
006b0f
006b10
006b20
006b3b
006b41
006b5d
006b6f
006b79
006b84
006b9d
006ba7
006bbc
006bc1
006bd0
006bec
006bf6
006c08
006c19
006c20
006c3a
006c46
006c56
006c64
006c77
006c84
006c9d
006ca1
006cbf
006ccb
006cd3
006ce0
006cf7
006d0a
006d15
006d26
006d31
006d46
006d5b
006d6f
006d71
006d85
006d94
006da4
006db9
006dcc
006dde
006de1
006dfb
006e09
006e16
006e24
006e3d
006e48
006e53
006e65
006e75
006e8f
006e90
006ea0
006ebd
006ec8
006ed0
006ee8
006ef6
006f07
006f1a
006f2d
006f32
006f4f
006f51
006f66
006f71
006f87
006f91
006fa8
006fb4
006fca
006fd8
006fe9
006ff7
007007
007015
007029
00703d
007040
007059
00706a
00707f
00708b
007098
0070a6
0070be
0070cb
0070d0
0070ee
0070ff
007108
00711a
007126
00713c
00714d
00715a
00716a
007176
00718c
00719e
0071a0
0071bd
0071c0
0071da
0071ef
0071fc
007203
00721c
00722c
007235
007248
007250
00726f
00727c
007280
00729b
0072a8
0072b9
0072c1
0072df
0072e5
0072fd
007309
007310
00732e
00733e
007346
007353
00736a
007379
00738b
007395
0073a1
0073be
0073c3
0073dd
0073e8
0073f8
00740a
007411
00742d
007430
00744c
007457
00746c
007477
007488
00749c
0074a2
0074bc
0074c9
0074d7
0074ee
0074ff
00750e
007516
007528
007531
007543
007550
00756f
007577
007586
007592
0075a9
0075bc
0075c9
0075d1
0075eb
0075fc
007600
00761d
007626
007630
007648
00765c
00766a
007679
00768a
007693
0076a8
0076b2
0076c8
0076dc
0076e3
0076f7
007703
007711
00772a
007730
007743
007756
007764
00777c
007788
007793
0077a4
0077b9
0077c1
0077d8
0077e8
0077fe
007806
007819
007829
007833
007841
00785d
00786e
00787a
00788e
00789b
0078ad
0078b4
0078c8
0078d4
0078e1
0078f4
007907
007912
007921
00793f
007942
007955
007969
007975
007986
007990
0079a9
0079bf
0079c0
0079df
0079e0
0079fb
007a01
007a16
007a25
007a3e
007a4c
007a5c
007a62
007a74
007a8e
007a93
007aae
007ab4
007ac6
007ad1
007ae0
007af3
007b0f
007b15
007b21
007b34
007b43
007b5d
007b65
007b76
007b83
007b94
007bac
007bb8
007bc5
007bdd
007be4
007bf6
007c07
007c1b
007c29
007c3c
007c47
007c57
007c62
007c7b
007c8a
007c91
007ca2
007cb6
007cc5
007cd1
007cea
007cf5
007d04
007d12
007d2c
007d3f
007d40
007d5a
007d65
007d78
007d8d
007d98
007da8
007db6
007dcf
007dd4
007de4
007df1
007e01
007e1d
007e25
007e33
007e43
007e54
007e6a
007e77
007e81
007e97
007eac
007eba
007ec3
007ed6
007eed
007efc
007f08
007f1c
007f2f
007f33
007f4d
007f51
007f64
007f74
007f87
007f92
007fa7
007fb6
007fcf
007fd2
007fe6
007ff6
008001
00801a
008027
008031
008041
008055
008067
008074
008089
00809e
0080ab
0080b2
0080c2
0080d1
0080e2
0080f7
008106
00811b
00812c
00813f
00814c
00815b
008168
008172
008182
008195
0081ae
0081b9
0081c8
0081dc
0081eb
0081fb
00820d
008216
008229
008239
008241
008256
008269
008273
00828f
00829f
0082a9
0082b4
0082ce
0082dd
0082eb
0082f7
008306
00831d
00832a
008336
008345
008356
008360
008372
008385
008397
0083a7
0083b1
0083ce
0083d9
0083e9
0083f6
00840c
00841e
008422
00843a
008444
008457
00846a
00847d
008481
008495
0084a6
0084b0
0084c7
0084d6
0084ed
0084f6
008508
00851c
008522
00853d
008544
008554
008565
00857c
00858e
008598
0085af
0085b7
0085c0
0085d5
0085ed
0085f6
00860f
00861a
00862b
008635
008645
008652
00866d
008673
00868f
00869f
0086ae
0086b0
0086c0
0086d1
0086e7
0086f4
00870f
008710
008722
00873b
008741
00875e
008766
008774
008785
00879d
0087a0
0087b1
0087c3
0087d2
0087e6
0087fa
008806
00881e
008820
008839
008843
008850
00886f
008879
00888f
00889f
0088a0
0088b4
0088ce
0088d2
0088e0
0088fd
00890a
008914
008926
00893c
008944
00895d
00896e
008977
00898b
008998
0089af
0089bd
0089c1
0089d8
0089e3
0089f3
008a05
008a1f
008a24
008a3a
008a4a
008a5b
008a60
008a70
008a81
008a91
008aad
008ab2
008ac7
008add
008ae8
008af6
008b04
008b18
008b2a
008b34
008b47
008b57
008b6e
008b7b
008b8a
008b98
008ba6
008bb8
008bc3
008bd0
008bea
008bfb
008c08
008c1d
008c22
008c35
008c45
008c58
008c65
008c73
008c82
008c9f
008ca0
008cb1
008cc5
008cd8
008ce1
008cfa
008d0f
008d1b
008d26
008d3f
008d43
008d52
008d68
008d79
008d8c
008d93
008dab
008dbc
008dc5
008ddd
008de6
008df6
008e07
008e18
008e20
008e31
008e46
008e57
008e65
008e76
008e88
008e93
008ea8
008eba
008ecb
008ed6
008eea
008ef6
008f01
008f14
008f27
008f31
008f4b
008f58
008f64
008f73
008f88
008f99
008fa8
008fbc
008fcf
008fd5
008fe4
008ffc
009003
00901b
009024
009035
00904d
009058
009061
009073
00908c
009091
0090ae
0090b2
0090cf
0090df
0090ed
0090fb
00910a
009114
00912a
009136
009143
009150
009169
00917b
009188
00919f
0091a7
0091b6
0091cc
0091d0
0091e1
0091f0
009209
00921c
00922f
00923b
00924c
00925c
009269
009278
009280
009296
0092a8
0092be
0092cd
0092d9
0092e9
0092ff
009303
00931a
009323
009333
009345
00935c
00936e
00937d
00938c
00939d
0093a1
0093bc
0093cf
0093dd
0093eb
0093f8
009403
00941e
00942b
009436
009441
00945b
009462
009472
00948a
009498
0094a0
0094be
0094ca
0094d9
0094e7
0094f3
009508
00951a
009520
00953c
00954d
00955e
009560
009571
00958f
00959e
0095a8
0095ba
0095c6
0095dd
0095e0
0095f9
009601
009615
00962c
009630
009647
00965b
009663
00967f
00968d
00969d
0096aa
0096b4
0096ce
0096dc
0096e4
0096f3
009709
009713
00972f
009739
009740
009759
009769
009772
009788
009790
0097ac
0097b3
0097c4
0097d7
0097ef
0097f1
00980f
00981a
00982d
009839
00984b
00985f
009863
009879
00988a
00989e
0098a4
0098bc
0098c9
0098d0
0098ee
0098ff
00990b
009910
009921
00993a
00994b
00995b
009966
009978
009980
009998
0099aa
0099b9
0099c3
0099d9
0099ef
0099f9
009a00
009a14
009a2a
009a38
009a47
009a5e
009a6a
009a7c
009a81
009a9a
009aa3
009ab2
009acb
009ad5
009ae2
009af8
009b0a
009b12
009b2a
009b34
009b40
009b5e
009b63
009b7d
009b89
009b95
009ba9
009bba
009bce
009bd0
009be2
009bf0
009c0a
009c14
009c2d
009c3e
009c43
009c55
009c61
009c75
009c87
009c93
009cad
009cb0
009cc7
009cde
009ce1
009cf8
009d0f
009d1f
009d2b
009d3f
009d44
009d59
009d6a
009d7b
009d82
009d95
009da2
009db8
009dc5
009dd6
009de4
009df6
009e0b
009e19
009e2e
009e31
009e4e
009e5c
009e65
009e78
009e83
009e95
009eab
009eb6
009ecd
009ed9
009ee5
009eff
009f03
009f13
009f27
009f3d
009f43
009f5d
009f6e
009f73
009f80
009f92
009faf
009fb6
009fca
009fdf
009feb
009ff3
00a00c
00a019
00a023
00a031
00a04b
00a057
00a067
00a079
00a084
00a09e
00a0a3
00a0b2
00a0ca
00a0df
00a0e5
00a0fd
00a105
00a11e
00a127
00a13a
00a14b
00a155
00a16b
00a17b
00a180
00a19a
00a1a7
00a1b8
00a1cd
00a1db
00a1e1
00a1fb
00a20e
00a214
00a223
00a23c
00a243
00a25f
00a26f
00a27f
00a28d
00a293
00a2aa
00a2b4
00a2c4
00a2d1
00a2e7
00a2f4
00a308
00a314
00a32c
00a337
00a34d
00a35d
00a36f
00a379
00a38d
00a390
00a3a4
00a3b9
00a3c5
00a3d4
00a3e6
00a3f0
00a401
00a41e
00a42d
00a432
00a44c
00a45c
00a465
00a479
00a48d
00a49c
00a4a7
00a4b3
00a4cb
00a4d6
00a4ee
00a4f7
00a50c
00a510
00a52f
00a538
00a549
00a556
00a56c
00a57f
00a58f
00a599
00a5af
00a5b4
00a5ca
00a5d3
00a5e6
00a5f3
00a605
00a615
00a625
00a637
00a644
00a65e
00a66a
00a675
00a68e
00a69e
00a6a2
00a6bb
00a6ca
00a6de
00a6e6
00a6f8
00a707
00a71a
00a72d
00a738
00a748
00a755
00a765
00a773
00a782
00a797
00a7a0
00a7b1
00a7cb
00a7df
00a7e5
00a7fe
00a80e
00a814
00a822
00a837
00a849
00a859
00a86b
00a870
00a880
00a893
00a8a6
00a8b9
00a8cf
00a8d2
00a8ec
00a8fa
00a90f
00a91e
00a92d
00a935
00a942
00a955
00a96d
00a976
00a98c
00a990
00a9ac
00a9b3
00a9c3
00a9d3
00a9e1
00a9fd
00aa03
00aa19
00aa24
00aa34
00aa43
00aa52
00aa67
00aa71
00aa8c
00aa98
00aaa4
00aab6
00aace
00aad0
00aae3
00aaf4
00ab04
00ab1c
00ab2b
00ab3a
00ab49
00ab58
00ab61
00ab7f
00ab85
00ab9c
00aba4
00abb3
00abc5
00abdd
00abe6
00abfd
00ac0d
00ac1f
00ac28
00ac30
00ac43
00ac5f
00ac6a
00ac75
00ac8a
00ac91
00aca6
00acb2
00accb
00acdf
00ace3
00acf5
00ad04
00ad17
00ad20
00ad31
00ad4f
00ad51
00ad6c
00ad74
00ad84
00ad96
00ada7
00adb4
00adcd
00add2
00ade5
00adfc
00ae05
00ae16
00ae26
00ae36
00ae4b
00ae5a
00ae67
00ae7c
00ae8f
00ae9c
00aea2
00aeb5
00aec1
00aed7
00aee1
00aefa
00af03
00af1e
00af25
00af3c
00af46
00af55
00af6c
00af73
00af88
00af9f
00afaf
00afb8
00afc5
00afd3
00afef
00affc
00b00a
00b01e
00b02b
00b03e
00b04e
00b05f
00b062
00b077
00b085
00b09b
00b0ac
00b0bd
00b0c9
00b0d8
00b0e1
00b0fa
00b106
00b116
00b125
00b13a
00b147
00b156
00b162
00b17f
00b185
00b194
00b1a6
00b1b4
00b1cf
00b1d7
00b1e7
00b1f8
00b20e
00b219
00b226
00b23d
00b246
00b252
00b26b
00b276
00b28e
00b296
00b2a1
00b2b3
00b2c4
00b2db
00b2e9
00b2f8
00b30b
00b319
00b32c
00b33c
00b34d
00b355
00b363
00b37b
00b384
00b39a
00b3a9
00b3b6
00b3c3
00b3d8
00b3eb
00b3fc
00b402
00b415
00b426
00b433
00b44f
00b456
00b46f
00b47d
00b48c
00b491
00b4ae
00b4b8
00b4c8
00b4db
00b4ee
00b4f9
00b50f
00b512
00b522
00b533
00b542
00b557
00b565
00b572
00b581
00b59e
00b5ac
00b5bc
00b5c5
00b5d0
00b5e0
00b5ff
00b602
00b617
00b62f
00b63c
00b648
00b65e
00b66b
00b67d
00b687
00b692
00b6a3
00b6b7
00b6c2
00b6d6
00b6ee
00b6ff
00b703
00b714
00b72f
00b73d
00b746
00b755
00b760
00b77c
00b78c
00b798
00b7a9
00b7bd
00b7c4
00b7df
00b7e3
00b7f5
00b80f
00b81d
00b827
00b839
00b84e
00b854
00b864
00b87b
00b887
00b894
00b8a5
00b8ba
00b8c5
00b8d2
00b8ec
00b8f5
00b906
00b913
00b925
00b931
00b94b
00b95e
00b96e
00b974
00b988
00b990
00b9ad
00b9ba
00b9c9
00b9d5
00b9e6
00b9fb
00ba03
00ba18
00ba28
00ba3e
00ba45
00ba53
00ba6e
00ba75
00ba87
00ba9c
00baa2
00bab4
00bac2
00badd
00bae7
00baf0
00bb0b
00bb17
00bb21
00bb31
00bb44
00bb5a
00bb67
00bb72
00bb8d
00bb9b
00bbac
00bbb5
00bbc7
00bbd1
00bbe2
00bbf4
00bc0a
00bc15
00bc27
00bc3e
00bc42
00bc54
00bc61
00bc74
00bc8a
00bc91
00bcab
00bcb0
00bccc
00bcd3
00bce6
00bcf0
00bd0b
00bd1c
00bd2a
00bd3b
00bd4f
00bd50
00bd61
00bd7a
00bd8c
00bd9f
00bda8
00bdb4
00bdcc
00bddb
00bde3
00bdf4
00be0b
00be14
00be2b
00be31
00be46
00be52
00be6a
00be72
00be80
00be9e
00bea7
00beb7
00bece
00bed6
00bee9
00bef2
00bf09
00bf16
00bf25
00bf3f
00bf4f
00bf56
00bf64
00bf7e
00bf86
00bf9a
00bfaa
00bfb9
00bfc4
00bfde
00bfeb
00bff2
00c00a
00c011
00c022
00c039
00c041
00c05f
00c068
00c07e
00c083
00c09f
00c0a0
00c0b8
00c0c9
00c0d6
00c0e7
00c0f5
00c108
00c111
00c12e
00c131
00c142
00c15c
00c165
00c171
00c187
00c19b
00c1ad
00c1b7
00c1cd
00c1d7
00c1e9
00c1f0
00c20d
00c219
00c222
00c23f
00c243
00c256
00c261
00c274
00c288
00c295
00c2a5
00c2ba
00c2cf
00c2d4
00c2e5
00c2f5
00c30f
00c315
00c323
00c337
00c349
00c359
00c36a
00c37d
00c383
00c398
00c3a5
00c3b9
00c3c1
00c3d5
00c3ea
00c3f9
00c40a
00c41c
00c42c
00c43c
00c44a
00c457
00c464
00c47a
00c48f
00c496
00c4a3
00c4bc
00c4c1
00c4db
00c4e1
00c4f5
00c50e
00c514
00c529
00c531
00c540
00c558
00c56e
00c578
00c58e
00c59d
00c5a7
00c5b0
00c5c2
00c5da
00c5e2
00c5f4
00c600
00c61e
00c62d
00c634
00c644
00c65c
00c661
00c67d
00c68d
00c69b
00c6a3
00c6ba
00c6c3
00c6d4
00c6e1
00c6f2
00c702
00c711
00c72f
00c734
00c74c
00c754
00c762
00c779
00c783
00c79e
00c7a5
00c7be
00c7c1
00c7d1
00c7e1
00c7f6
00c809
00c81d
00c826
00c832
00c840
00c85c
00c869
00c87e
00c880
00c896
00c8ac
00c8b4
00c8ca
00c8da
00c8e9
00c8f7
00c904
00c91c
00c924
00c93c
00c940
00c95e
00c967
00c97d
00c989
00c992
00c9aa
00c9b0
00c9cc
00c9d0
00c9ed
00c9fa
00ca0e
00ca11
00ca28
00ca37
00ca4f
00ca5b
00ca61
00ca73
00ca8d
00ca9e
00caaa
00cabd
00cac1
00cada
00cae2
00cafe
00cb05
00cb1d
00cb2a
00cb3b
00cb44
00cb5b
00cb6b
00cb71
00cb86
00cb99
00cba0
00cbb5
00cbc8
00cbdf
00cbe2
00cbff
00cc01
00cc15
00cc2b
00cc30
00cc47
00cc5e
00cc65
00cc76
00cc86
00cc95
00cca1
00ccbd
00ccc1
00ccda
00ccee
00ccf0
00cd0c
00cd19
00cd27
00cd3d
00cd45
00cd59
00cd60
00cd7e
00cd80
00cd9f
00cdae
00cdb3
00cdc1
00cddc
00cde6
00cdfa
00ce0f
00ce19
00ce24
00ce38
00ce44
00ce56
00ce60
00ce79
00ce8e
00ce9d
00ceac
00cebb
00cec8
00ced1
00cee8
00cef2
00cf08
00cf1f
00cf29
00cf30
00cf45
00cf57
00cf6b
00cf7c
00cf8d
00cf9a
00cfa2
00cfb6
00cfcc
00cfd0
00cfe7
00cff9
00d004
00d01b
00d020
00d038
00d04b
00d056
00d067
00d076
00d081
00d09c
00d0af
00d0b1
00d0c5
00d0d1
00d0e7
00d0f3
00d10d
00d117
00d123
00d130
00d14d
00d154
00d16c
00d176
00d186
00d197
00d1a9
00d1bd
00d1c2
00d1dd
00d1e4
00d1f5
00d208
00d21f
00d225
00d23b
00d24f
00d259
00d267
00d273
00d28e
00d293
00d2ad
00d2bb
00d2c2
00d2dd
00d2e7
00d2fb
00d301
00d310
00d329
00d330
00d341
00d352
00d368
00d371
00d38f
00d399
00d3a2
00d3bd
00d3c7
00d3d8
00d3eb
00d3f7
00d40f
00d416
00d420
00d43e
00d446
00d45d
00d469
00d473
00d486
00d49e
00d4a4
00d4b8
00d4ce
00d4d4
00d4e7
00d4f0
00d50d
00d511
00d528
00d538
00d549
00d552
00d567
00d575
00d58f
00d592
00d5a4
00d5b3
00d5c2
00d5d3
00d5ef
00d5f5
00d602
00d61e
00d624
00d63b
00d643
00d657
00d66f
00d67a
00d680
00d69e
00d6af
00d6b9
00d6c7
00d6d5
00d6e7
00d6fe
00d70a
00d714
00d721
00d73a
00d74d
00d755
00d76f
00d771
00d783
00d797
00d7ae
00d7ba
00d7c0
00d7df
00d7e3
00d7f7
00d80f
00d81d
00d824
00d830
00d843
00d855
00d864
00d87c
00d88a
00d896
00d8a7
00d8b0
00d8c9
00d8dc
00d8eb
00d8f5
00d905
00d916
00d923
00d93a
00d945
00d955
00d96c
00d975
00d983
00d995
00d9ac
00d9ba
00d9c3
00d9d5
00d9e7
00d9fb
00da0e
00da1a
00da2e
00da3f
00da43
00da5d
00da62
00da7e
00da83
00da91
00daa4
00dab6
00daca
00dad1
00daee
00daf0
00db0c
00db15
00db29
00db34
00db41
00db54
00db66
00db7f
00db82
00db94
00dba1
00dbb5
00dbc7
00dbd2
00dbe0
00dbf3
00dc0c
00dc1d
00dc21
00dc36
00dc48
00dc59
00dc68
00dc7a
00dc86
00dc98
00dca3
00dcb3
00dcc0
00dcdc
00dcee
00dcfb
00dd03
00dd19
00dd2b
00dd34
00dd43
00dd59
00dd66
00dd7c
00dd83
00dd91
00dda0
00ddbb
00ddc9
00dddc
00dde2
00ddf4
00de08
00de1a
00de23
00de33
00de49
00de52
00de67
00de79
00de81
00de9b
00dea0
00debe
00dec4
00ded2
00deed
00defe
00df0d
00df18
00df22
00df35
00df45
00df5e
00df6c
00df7e
00df85
00df90
00dfa3
00dfb6
00dfcf
00dfd6
00dfef
00dffb
00e005
00e01c
00e029
00e037
00e04b
00e05c
00e064
00e077
00e081
00e093
00e0a8
00e0b4
00e0cd
00e0df
00e0ed
00e0fc
00e10d
00e110
00e121
00e13c
00e146
00e158
00e168
00e17d
00e189
00e19d
00e1a5
00e1b4
00e1c9
00e1d3
00e1eb
00e1f2
00e20a
00e219
00e222
00e239
00e24f
00e258
00e26c
00e27a
00e282
00e290
00e2a4
00e2b0
00e2c3
00e2dd
00e2e4
00e2fc
00e304
00e311
00e323
00e334
00e348
00e353
00e36f
00e37d
00e38f
00e39d
00e3a0
00e3b3
00e3c9
00e3d5
00e3e1
00e3f0
00e409
00e41a
00e426
00e436
00e44b
00e453
00e46a
00e47f
00e48a
00e498
00e4a6
00e4bf
00e4c7
00e4de
00e4e6
00e4f7
00e50b
00e514
00e52f
00e53d
00e548
00e55c
00e56d
00e575
00e584
00e59f
00e5aa
00e5b6
00e5c5
00e5d5
00e5ea
00e5f5
00e603
00e611
00e626
00e63d
00e640
00e655
00e66f
00e67c
00e688
00e69d
00e6a1
00e6ba
00e6c1
00e6d4
00e6e2
00e6fb
00e70c
00e71a
00e728
00e735
00e747
00e757
00e76c
00e77d
00e783
00e796
00e7a8
00e7ba
00e7c1
00e7d7
00e7e7
00e7f8
00e804
00e81e
00e822
00e83e
00e844
00e857
00e86d
00e87e
00e88b
00e897
00e8a6
00e8bf
00e8cd
00e8d2
00e8e8
00e8f3
00e901
00e910
00e92c
00e93d
00e942
00e95e
00e968
00e97b
00e983
00e99e
00e9ab
00e9b4
00e9c6
00e9df
00e9ef
00e9f7
00ea0b
00ea1a
00ea29
00ea34
00ea4f
00ea56
00ea61
00ea71
00ea82
00ea92
00eaa7
00eab6
00eac9
00eadb
00eaeb
00eaf1
00eb0e
00eb19
00eb20
00eb3b
00eb4f
00eb5b
00eb66
00eb7e
00eb8e
00eb91
00eba3
00ebba
00ebcc
00ebdd
00ebec
00ebfa
00ec06
00ec18
00ec24
00ec37
00ec4e
00ec50
00ec62
00ec78
00ec8a
00ec94
00eca3
00ecb9
00ecc7
00ecd1
00ece0
00ecfa
00ed03
00ed1b
00ed27
00ed3b
00ed44
00ed57
00ed6d
00ed78
00ed82
00ed9a
00eda1
00edb0
00edce
00edd5
00ede2
00edfd
00ee0f
00ee11
00ee26
00ee3a
00ee4d
00ee56
00ee60
00ee75
00ee8f
00ee90
00eea6
00eeb4
00eec5
00eed7
00eee7
00eef5
00ef00
00ef10
00ef23
00ef3c
00ef4e
00ef5b
00ef61
00ef7e
00ef8f
00ef99
00efa6
00efb8
00efc4
00efd5
00efe9
00eff4
00f00f
00f01d
00f02b
00f036
00f04a
00f053
00f062
00f07e
00f086
00f098
00f0a9
00f0b3
00f0c0
00f0d1
00f0e0
00f0f2
00f106
00f118
00f123
00f13d
00f149
00f151
00f167
00f173
00f184
00f19a
00f1a0
00f1b5
00f1c9
00f1d0
00f1e6
00f1f0
00f20f
00f210
00f224
00f235
00f248
00f257
00f265
00f27b
00f281
00f29e
00f2a3
00f2b7
00f2cf
00f2dc
00f2e9
00f2f3
00f308
00f316
00f324
00f332
00f34d
00f350
00f364
00f375
00f38b
00f39d
00f3a2
00f3bd
00f3c7
00f3df
00f3ef
00f3f9
00f403
00f41a
00f423
00f437
00f44b
00f455
00f464
00f477
00f48e
00f498
00f4a2
00f4b8
00f4c4
00f4d3
00f4e7
00f4fd
00f506
00f51e
00f524
00f532
00f549
00f550
00f564
00f572
00f588
00f597
00f5a0
00f5bd
00f5c8
00f5d5
00f5eb
00f5fc
00f606
00f613
00f62f
00f639
00f64b
00f653
00f66e
00f67a
00f689
00f695
00f6a4
00f6bc
00f6c7
00f6d5
00f6ed
00f6ff
00f707
00f71a
00f724
00f730
00f748
00f75a
00f760
00f77e
00f78a
00f79a
00f7ad
00f7b4
00f7ce
00f7dc
00f7e1
00f7f0
00f803
00f812
00f826
00f83b
00f84b
00f85d
00f86b
00f87a
00f883
00f89e
00f8a8
00f8bf
00f8cc
00f8da
00f8e2
00f8f5
00f907
00f91a
00f922
00f934
00f946
00f957
00f960
00f973
00f98b
00f99f
00f9a6
00f9b7
00f9c3
00f9d5
00f9e2
00f9f0
00fa04
00fa1b
00fa29
00fa3a
00fa4c
00fa5d
00fa61
00fa79
00fa8c
00fa97
00faaa
00fab1
00fac1
00fad5
00faef
00faf4
00fb09
00fb10
00fb2c
00fb36
00fb46
00fb50
00fb6d
00fb73
00fb8e
00fb91
00fba7
00fbbc
00fbc5
00fbd7
00fbe8
00fbff
00fc07
00fc1f
00fc21
00fc33
00fc44
00fc54
00fc6d
00fc76
00fc89
00fc92
00fcab
00fcb1
00fcc1
00fcd2
00fcea
00fcf7
00fd06
00fd17
00fd2c
00fd3f
00fd45
00fd5f
00fd66
00fd74
00fd83
00fd95
00fda0
00fdb5
00fdc7
00fdd2
00fde1
00fdfe
00fe0f
00fe16
00fe22
00fe36
00fe46
00fe5e
00fe6e
00fe79
00fe83
00fe9a
00fea2
00feba
00fec8
00fede
00fee7
00fef7
00ff00
00ff1f
00ff24
00ff3b
00ff41
00ff51
00ff66
00ff74
00ff8e
00ff9c
00ffad
00ffbe
00ffca
00ffd6
00ffeb
00fffd
00000a
000017
000028
000038
000048
00005b
00006a
000077
000086
000098
0000a8
0000b1
0000c7
0000d4
0000e1
0000f9
00010f
000112
000129
000139
000145
00015f
000164
000177
000189
000191
0001af
0001be
0001c7
0001de
0001e8
0001ff
00020b
00021e
00022c
000239
00024b
000259
00026b
000279
00028e
00029a
0002a4
0002bb
0002cd
0002d9
0002e6
0002fd
000304
000315
00032f
00033b
00034b
000357
000363
00037a
00038e
00039e
0003a6
0003be
0003c9
0003d3
0003e4
0003fb
000407
000411
000426
000430
000444
00045b
00046e
00047e
000482
000491
0004ad
0004ba
0004c5
0004da
0004e2
0004fc
000505
00051d
000529
000532
000549
00055a
00056b
000576
00058b
00059b
0005a2
0005bf
0005c4
0005d1
0005e5
0005ff
000602
000610
00062d
00063b
000649
000655
000667
000677
00068d
000690
0006a0
0006bd
0006cb
0006da
0006ef
0006f0
000701
00071b
000721
00073c
000743
000757
00076c
000775
000784
000792
0007a8
0007b1
0007c9
0007d0
0007ef
0007fa
000808
00081b
00082c
00083d
000841
000858
000861
000874
000881
000892
0008a1
0008bb
0008c8
0008d2
0008ea
0008f5
00090e
000917
00092f
000938
00094f
00095a
000962
000972
000981
000993
0009aa
0009b5
0009c0
0009df
0009ef
0009f2
000a0c
000a1e
000a21
000a37
000a47
000a5f
000a60
000a70
000a8e
000a92
000aa7
000abe
000ac0
000ad6
000ae6
000af3
000b0e
000b19
000b2b
000b32
000b42
000b54
000b61
000b7d
000b87
000b92
000bae
000bb4
000bc8
000bd9
000be0
000bf9
000c0c
000c11
000c22
000c31
000c45
000c51
000c6f
000c73
000c8d
000c99
000ca4
000cb4
000cc9
000cd5
000ce3
000cf2
000d0e
000d1d
000d22
000d3e
000d4b
000d51
000d64
000d78
000d8d
000d95
000daa
000db1
000dc3
000dd1
000de1
000dfe
000e0a
000e17
000e2f
000e33
000e42
000e59
000e64
000e7f
000e88
000e98
000eac
000ebb
000eca
000ed0
000ee5
000ef2
000f0a
000f11
000f28
000f3e
000f45
000f5c
000f6a
000f7b
000f85
000f97
000fa5
000fb9
000fce
000fda
000fee
000ffc
001009
00101a
001024
001038
001042
00105d
00106a
00107a
00108c
00109b
0010aa
0010b3
0010cf
0010d5
0010ec
0010f7
001109
001112
00112b
001130
00114c
001151
001161
001174
001186
001199
0011ab
0011b9
0011c6
0011da
0011e4
0011f5
00120a
00121d
001222
00123c
00124b
001251
001267
001271
001280
001294
0012aa
0012b6
0012ce
0012d3
0012e3
0012f4
001306
001319
001328
001333
001341
00135c
001362
001374
001386
001393
0013ae
0013ba
0013c1
0013d5
0013e4
0013f2
001400
001411
001429
00143e
001448
00145e
00146c
00147a
001483
001499
0014a9
0014b2
0014ca
0014d7
0014e8
0014fe
001501
001516
00152d
001538
001545
00155f
001562
00157f
001589
001595
0015ab
0015be
0015c0
0015da
0015e1
0015f7
001609
001611
001629
001637
00164a
001659
001667
00167c
00168c
001694
0016a2
0016b7
0016ca
0016d3
0016ec
0016f6
001706
001712
00172a
001737
001743
001754
001766
00177e
00178c
00179d
0017ad
0017b0
0017c1
0017dd
0017eb
0017fb
001803
00181e
001829
001833
001842
001852
00186a
001876
001889
001893
0018a3
0018b1
0018c0
0018d0
0018e3
0018fb
00190a
001915
00192d
001932
00194c
001950
00196b
001970
001989
001991
0019a1
0019b2
0019c9
0019dd
0019e1
0019f1
001a0a
001a1e
001a29
001a31
001a4a
001a52
001a69
001a71
001a83
001a96
001aa7
001ab7
001ac2
001ad6
001ae9
001afb
001b0d
001b18
001b23
001b3e
001b4f
001b58
001b68
001b71
001b88
001b90
001baf
001bbb
001bc4
001bd5
001be4
001bf5
001c02
001c16
001c28
001c35
001c44
001c54
001c66
001c78
001c80
001c93
001ca0
001cbe
001ccb
001cd8
001cea
001cf1
001d0f
001d17
001d28
001d3a
001d49
001d56
001d6a
001d75
001d88
001d99
001da6
001db1
001dcc
001dd5
001de6
001df1
001e02
001e15
001e26
001e3b
001e4f
001e56
001e61
001e7a
001e88
001e95
001eaf
001eb7
001ecc
001ed3
001ee4
001ef2
001f0c
001f1b
001f2e
001f33
001f4f
001f52
001f6f
001f7d
001f8b
001f92
001fa4
001fba
001fc8
001fd4
001fe4
001ffd
00200a
002017
00202b
00203f
00204c
002057
002063
002078
00208c
002099
0020a1
0020ba
0020c1
0020d3
0020e6
0020f5
002100
002116
00212b
00213c
00214a
00215f
002161
002179
00218b
002190
0021ae
0021ba
0021cb
0021d0
0021e7
0021f5
00220f
002211
00222e
002234
002244
002255
00226e
002279
00228c
002292
0022a2
0022b1
0022c7
0022d4
0022ec
0022fa
002305
00231d
002327
00233f
00234a
00235a
002369
00237b
00238a
002395
0023a0
0023b1
0023c6
0023df
0023e5
0023f6
002406
002414
00242c
00243e
00244a
002459
00246e
00247e
00248b
00249f
0024a4
0024b8
0024c7
0024d8
0024e9
0024f6
002502
002516
002522
002530
002547
002553
002569
002578
002587
002599
0025ac
0025b5
0025c9
0025db
0025e5
0025fa
002604
002614
002625
002639
00264d
002652
00266e
00267e
002682
00269e
0026a9
0026b4
0026c7
0026d1
0026e5
0026f1
002709
00271a
002720
00273e
00274b
002757
00276e
00277f
00278d
00279c
0027af
0027b7
0027c5
0027d1
0027e3
0027f9
00280a
002814
002823
002838
00284a
002852
00286b
002879
002883
002895
0028a0
0028bd
0028c7
0028d2
0028ef
0028f9
00290b
002912
002923
002939
002942
002956
002964
002972
002980
002993
0029ae
0029ba
0029c5
0029db
0029ed
0029f8
002a0a
002a13
002a2c
002a3d
002a4c
002a55
002a62
002a76
002a86
002a9c
002aa9
002abd
002ace
002adf
002ae3
002af8
002b01
002b14
002b22
002b38
002b46
002b5d
002b6e
002b73
002b86
002b9b
002ba2
002bb1
002bc5
002bdc
002bec
002bf9
002c02
002c17
002c22
002c3b
002c4c
002c58
002c6f
002c71
002c8a
002c92
002cad
002cbf
002cca
002cdc
002ced
002cf5
002d07
002d15
002d2d
002d30
002d43
002d54
002d66
002d7b
002d8f
002d97
002dac
002db9
002dc3
002dd6
002def
002df9
002e0b
002e15
002e27
002e37
002e4e
002e5a
002e67
002e7b
002e8d
002e9b
002ea3
002ebe
002ecd
002edd
002eeb
002ef8
002f00
002f14
002f2c
002f30
002f47
002f5a
002f6e
002f7c
002f86
002f9e
002faa
002fba
002fc9
002fda
002fe7
002ff6
00300b
003012
003026
003031
003042
003050
003065
003071
00308e
00309f
0030a3
0030b1
0030cc
0030d7
0030e7
0030fc
003102
003117
003128
00313a
003141
003156
00316a
00317b
00318f
00319d
0031a2
0031b0
0031c3
0031d1
0031ee
0031fb
003209
003216
00322f
003237
00324f
00325b
003264
003270
003287
00329f
0032a3
0032bf
0032ca
0032de
0032e0
0032f6
00330e
003313
00332e
003337
00334c
003356
003366
003375
00338e
003399
0033af
0033b8
0033c5
0033d7
0033e1
0033f5
003400
003414
003429
00343b
00344d
00345b
003469
003479
003489
00349e
0034a9
0034bd
0034c6
0034dc
0034e9
0034f1
003500
003516
003527
003535
003547
003555
003560
003573
003589
00359b
0035a8
0035bd
0035c0
0035d2
0035e1
0035f5
003600
003612
003620
003636
00364a
003654
00366a
00367e
003683
003690
0036a7
0036bc
0036cc
0036db
0036e6
0036f9
003708
003718
00372b
00373b
00374a
003755
003763
00377b
003781
003799
0037a3
0037b7
0037ca
0037da
0037e0
0037f8
003800
00381d
00382d
00383d
00384b
00385a
003867
003870
003881
003895
0038a6
0038b8
0038c7
0038d6
0038e3
0038f1
00390c
003918
003923
003932
003940
00395c
00396f
003977
00398d
003991
0039a3
0039b7
0039cd
0039d0
0039e7
0039f9
003a05
003a16
003a23
003a33
003a48
003a56
003a69
003a71
003a87
003a9f
003aaa
003ab3
003ac4
003ad8
003aef
003af1
003b04
003b1b
003b20
003b36
003b42
003b5b
003b6e
003b7e
003b86
003b9f
003ba4
003bb0
003bcf
003bd8
003be7
003bff
003c01
003c16
003c27
003c3e
003c4c
003c5f
003c6b
003c79
003c8f
003c93
003ca9
003cb9
003cc4
003cd3
003cea
003cff
003d01
003d12
003d21
003d37
003d46
003d5b
003d6e
003d78
003d88
003d96
003dad
003db3
003dc0
003ddc
003de4
003dfc
003e07
003e1a
003e29
003e31
003e45
003e51
003e63
003e7d
003e84
003e9d
003ea9
003eb2
003ec8
003ed7
003ee8
003efd
003f08
003f1b
003f2c
003f38
003f42
003f52
003f60
003f7d
003f83
003f99
003fa5
003fb9
003fc0
003fd9
003fe4
003ff1
004002
00401f
004022
004035
00404b
004052
004062
00407d
00408c
00409e
0040a2
0040b6
0040ca
0040de
0040ee
0040f0
004107
004114
004124
00413b
004148
004150
00416b
004178
00418e
004195
0041a1
0041b9
0041c1
0041da
0041e9
0041f3
004206
00421b
004227
004232
00424f
00425d
004265
00427b
004289
004293
0042a0
0042b3
0042c7
0042d6
0042eb
0042fd
004302
00431f
004320
00433b
004342
00435c
004362
004378
00438a
00439d
0043ae
0043ba
0043c2
0043d5
0043e4
0043f0
004405
004412
004420
004436
00444c
00445d
004467
004479
00448c
004493
0044a0
0044b6
0044c2
0044d5
0044e7
0044f3
00450f
004517
004523
004533
004544
004559
00456d
004576
004581
00459a
0045ab
0045bf
0045c8
0045d1
0045ea
0045f2
004608
00461c
004620
00463d
004644
004657
00466c
004671
00468f
004698
0046a8
0046ba
0046c2
0046d7
0046e7
0046fa
004701
00471d
00472b
004736
004740
004754
004766
00477d
004784
00479d
0047af
0047bb
0047c5
0047d0
0047e7
0047fe
00480f
004811
004822
004836
004843
004858
004867
004872
00488b
004891
0048ab
0048b5
0048ce
0048d4
0048e4
0048f2
00490a
004917
004920
00493e
004941
004958
00496a
00497c
004981
00499e
0049ad
0049bb
0049c1
0049df
0049e0
0049fd
004a09
004a16
004a21
004a3a
004a4c
004a5b
004a66
004a7d
004a86
004a91
004aa1
004ab1
004ac8
004ad0
004ae0
004aff
004b0a
004b17
004b2f
004b32
004b4f
004b5a
004b6f
004b7c
004b88
004b96
004bab
004bbd
004bc9
004bd5
004be7
004bf3
004c03
004c19
004c2a
004c37
004c49
004c5f
004c6c
004c74
004c8a
004c95
004cad
004cb9
004cc6
004cd7
004ce3
004cf1
004d0c
004d19
004d2e
004d31
004d4b
004d5f
004d6f
004d79
004d8a
004d97
004da0
004db2
004dcf
004dd1
004dee
004df1
004e07
004e1f
004e2f
004e30
004e4e
004e59
004e66
004e73
004e8f
004e9f
004ea2
004ebe
004ec9
004ed5
004eea
004ef2
004f0e
004f12
004f29
004f34
004f47
004f58
004f68
004f72
004f8c
004f9e
004fa4
004fb4
004fcd
004fde
004fe9
004ff2
005005
005016
005025
005036
00504b
005058
005062
00507f
005086
005094
0050a6
0050b6
0050ca
0050d4
0050ee
0050f0
00510a
00511a
00512d
00513e
005149
005158
005162
005172
005186
005194
0051ae
0051be
0051ca
0051da
0051e7
0051f3
00520a
00521f
005223
005235
005245
00525a
005263
00527a
00528c
005291
0052a2
0052b3
0052c2
0052d5
0052e2
0052f6
00530c
00531b
00532d
00533e
00534c
00535a
005365
005370
005384
005395
0053a5
0053b4
0053cf
0053d4
0053ef
0053f8
00540c
005412
005422
005430
00544a
005457
005467
005479
005485
005493
0054a0
0054b9
0054c9
0054df
0054eb
0054fa
005503
00551d
005522
005538
00554a
00555c
005563
005579
005589
005596
0055a4
0055be
0055c2
0055d4
0055e3
0055f3
00560e
00561c
00562e
005631
00564e
00565a
00566c
005675
005684
00569a
0056a8
0056b1
0056c7
0056d7
0056eb
0056fe
005709
005714
005728
005735
00574b
005753
005762
00577d
00578d
005792
0057ac
0057be
0057c2
0057dd
0057e0
0057f9
005806
005811
005822
00583c
00584b
005858
00586a
005872
005885
005890
0058ae
0058bc
0058c8
0058da
0058e4
0058f9
00590e
005913
005922
005932
00594f
005955
005963
005972
00598a
005993
0059ab
0059b4
0059c1
0059d3
0059e1
0059fb
005a09
005a1e
005a24
005a3d
005a46
005a54
005a61
005a71
005a8e
005a9f
005aa4
005ab5
005ac2
005adb
005aeb
005aff
005b0b
005b1a
005b20
005b37
005b45
005b5e
005b6c
005b7d
005b8f
005b97
005ba5
005bb0
005bce
005bda
005be1
005bf7
005c03
005c16
005c2d
005c34
005c48
005c5c
005c61
005c74
005c89
005c95
005ca5
005cbb
005cc3
005cda
005ced
005cfd
005d0c
005d1b
005d2a
005d36
005d4c
005d5f
005d6d
005d7e
005d8b
005d99
005daf
005db2
005dc4
005dda
005def
005df0
005e0a
005e11
005e26
005e34
005e42
005e52
005e64
005e7a
005e87
005e90
005eaa
005ebf
005ec1
005ed0
005ee6
005ef3
005f0b
005f1e
005f2f
005f3a
005f41
005f5c
005f68
005f7c
005f86
005f9e
005fae
005fb4
005fc0
005fd0
005fed
005ff4
00600e
006011
006022
00603a
00604c
00605c
006060
006074
00608e
006090
0060a7
0060b9
0060c7
0060d1
0060e7
0060fe
00610d
006117
00612b
006138
00614d
00615a
006165
006175
006186
006192
0061a7
0061b6
0061ce
0061df
0061e5
0061fd
006202
00621a
006229
006236
006247
006256
006262
006276
006288
006297
0062a3
0062b0
0062cb
0062dd
0062e1
0062f1
006309
006314
00632e
006337
00634c
006353
006365
00637f
00638f
006390
0063ad
0063b3
0063c1
0063d5
0063e9
0063fe
00640e
006410
006425
006433
006440
006456
00646d
006471
006489
006491
0064a4
0064b0
0064ce
0064df
0064e3
0064f0
006501
006514
00652c
00653f
006542
006559
00656f
00657c
006582
006593
0065a8
0065ba
0065c6
0065d5
0065e0
0065f9
00660f
006612
006628
006634
006646
006654
006667
006677
006687
006696
0066a9
0066bd
0066c2
0066dc
0066e9
0066f6
006703
00671c
006725
006735
006748
00675f
006764
006776
00678c
006792
0067a4
0067b3
0067c0
0067d4
0067eb
0067f8
006807
00681f
006826
006832
006849
006852
006860
00687c
006882
006894
0068a7
0068be
0068cd
0068d1
0068e2
0068f5
00690a
006915
006926
006932
00694c
00695c
006969
006977
006984
006998
0069aa
0069b5
0069ca
0069d4
0069e5
0069f8
006a0a
006a16
006a21
006a3e
006a40
006a55
006a68
006a7a
006a81
006a95
006aa0
006abc
006ac9
006adb
006ae3
006afc
006b0d
006b1d
006b28
006b31
006b4d
006b55
006b6c
006b77
006b8a
006b98
006bac
006bb6
006bca
006bd0
006bed
006bfa
006c0a
006c1f
006c21
006c3d
006c45
006c59
006c64
006c70
006c89
006c95
006ca4
006cb1
006cc4
006cdf
006ce2
006cf1
006d01
006d15
006d21
006d3d
006d44
006d59
006d64
006d71
006d85
006d9b
006dac
006db9
006dc7
006dd1
006deb
006df0
006e04
006e13
006e26
006e3e
006e4c
006e58
006e6e
006e7a
006e80
006e94
006ea9
006eb0
006ec7
006edc
006ee1
006ef8
006f0c
006f16
006f26
006f3e
006f44
006f5e
006f67
006f79
006f80
006f9f
006fae
006fb6
006fc2
006fd6
006fe7
006ff3
00700d
007012
007020
00703a
00704c
00705d
00706e
00707d
007082
007095
0070a1
0070b6
0070cc
0070d9
0070e8
0070fd
007105
007112
007121
007133
00714f
007156
00716a
00717e
007186
007190
0071a7
0071ba
0071c3
0071df
0071ec
0071f1
007204
00721c
007226
00723f
00724a
00725a
007268
007276
007289
00729e
0072a3
0072b1
0072c8
0072d8
0072e3
0072f5
007303
007316
00732d
007337
007342
00735b
007367
007372
007388
007399
0073ab
0073b7
0073c5
0073d0
0073e9
0073fe
00740f
00741b
00742f
007435
007444
007459
007460
007471
007485
00749c
0074af
0074b3
0074c5
0074d1
0074e4
0074fa
007500
007516
007523
007537
007540
007556
00756e
00757c
00758a
007599
0075ae
0075bd
0075c1
0075d8
0075e2
0075fe
007606
007614
007627
00763a
007644
00765c
007666
007673
007684
007693
0076ac
0076bb
0076cf
0076df
0076e1
0076fa
007707
00771e
007725
00773b
007745
00775f
00776e
007773
007787
007795
0077ab
0077bd
0077c0
0077da
0077e3
0077f2
00780a
007818
007821
007833
007849
007852
007864
007873
007886
00789d
0078a6
0078bf
0078c8
0078dc
0078e1
0078f8
007907
00791c
007921
007936
007945
00795b
00796f
007976
007983
00799d
0079ac
0079b8
0079ca
0079d6
0079ee
0079fa
007a0e
007a17
007a23
007a3d
007a4c
007a59
007a67
007a75
007a85
007a99
007aae
007ab9
007ac4
007adb
007aef
007afc
007b05
007b14
007b2c
007b31
007b4c
007b50
007b68
007b78
007b89
007b93
007baa
007bb6
007bc4
007bd1
007be4
007bfd
007c05
007c15
007c2c
007c30
007c40
007c5f
007c6d
007c73
007c81
007c9e
007ca3
007cb9
007cc6
007cd1
007ce0
007cfb
007d0f
007d15
007d2f
007d33
007d47
007d59
007d64
007d79
007d87
007d9c
007da6
007db3
007dc6
007dd4
007de8
007df6
007e0a
007e1e
007e23
007e33
007e4d
007e5b
007e6a
007e7d
007e87
007e95
007ea6
007eb4
007ecd
007ed1
007eee
007ef6
007f00
007f1b
007f24
007f3a
007f4b
007f51
007f67
007f75
007f8e
007f9d
007fa0
007fbc
007fcc
007fd6
007fe0
007ff0
00800d
008017
008024
008036
008044
00805c
00806d
008070
00808e
008098
0080a8
0080ba
0080c3
0080da
0080e4
0080f1
008102
00811d
008125
008131
008146
008157
008163
00817f
008185
008194
0081a7
0081b9
0081cc
0081dc
0081e4
0081f8
008200
00821e
008220
00823e
008243
008250
00826a
00827f
008286
008294
0082a8
0082bf
0082c7
0082dd
0082e6
0082f7
008309
008311
00832c
008334
008340
008358
00836e
00837e
008387
008390
0083a0
0083bf
0083c1
0083dd
0083e8
0083fa
00840e
00841f
008427
008433
00844b
008454
008469
008473
008481
008495
0084ae
0084ba
0084c0
0084dc
0084e9
0084f0
008509
00851b
008525
00853c
00854d
008559
008562
008576
00858e
008595
0085a4
0085b0
0085cc
0085df
0085e3
0085f3
008608
008619
00862d
00863f
008645
008654
00866d
00867e
008688
00869f
0086a6
0086bd
0086c6
0086d6
0086e5
0086ff
008704
00871c
008723
008736
008747
00875f
008762
008776
008787
00879c
0087a9
0087bc
0087c2
0087d1
0087eb
0087f0
008802
00881a
00882b
008839
008843
00885b
008869
008870
00888e
00889a
0088a8
0088ba
0088c0
0088d3
0088e9
0088f0
008902
00891a
008928
008933
008944
00895d
00896f
008971
008982
008994
0089a4
0089bc
0089ca
0089d7
0089ea
0089f3
008a02
008a1f
008a2b
008a3b
008a42
008a50
008a60
008a7f
008a87
008a94
008aa5
008abd
008ac1
008adc
008ae0
008af9
008b05
008b1a
008b28
008b39
008b46
008b5a
008b66
008b72
008b8e
008b90
008ba7
008bbd
008bc9
008bd8
008bed
008bf4
008c0f
008c12
008c28
008c3c
008c46
008c54
008c69
008c70
008c83
008c92
008ca8
008cb2
008cc6
008cd4
008ce3
008cfd
008d00
008d15
008d29
008d35
008d45
008d5a
008d6e
008d79
008d86
008d9e
008dac
008db5
008dcd
008dd0
008def
008dfa
008e0f
008e1f
008e22
008e31
008e4d
008e5b
008e68
008e79
008e89
008e9f
008ea5
008eb3
008ece
008ed4
008eea
008eff
008f09
008f17
008f22
008f33
008f40
008f56
008f68
008f72
008f83
008f90
008fad
008fb2
008fc5
008fdb
008fe1
008ff8
00900a
00901a
009028
009033
00904a
009054
009062
009078
00908a
009093
0090a7
0090b7
0090cb
0090dd
0090e3
0090f3
00910e
009113
00912a
00913f
00914c
009151
00916b
009178
009188
00919d
0091a1
0091bd
0091c5
0091da
0091ee
0091f7
00920f
009213
009225
00923d
00924a
009253
009264
00927b
009285
009296
0092a2
0092bd
0092c1
0092da
0092ec
0092f7
009308
009314
009322
00933c
009347
009350
00936a
00937b
00938f
009399
0093ac
0093b9
0093c9
0093db
0093ec
0093fe
00940a
009412
009424
009439
009443
00945e
009461
009470
009488
00949b
0094ab
0094b4
0094cc
0094de
0094e2
0094f9
00950e
009510
00952c
00953b
009540
009559
009568
00957c
009581
00959c
0095a9
0095b5
0095cb
0095dc
0095e7
0095fe
00960c
009612
009628
009633
009640
00965d
00966f
009676
009681
00969e
0096a6
0096bc
0096c5
0096dd
0096ee
0096f6
009707
009716
009727
009735
009742
009756
00976a
009772
009780
009799
0097a3
0097b9
0097c2
0097da
0097ea
0097fb
009804
00981e
009828
00983b
009847
009850
009862
00987e
00988c
00989d
0098aa
0098b4
0098cf
0098d1
0098e7
0098f8
00990a
009913
009921
00993e
009946
00995a
00996c
009970
009989
009999
0099a4
0099b1
0099cd
0099db
0099ec
0099f7
009a00
009a15
009a2f
009a31
009a4b
009a57
009a6e
009a74
009a87
009a9b
009aa7
009ab6
009ac0
009ad9
009aec
009afa
009b08
009b16
009b2d
009b30
009b4a
009b5b
009b62
009b7a
009b86
009b96
009ba7
009bbd
009bc3
009bdb
009be7
009bfe
009c07
009c1d
009c2c
009c31
009c40
009c51
009c65
009c72
009c86
009c9e
009cac
009cb9
009cc3
009cd9
009ceb
009cf7
009d09
009d1e
009d20
009d3a
009d42
009d5d
009d6e
009d77
009d8f
009d96
009da6
009db7
009dcb
009dda
009de6
009df0
009e01
009e14
009e2a
009e36
009e4f
009e5e
009e60
009e7f
009e85
009e99
009ea6
009eb4
009ec7
009edf
009ee7
009ef6
009f07
009f1a
009f26
009f38
009f48
009f59
009f67
009f74
009f8f
009f9e
009fab
009fb6
009fc8
009fd6
009fe1
009ff7
00a00e
00a01c
00a02a
00a038
00a043
00a05e
00a06a
00a07b
00a082
00a090
00a0a1
00a0b2
00a0c4
00a0df
00a0e6
00a0fd
00a10f
00a11b
00a126
00a13a
00a140
00a158
00a169
00a170
00a18e
00a198
00a1af
00a1be
00a1cd
00a1d6
00a1e8
00a1f2
00a20b
00a210
00a22d
00a23c
00a242
00a25f
00a265
00a279
00a285
00a29e
00a2a0
00a2b9
00a2c1
00a2d7
00a2eb
00a2f4
00a30a
00a31e
00a322
00a33d
00a344
00a357
00a36f
00a37b
00a388
00a39e
00a3ae
00a3bb
00a3ce
00a3d9
00a3eb
00a3fc
00a40b
00a419
00a428
00a435
00a440
00a451
00a465
00a475
00a482
00a490
00a4a0
00a4b5
00a4c0
00a4d0
00a4e6
00a4ff
00a504
00a51a
00a528
00a53c
00a544
00a55d
00a564
00a570
00a58f
00a59b
00a5ad
00a5b8
00a5c7
00a5d0
00a5e6
00a5f2
00a602
00a613
00a62d
00a633
00a64b
00a650
00a66a
00a679
00a681
00a690
00a6a2
00a6b9
00a6cc
00a6dd
00a6ef
00a6f2
00a706
00a71a
00a72f
00a733
00a743
00a75c
00a767
00a774
00a785
00a79f
00a7a6
00a7b8
00a7cd
00a7dc
00a7e4
00a7f8
00a801
00a813
00a823
00a835
00a840
00a850
00a864
00a878
00a880
00a897
00a8ad
00a8bd
00a8c6
00a8d4
00a8ee
00a8f5
00a900
00a91d
00a92f
00a932
00a94f
00a957
00a96c
00a976
00a987
00a998
00a9ad
00a9b2
00a9cc
00a9d8
00a9eb
00a9f0
00aa07
00aa16
00aa25
00aa36
00aa48
00aa52
00aa65
00aa79
00aa80
00aa95
00aaaa
00aab8
00aac6
00aad2
00aae4
00aaf4
00ab09
00ab19
00ab2d
00ab3b
00ab4a
00ab50
00ab64
00ab7f
00ab89
00ab9a
00abab
00abbe
00abcb
00abdb
00abec
00abf8
00ac00
00ac15
00ac24
00ac30
00ac46
00ac58
00ac67
00ac70
00ac8a
00ac9c
00acab
00acb7
00acc0
00acd5
00acea
00acf2
00ad01
00ad16
00ad27
00ad36
00ad4c
00ad5f
00ad65
00ad7e
00ad8b
00ad97
00ada8
00adb6
00adc0
00addb
00ade0
00adf4
00ae02
00ae1b
00ae2d
00ae37
00ae4b
00ae5e
00ae64
00ae77
00ae82
00ae9a
00aea5
00aeb5
00aecd
00aed8
00aee0
00aefe
00af0f
00af1a
00af2d
00af32
00af41
00af58
00af6b
00af78
00af8f
00af96
00afab
00afbf
00afcb
00afd2
00afe0
00aff7
00b00b
00b019
00b028
00b039
00b04e
00b058
00b061
00b078
00b084
00b091
00b0a2
00b0be
00b0cf
00b0d6
00b0e0
00b0f1
00b102
00b113
00b12b
00b138
00b141
00b153
00b168
00b17f
00b187
00b198
00b1a5
00b1bd
00b1c8
00b1d8
00b1ee
00b1ff
00b204
00b21a
00b226
00b235
00b249
00b254
00b26c
00b277
00b28c
00b290
00b2ac
00b2b2
00b2ce
00b2d0
00b2ea
00b2fe
00b303
00b317
00b323
00b332
00b340
00b357
00b365
00b370
00b385
00b390
00b3a6
00b3bf
00b3c2
00b3d3
00b3e5
00b3fb
00b40b
00b41e
00b423
00b43a
00b441
00b455
00b46c
00b472
00b480
00b49f
00b4ae
00b4ba
00b4cc
00b4df
00b4e3
00b4fe
00b50b
00b513
00b522
00b531
00b543
00b55b
00b568
00b573
00b584
00b59c
00b5a2
00b5b2
00b5c9
00b5d7
00b5e4
00b5f2
00b60d
00b611
00b629
00b636
00b640
00b65e
00b662
00b673
00b680
00b699
00b6ac
00b6bc
00b6c1
00b6db
00b6ea
00b6ff
00b709
00b71c
00b728
00b734
00b748
00b757
00b76d
00b77a
00b78c
00b793
00b7af
00b7b0
00b7cb
00b7d3
00b7e1
00b7f1
00b803
00b819
00b82d
00b830
00b84d
00b854
00b866
00b871
00b882
00b894
00b8ab
00b8b8
00b8c4
00b8d5
00b8e1
00b8f4
00b90f
00b913
00b92c
00b932
00b94e
00b952
00b96d
00b97a
00b98e
00b992
00b9a2
00b9b0
00b9c9
00b9dd
00b9e0
00b9ff
00ba03
00ba12
00ba2c
00ba37
00ba45
00ba59
00ba61
00ba7e
00ba80
00ba9e
00baa2
00babd
00bac9
00bad4
00bae5
00baf4
00bb06
00bb18
00bb21
00bb3e
00bb43
00bb55
00bb68
00bb78
00bb84
00bb96
00bba9
00bbb4
00bbcd
00bbd8
00bbe8
00bbff
00bc02
00bc17
00bc21
00bc35
00bc45
00bc57
00bc63
00bc7a
00bc84
00bc99
00bca2
00bcbd
00bccb
00bcd6
00bce2
00bcf3
00bd02
00bd10
00bd21
00bd3c
00bd4d
00bd52
00bd6f
00bd75
00bd88
00bd98
00bdad
00bdbb
00bdca
00bdd1
00bde9
00bdfc
00be02
00be19
00be2b
00be30
00be4c
00be5d
00be6f
00be7d
00be82
00be94
00bead
00beb8
00bec4
00bed1
00beeb
00bef3
00bf0c
00bf13
00bf24
00bf35
00bf48
00bf55
00bf62
00bf7f
00bf8c
00bf9b
00bfa2
00bfb5
00bfc6
00bfd6
00bfec
00bffc
00c00e
00c014
00c02e
00c03a
00c04a
00c05a
00c060
00c070
00c080
00c09d
00c0a3
00c0ba
00c0cf
00c0de
00c0e6
00c0ff
00c105
00c11d
00c12c
00c133
00c144
00c15f
00c16f
00c171
00c181
00c19d
00c1a9
00c1bd
00c1ca
00c1d0
00c1e7
00c1f1
00c200
00c215
00c227
00c235
00c245
00c250
00c263
00c27a
00c281
00c29f
00c2ab
00c2b6
00c2c3
00c2dd
00c2eb
00c2fc
00c304
00c31a
00c322
00c339
00c347
00c35a
00c36b
00c370
00c388
00c391
00c3a1
00c3b3
00c3c5
00c3d3
00c3e9
00c3f9
00c409
00c410
00c420
00c430
00c44f
00c454
00c46e
00c472
00c48b
00c497
00c4ad
00c4bc
00c4c7
00c4d9
00c4ec
00c4f2
00c50d
00c515
00c529
00c536
00c547
00c55d
00c568
00c571
00c580
00c596
00c5a6
00c5b8
00c5c4
00c5de
00c5e3
00c5f3
00c607
00c61c
00c62e
00c63e
00c645
00c650
00c660
00c67c
00c688
00c690
00c6a9
00c6ba
00c6c9
00c6d2
00c6e5
00c6f1
00c701
00c718
00c727
00c734
00c741
00c756
00c76b
00c77c
00c78b
00c792
00c7a2
00c7b2
00c7c8
00c7d0
00c7e0
00c7fd
00c80d
00c813
00c822
00c837
00c84e
00c858
00c866
00c876
00c88d
00c899
00c8ad
00c8bf
00c8c3
00c8dd
00c8e0
00c8f9
00c907
00c91c
00c921
00c937
00c948
00c958
00c964
00c975
00c983
00c993
00c9ab
00c9be
00c9c9
00c9d3
00c9ec
00c9fb
00ca07
00ca1f
00ca21
00ca34
00ca40
00ca5a
00ca61
00ca7a
00ca8a
00ca9b
00caa6
00cab9
00cacc
00cad6
00cae2
00caf1
00cb00
00cb17
00cb26
00cb38
00cb45
00cb52
00cb6d
00cb7b
00cb8f
00cb9f
00cba0
00cbb7
00cbc4
00cbd5
00cbe6
00cbfb
00cc0b
00cc18
00cc28
00cc30
00cc42
00cc57
00cc6a
00cc74
00cc88
00cc98
00ccaa
00ccbe
00ccc9
00ccde
00ccee
00ccfc
00cd0b
00cd1a
00cd24
00cd3b
00cd4b
00cd50
00cd6b
00cd7a
00cd8b
00cd96
00cda8
00cdb1
00cdc5
00cdd9
00cde2
00cdf0
00ce09
00ce11
00ce2e
00ce36
00ce47
00ce5f
00ce6a
00ce76
00ce87
00ce92
00ceae
00ceb8
00cec6
00ced0
00cee4
00cef4
00cf0a
00cf10
00cf20
00cf3a
00cf4a
00cf57
00cf69
00cf7d
00cf8b
00cf90
00cfa7
00cfb0
00cfcc
00cfdb
00cfef
00cffd
00d006
00d01e
00d02a
00d03b
00d044
00d059
00d06c
00d075
00d08b
00d09c
00d0a1
00d0b7
00d0c1
00d0d5
00d0e7
00d0f0
00d107
00d117
00d121
00d138
00d140
00d154
00d161
00d173
00d18d
00d195
00d1a0
00d1ba
00d1c9
00d1db
00d1e7
00d1f6
00d20a
00d21e
00d228
00d239
00d24a
00d253
00d26b
00d278
00d28f
00d29a
00d2a5
00d2b6
00d2cf
00d2df
00d2e6
00d2f6
00d309
00d312
00d327
00d33f
00d348
00d356
00d367
00d371
00d387
00d395
00d3a7
00d3b0
00d3c3
00d3d9
00d3e8
00d3f2
00d40a
00d416
00d424
00d430
00d449
00d45e
00d46e
00d476
00d48c
00d49e
00d4a7
00d4b9
00d4ce
00d4d6
00d4e3
00d4ff
00d50a
00d511
00d524
00d538
00d54c
00d558
00d569
00d57a
00d580
00d591
00d5af
00d5b9
00d5cc
00d5d4
00d5ea
00d5f1
00d603
00d610
00d62c
00d63d
00d641
00d654
00d66f
00d67d
00d685
00d69f
00d6a7
00d6ba
00d6ca
00d6d9
00d6e5
00d6f3
00d708
00d719
00d729
00d731
00d74c
00d75e
00d767
00d77c
00d78d
00d79c
00d7a2
00d7b6
00d7c8
00d7da
00d7e0
00d7fa
00d804
00d813
00d827
00d83e
00d84c
00d859
00d862
00d874
00d888
00d89c
00d8aa
00d8be
00d8ce
00d8dd
00d8e4
00d8fe
00d90b
00d915
00d92e
00d93f
00d94e
00d955
00d962
00d976
00d985
00d996
00d9ae
00d9bb
00d9c8
00d9de
00d9ef
00d9f6
00da0d
00da12
00da28
00da3c
00da45
00da5e
00da6e
00da76
00da85
00da93
00daa4
00dabc
00daca
00dad2
00dae9
00daf9
00db03
00db16
00db29
00db30
00db46
00db52
00db68
00db74
00db89
00db90
00dba9
00dbb5
00dbcc
00dbd1
00dbe4
00dbf1
00dc05
00dc15
00dc25
00dc34
00dc4e
00dc59
00dc6c
00dc73
00dc8f
00dc92
00dcac
00dcb7
00dccc
00dcd4
00dce2
00dcfb
00dd04
00dd1a
00dd28
00dd3b
00dd40
00dd53
00dd68
00dd7c
00dd8c
00dd92
00dda0
00ddb0
00ddca
00ddd4
00ddee
00ddf4
00de04
00de13
00de27
00de34
00de4b
00de5d
00de61
00de76
00de8d
00de9a
00dea2
00debb
00decf
00deda
00dee8
00def7
00df02
00df14
00df25
00df35
00df47
00df55
00df63
00df79
00df8e
00df9d
00dfae
00dfbc
00dfcc
00dfdc
00dfed
00dff3
00e00a
00e016
00e023
00e035
00e04a
00e051
00e069
00e076
00e085
00e09d
00e0a8
00e0b2
00e0c9
00e0db
00e0e7
00e0f8
00e103
00e113
00e121
00e131
00e14d
00e150
00e160
00e179
00e185
00e193
00e1a5
00e1ba
00e1c3
00e1de
00e1e2
00e1f8
00e208
00e219
00e220
00e230
00e241
00e252
00e267
00e275
00e281
00e29b
00e2a9
00e2ba
00e2ca
00e2d4
00e2ec
00e2fe
00e303
00e314
00e32d
00e33b
00e34f
00e35b
00e36e
00e37e
00e38e
00e39f
00e3a4
00e3be
00e3c8
00e3dc
00e3e3
00e3fe
00e40e
00e412
00e42f
00e434
00e447
00e45c
00e462
00e475
00e48f
00e49e
00e4ac
00e4b3
00e4cb
00e4d9
00e4e6
00e4f7
00e507
00e51f
00e525
00e533
00e544
00e553
00e56e
00e57c
00e58b
00e592
00e5a4
00e5bb
00e5c5
00e5d7
00e5ef
00e5fe
00e60a
00e619
00e62c
00e639
00e64f
00e652
00e661
00e679
00e685
00e691
00e6a3
00e6b3
00e6cd
00e6d0
00e6e0
00e6fa
00e70f
00e714
00e723
00e73c
00e742
00e752
00e76c
00e774
00e78e
00e793
00e7a4
00e7b3
00e7c2
00e7d2
00e7e2
00e7f6
00e809
00e81d
00e824
00e835
00e844
00e851
00e86c
00e87f
00e882
00e89f
00e8a6
00e8b1
00e8c5
00e8dc
00e8eb
00e8fd
00e90c
00e91b
00e92e
00e938
00e945
00e955
00e967
00e97c
00e98e
00e99a
00e9ab
00e9b9
00e9ca
00e9d6
00e9ea
00e9f5
00ea0a
00ea1e
00ea22
00ea3c
00ea49
00ea54
00ea64
00ea78
00ea88
00ea90
00eaa9
00eabd
00eacd
00eadc
00eae9
00eafd
00eb02
00eb11
00eb2a
00eb3c
00eb4c
00eb52
00eb63
00eb7a
00eb8d
00eb92
00eba8
00ebb5
00ebc8
00ebdd
00ebeb
00ebf2
00ec01
00ec19
00ec22
00ec35
00ec4d
00ec5f
00ec61
00ec73
00ec89
00ec97
00eca7
00ecb9
00ecc7
00ecd4
00ece4
00ecf4
00ed0c
00ed1e
00ed29
00ed33
00ed49
00ed58
00ed6d
00ed7e
00ed88
00ed96
00edab
00edbe
00edc3
00edd2
00ede1
00edf5
00ee02
00ee15
00ee24
00ee3b
00ee4f
00ee55
00ee68
00ee77
00ee89
00ee95
00eea8
00eeba
00eece
00eed1
00eeee
00eefe
00ef02
00ef1c
00ef2e
00ef30
00ef4a
00ef54
00ef64
00ef73
00ef80
00ef90
00efa5
00efb1
00efcd
00efd5
00efe4
00eff7
00f00a
00f016
00f02b
00f032
00f04e
00f051
00f062
00f07e
00f082
00f095
00f0aa
00f0be
00f0cc
00f0d5
00f0e4
00f0fd
00f10c
00f11f
00f12b
00f13b
00f148
00f157
00f164
00f17c
00f185
00f191
00f1a3
00f1b5
00f1c4
00f1dd
00f1e7
00f1f5
00f20c
00f213
00f229
00f232
00f24c
00f253
00f266
00f273
00f281
00f29b
00f2ac
00f2bd
00f2ce
00f2dc
00f2ef
00f2f6
00f30a
00f315
00f32c
00f337
00f34f
00f35b
00f366
00f377
00f383
00f392
00f3a6
00f3be
00f3c8
00f3d7
00f3ea
00f3f3
00f401
00f415
00f42c
00f43d
00f444
00f451
00f46c
00f471
00f48b
00f492
00f4af
00f4b9
00f4c2
00f4df
00f4e0
00f4fc
00f506
00f512
00f52e
00f534
00f549
00f554
00f563
00f572
00f58f
00f591
00f5ac
00f5b6
00f5c3
00f5d2
00f5ea
00f5f1
00f60c
00f610
00f62c
00f636
00f640
00f659
00f660
00f674
00f681
00f692
00f6a0
00f6b6
00f6cb
00f6d9
00f6e9
00f6f5
00f700
00f710
00f729
00f73b
00f74a
00f758
00f763
00f77b
00f789
00f791
00f7a3
00f7b9
00f7c3
00f7d9
00f7e0
00f7fd
00f80e
00f816
00f821
00f83f
00f84a
00f852
00f86d
00f875
00f88d
00f898
00f8ae
00f8b7
00f8c2
00f8d3
00f8e5
00f8f5
00f902
00f913
00f92a
00f932
00f946
00f956
00f967
00f973
00f98a
00f996
00f9ae
00f9b6
00f9c0
00f9de
00f9e7
00f9f0
00fa0a
00fa18
00fa25
00fa3e
00fa4a
00fa5f
00fa68
00fa77
00fa82
00fa92
00faac
00fab8
00fac0
00fada
00fae0
00fafe
00fb04
00fb13
00fb20
00fb3d
00fb46
00fb5b
00fb62
00fb7b
00fb82
00fb98
00fbaf
00fbbb
00fbc7
00fbd1
00fbea
00fbfe
00fc0d
00fc1f
00fc23
00fc38
00fc43
00fc53
00fc66
00fc75
00fc83
00fc9c
00fcac
00fcba
00fccc
00fcde
00fced
00fcf7
00fd07
00fd16
00fd24
00fd3e
00fd48
00fd53
00fd67
00fd70
00fd8c
00fd99
00fda8
00fdb9
00fdcb
00fddb
00fdeb
00fdf9
00fe0d
00fe13
00fe29
00fe3a
00fe4d
00fe5e
00fe6b
00fe7f
00fe86
00fe9f
00fea3
00feb5
00fecc
00fed7
00fee0
00feff
00ff08
00ff15
00ff28
00ff35
00ff4b
00ff52
00ff6f
00ff7e
00ff86
00ff91
00ffac
00ffb0
00ffc5
00ffdb
00ffe3
00fffc
000002
000010
000021
000034
00004d
000052
000061
000072
00008c
00009c
0000ac
0000b4
0000ce
0000d9
0000e3
0000f7
000101
000110
000127
000130
000141
000158
000165
000172
000188
000198
0001a5
0001be
0001c9
0001d5
0001ef
0001f1
000204
000213
000220
000236
00024c
00025c
00026a
00027a
000287
000290
0002a0
0002b8
0002c5
0002d3
0002e4
0002f6
00030d
000316
00032a
00033b
000346
000350
000361
000375
000387
000395
0003a4
0003bd
0003c0
0003d1
0003e2
0003ff
000405
000411
000425
00043e
00044e
00045e
000465
000473
00048a
00049b
0004ae
0004b6
0004c8
0004d6
0004e7
0004fe
000503
00051b
000525
00053b
000544
000554
000564
000575
000583
00059a
0005a6
0005bd
0005cc
0005d7
0005e8
0005f1
000601
000616
000626
000639
000648
000650
00066b
00067b
000684
000692
0006a7
0006bf
0006c0
0006d6
0006e7
0006ff
000700
000711
000723
000731
00074c
00075d
000760
000778
000781
000795
0007ad
0007bc
0007c9
0007d3
0007eb
0007fc
000803
000814
00082b
000831
000848
00085b
000867
00087b
000888
000899
0008a4
0008bc
0008cf
0008dc
0008e0
0008f2
000905
00091a
000924
00093b
000941
000957
00096f
000979
000989
000993
0009ae
0009b9
0009c0
0009d8
0009e5
0009fc
000a00
000a18
000a2f
000a3d
000a4d
000a56
000a6a
000a77
000a88
000a99
000aa5
000ab8
000ac1
000ad4
000ae6
000af6
000b0f
000b17
000b24
000b31
000b43
000b58
000b66
000b7a
000b8b
000b90
000ba9
000bbc
000bc2
000bd8
000be6
000bf3
000c07
000c1e
000c2f
000c33
000c45
000c52
000c6e
000c7d
000c86
000c90
000ca2
000cbb
000cce
000cda
000ce8
000cf6
000d0e
000d1a
000d2d
000d3d
000d44
000d5b
000d6a
000d78
000d8b
000d9b
000da9
000dbf
000dc4
000ddd
000de7
000df8
000e0f
000e19
000e26
000e3c
000e4a
000e5c
000e63
000e7e
000e8d
000e98
000ea8
000eb2
000ec1
000edd
000eee
000efb
000f03
000f18
000f26
000f37
000f48
000f5a
000f66
000f72
000f84
000f97
000fa3
000fbe
000fcb
000fdd
000feb
000ffc
00100a
001013
00102f
001030
00104f
00105d
001068
00107b
001089
00109b
0010a8
0010b3
0010c9
0010df
0010e8
0010fd
001107
001111
00112b
001137
001140
00115d
00116a
001172
00118f
001191
0011a3
0011b2
0011cd
0011d0
0011e1
0011f6
001201
00121c
00122b
00123f
00124c
00125b
00126d
001271
001288
001294
0012a7
0012bb
0012c3
0012d8
0012e9
0012f3
001306
001318
00132d
001335
001349
00135b
001364
001377
001387
00139f
0013a6
0013b9
0013c3
0013d5
0013e8
0013fd
001407
00141c
001428
00143d
00144f
001453
00146c
00147d
00148a
00149c
0014af
0014b1
0014c9
0014df
0014ee
0014f7
001500
001511
001522
001532
001546
00155b
00156a
001570
001588
001591
0015a0
0015be
0015c6
0015d8
0015ea
0015f9
001607
001617
001626
001633
00164a
001656
00166f
00167b
001683
001695
0016a4
0016b0
0016c4
0016df
0016e3
0016fd
00170f
00171d
001729
00173e
00174a
001750
001765
001774
001783
00179c
0017af
0017b1
0017c6
0017db
0017e0
0017f5
00180b
001816
00182f
00183e
001841
001852
001866
001872
001885
001894
0018a9
0018b8
0018c1
0018d5
0018e2
0018f8
001907
001911
001920
00193b
00194e
001958
00196c
001978
001984
001999
0019aa
0019be
0019c1
0019df
0019e3
0019f1
001a07
001a1d
001a20
001a34
001a43
001a52
001a60
001a75
001a82
001a94
001aa8
001ab5
001ac7
001add
001aeb
001af9
001b00
001b14
001b2d
001b3c
001b49
001b52
001b66
001b7f
001b88
001b97
001bab
001bbf
001bcf
001bdd
001be4
001bfe
001c0a
001c18
001c2d
001c34
001c4d
001c55
001c6c
001c71
001c83
001c95
001cab
001cb9
001cc9
001cd7
001ce7
001cf4
001d04
001d1e
001d2b
001d3a
001d4a
001d51
001d6c
001d7e
001d85
001d9b
001da9
001db1
001dc7
001dd7
001dea
001df3
001e0a
001e1f
001e2b
001e35
001e45
001e54
001e64
001e7e
001e88
001e90
001ead
001eb7
001eca
001edf
001ee9
001ef5
001f05
001f17
001f2d
001f33
001f49
001f50
001f6a
001f7a
001f88
001f9d
001fa3
001fb9
001fcb
001fd0
001fed
001ff0
00200c
002016
002021
002034
002043
00205f
002062
002072
00208e
002091
0020ad
0020ba
0020cc
0020d7
0020e1
0020f9
002101
002119
002123
002134
002140
00215d
002166
00217e
002181
002191
0021a3
0021b1
0021cd
0021d0
0021e3
0021f3
002202
002215
002223
00223b
00224f
002250
00226e
00227e
002282
00229d
0022a3
0022b3
0022c1
0022d7
0022e4
0022fd
002307
002316
002326
002334
00234f
002354
00236d
00237f
002388
00239f
0023a7
0023b1
0023c8
0023de
0023ed
0023fc
00240a
002415
002422
002433
002441
002458
002461
00247e
002486
002496
0024a2
0024b9
0024cd
0024d4
0024e2
0024f0
00250f
002510
002523
002531
002546
00255b
002569
002578
002588
002593
0025ab
0025ba
0025cb
0025d4
0025ef
0025f5
002608
00261c
002623
002632
002640
00265b
00266b
002679
002681
00269d
0026a0
0026be
0026c0
0026d8
0026ea
0026fd
00270d
002710
002725
002733
002742
002751
002769
00277c
00278c
002790
0027a6
0027b9
0027c4
0027da
0027ec
0027f6
002803
00281e
002824
002838
002848
00285d
00286a
002877
002882
002892
0028af
0028b2
0028c7
0028dc
0028e6
0028ff
002908
00291d
00292c
00293b
00294c
00295f
002961
002978
002982
00299d
0029ac
0029b3
0029c1
0029dc
0029e5
0029f0
002a08
002a1f
002a22
002a39
002a48
002a58
002a6c
002a7f
002a84
002a99
002aaf
002ab8
002ac8
002ad4
002aeb
002afa
002b0e
002b12
002b26
002b3e
002b40
002b57
002b6a
002b7d
002b86
002b91
002ba8
002bbc
002bcb
002bd5
002be4
002bfb
002c00
002c11
002c26
002c35
002c42
002c52
002c65
002c76
002c89
002c98
002ca2
002cbc
002ccf
002cd9
002ce7
002cf6
002d0d
002d19
002d2c
002d32
002d40
002d56
002d63
002d79
002d89
002d9b
002da7
002db4
002dcd
002dda
002de5
002dfc
002e0b
002e11
002e22
002e32
002e4a
002e55
002e63
002e74
002e85
002e97
002ea1
002ebc
002ecd
002ed7
002eec
002eff
002f09
002f11
002f2f
002f30
002f4e
002f53
002f61
002f77
002f8c
002f9d
002fa7
002fb8
002fc1
002fd0
002feb
002ff5
003002
00301b
003020
003035
00304c
003052
003061
003072
00308d
003091
0030af
0030bf
0030cd
0030d9
0030ed
0030f0
003107
003113
003122
003132
003140
003151
00316d
003170
003181
003194
0031a6
0031b8
0031c6
0031da
0031ed
0031f9
003204
00321b
00322d
00323b
003241
003259
003269
003270
00328e
003299
0032a2
0032bd
0032c6
0032d5
0032e8
0032fc
00330c
003316
00332e
003339
003340
00335e
00336c
003371
003387
003397
0033ac
0033ba
0033c7
0033d8
0033e4
0033f6
003402
00341e
00342a
003430
003449
00345a
00346a
003478
003482
003497
0034a7
0034b9
0034cb
0034da
0034ed
0034f0
003501
003518
003528
003531
003542
003557
00356b
003578
003586
003590
0035a2
0035bd
0035c7
0035d7
0035ef
0035f9
00360d
00361d
003627
003633
00364a
00365a
003660
00367f
003684
003693
0036a1
0036b1
0036c8
0036d3
0036ea
0036f8
00370c
003711
00372e
00373e
003741
003756
003769
003776
00378c
003795
0037a8
0037bd
0037cc
0037d6
0037ef
0037f5
00380e
003816
003824
003832
003849
00385e
00386d
00387f
003881
00389f
0038a7
0038be
0038c3
0038d4
0038e1
0038f5
003906
00391f
003923
003938
00394f
00395d
00396f
003971
00398e
00399a
0039ad
0039b8
0039c7
0039d1
0039eb
0039f1
003a09
003a10
003a2d
003a3d
003a4c
003a56
003a69
003a7c
003a83
003a91
003aab
003ab1
003ace
003ad4
003ae3
003af1
003b00
003b15
003b20
003b31
003b4b
003b5c
003b6f
003b79
003b88
003b92
003ba3
003bbb
003bc7
003bd5
003bed
003bfa
003c04
003c10
003c25
003c39
003c4a
003c51
003c64
003c7c
003c82
003c91
003ca3
003cb0
003cc2
003cd4
003cec
003cfd
003d07
003d1a
003d26
003d34
003d46
003d50
003d63
003d79
003d89
003d9f
003da9
003dbd
003dc7
003dd0
003de7
003df9
003e08
003e15
003e29
003e3c
003e46
003e50
003e66
003e74
003e8a
003e93
003ea9
003eb7
003ecb
003ed7
003eee
003ef0
003f09
003f12
003f2d
003f3c
003f42
003f5c
003f6f
003f7e
003f83
003f98
003fa1
003fb5
003fcf
003fdb
003fed
003ffe
00400e
00401d
004021
00403d
004041
004054
004067
00407d
004085
004091
0040a0
0040be
0040ce
0040d8
0040ea
0040f7
004100
004113
004122
004132
004145
004152
004167
004171
004188
004196
0041ad
0041bc
0041c4
0041d2
0041e6
0041f7
004200
004217
004225
004236
00424c
00425d
004261
004270
004281
004294
0042af
0042b5
0042c5
0042df
0042e9
0042fd
00430e
00431d
004324
00433c
00434c
004351
004363
00437a
00438f
004397
0043ab
0043bc
0043c0
0043d9
0043e8
0043f9
004402
004416
004428
00443c
004449
004457
004463
00447c
004484
004499
0044a6
0044b7
0044cc
0044d5
0044e2
0044fb
004505
004516
004526
004533
004548
004550
004566
004575
00458d
004597
0045a6
0045b7
0045c9
0045dc
0045ef
0045fe
00460f
004616
004628
004631
004642
00465d
00466c
00467c
004685
004692
0046a7
0046bb
0046cf
0046d2
0046ee
0046fe
004701
004714
00472e
004732
004741
004750
004769
00477f
004785
00479c
0047aa
0047ba
0047c8
0047d4
0047ee
0047fa
00480e
004814
004829
00483a
00484a
00485f
004866
004879
00488b
004895
0048a8
0048b3
0048c0
0048d8
0048ec
0048fc
004900
004917
004924
004937
004941
00495f
004966
00497d
004989
004992
0049ab
0049bd
0049cf
0049db
0049ee
0049fa
004a00
004a16
004a2e
004a34
004a4a
004a59
004a60
004a7a
004a85
004a9c
004aa3
004ab1
004ac2
004adc
004aed
004af1
004b07
004b15
004b2a
004b33
004b49
004b56
004b66
004b74
004b85
004b93
004ba9
004bbc
004bca
004bda
004be1
004bf9
004c0d
004c1f
004c2a
004c30
004c43
004c5c
004c63
004c78
004c8b
004c91
004ca1
004cbf
004cc9
004cdd
004ce9
004cf9
004d0a
004d10
004d20
004d32
004d4a
004d57
004d67
004d7a
004d8f
004d94
004da6
004dbf
004dc8
004dd3
004de5
004df6
004e05
004e17
004e26
004e3b
004e49
004e5c
004e66
004e7a
004e81
004e90
004ea9
004eb1
004ecc
004ed1
004ee3
004ef2
004f0f
004f17
004f25
004f3b
004f44
004f5d
004f69
004f76
004f86
004f9e
004fa2
004fb7
004fca
004fde
004fef
004ffc
005009
00501c
00502c
005038
005046
005059
00506a
00507d
005088
005092
0050a2
0050b1
0050c0
0050d0
0050e2
0050f6
005109
00511e
00512e
005132
005142
005157
00516d
005173
00518c
005193
0051a0
0051bb
0051c1
0051df
0051e8
0051fd
005209
005218
005226
00523e
005248
00525a
005269
005279
00528e
00529b
0052aa
0052b2
0052c1
0052dc
0052e0
0052f2
00530f
00531d
005320
005338
005343
005352
005369
005371
00538c
005392
0053a9
0053b5
0053c9
0053d1
0053e4
0053f7
00540a
005411
00542f
00543c
005442
00545d
005461
005477
00548f
00549d
0054a7
0054ba
0054c4
0054d3
0054e2
0054fd
005506
005518
00552b
005536
005543
005558
005568
005576
005585
005593
0055a0
0055b2
0055c3
0055d8
0055e3
0055fb
005606
005615
00562d
00563b
005648
00565e
00566d
005671
005689
00569f
0056ad
0056bd
0056c7
0056d7
0056e4
0056f3
00570a
005715
005726
005736
005742
005755
005763
00577d
005786
00579d
0057a9
0057b1
0057c1
0057da
0057e9
0057fd
00580f
005816
00582e
00583a
005848
00585e
00586e
00587a
005883
00589a
0058a0
0058bf
0058cb
0058d7
0058ef
0058f3
005903
005914
005927
005934
00594b
005958
005962
00597c
00598c
005993
0059a0
0059b0
0059cb
0059d8
0059e0
0059fc
005a0c
005a10
005a29
005a3d
005a4a
005a58
005a67
005a71
005a8e
005a92
005aa3
005ab1
005ac4
005adf
005ae7
005af2
005b0b
005b14
005b28
005b3f
005b4f
005b5d
005b66
005b79
005b8e
005b95
005ba8
005bb5
005bcf
005bdc
005be6
005bf4
005c0c
005c13
005c29
005c33
005c41
005c50
005c6d
005c70
005c81
005c95
005cab
005cbb
005ccd
005cd9
005ced
005cf7
005d03
005d1d
005d2e
005d3e
005d43
005d58
005d60
005d78
005d8c
005d90
005dae
005dbe
005dc0
005dda
005de7
005dfe
005e04
005e16
005e26
005e34
005e4d
005e53
005e69
005e72
005e8d
005e9e
005ea5
005eb8
005ec2
005edb
005ee2
005efa
005f08
005f1f
005f2a
005f34
005f4b
005f5c
005f64
005f75
005f86
005f97
005fa5
005fb1
005fcc
005fdd
005fe4
005ff6
006008
00601f
006027
00603e
00604c
006050
00606f
006077
00608d
006098
0060ae
0060b4
0060c8
0060d4
0060e3
0060f3
006103
00611f
006124
00613e
006140
00615c
006163
006170
006189
006196
0061ab
0061b5
0061c8
0061d8
0061ea
0061ff
006204
00621d
006225
00623f
00624b
006254
006263
00627d
006288
006295
0062a9
0062bb
0062c2
0062de
0062ea
0062f8
006309
00631a
006324
00633f
006346
006353
006366
006376
00638f
006392
0063a7
0063bb
0063c2
0063d1
0063e4
0063f1
00640f
006412
006421
006437
00644c
00645c
00646a
00647b
00648a
006493
0064ab
0064bb
0064c5
0064dd
0064e3
0064f0
00650e
006513
006528
00653a
00654f
006558
006563
00657c
00658b
006596
0065a2
0065b2
0065cf
0065d3
0065ea
0065ff
00660d
00661c
006628
006633
00664b
00665d
00666f
00667a
006683
006699
0066ab
0066b5
0066ce
0066da
0066ed
0066ff
006703
00671f
006727
00673d
00674a
006759
006760
006775
006781
006792
0067a1
0067ba
0067c5
0067d1
0067e1
0067f6
00680e
006819
006828
00683e
00684c
00685f
006860
006873
006888
00689b
0068a8
0068bc
0068cc
0068dc
0068e9
0068fd
006903
00691c
006929
006937
00694f
006952
00696d
00697d
00698b
006991
0069ad
0069b7
0069c9
0069d4
0069e3
0069f0
006a08
006a15
006a21
006a33
006a42
006a50
006a63
006a7b
006a89
006a9f
006aaa
006ab4
006aca
006ad1
006ae7
006afe
006b05
006b17
006b2b
006b36
006b4a
006b5e
006b61
006b74
006b89
006b96
006baf
006bbc
006bc5
006bdc
006bec
006bf1
006c02
006c17
006c2c
006c3c
006c48
006c5c
006c6e
006c7e
006c8e
006c9a
006ca7
006cb4
006cc9
006cd5
006ce1
006cf5
006d0a
006d10
006d27
006d3f
006d49
006d58
006d6e
006d7d
006d82
006d93
006da8
006dbb
006dcb
006dd6
006deb
006dfa
006e0f
006e1c
006e2f
006e32
006e45
006e51
006e65
006e76
006e8e
006e9e
006eab
006eb4
006ece
006edf
006eef
006ef9
006f0c
006f1e
006f2d
006f35
006f40
006f52
006f69
006f7b
006f89
006f91
006fae
006fba
006fc9
006fd6
006fee
006ffb
007001
007013
00702c
007033
007049
007056
007062
00707a
00708c
007099
0070a3
0070be
0070cf
0070d9
0070e5
0070f2
007103
007113
00712f
007135
007143
007153
007167
007170
007180
007197
0071a1
0071bd
0071c6
0071dd
0071ea
0071fb
007206
00721c
00722f
00723c
007243
007258
007262
00727c
007282
00729a
0072ad
0072b9
0072c3
0072df
0072e3
0072f7
00730d
00731a
007320
00733d
007346
007354
007366
007375
007380
007393
0073a8
0073b6
0073cb
0073d6
0073e3
0073f2
00740f
007412
007426
007431
007445
007454
00746b
00747d
007482
00749c
0074aa
0074bc
0074c4
0074da
0074e3
0074f4
007504
007511
007528
007530
007546
007556
007567
007570
007580
007591
0075a8
0075b0
0075c1
0075d2
0075e9
0075fc
00760c
007612
007621
00763d
007649
00765f
00766d
007674
00768a
007694
0076a1
0076b7
0076ce
0076df
0076e0
0076ff
007705
007718
00772b
007737
00774c
00775c
007767
007778
007780
00779c
0077a5
0077bd
0077ca
0077d8
0077ee
0077fc
00780d
007817
007827
007835
00784e
007859
00786e
007875
007886
00789c
0078a2
0078b5
0078ce
0078d3
0078ef
0078f8
007908
007919
007928
007930
007941
00795c
007960
007971
007985
00799a
0079a6
0079be
0079c2
0079de
0079e7
0079fd
007a0a
007a18
007a2d
007a36
007a4a
007a51
007a61
007a74
007a82
007a97
007aa2
007ab3
007acc
007ad8
007ae1
007af6
007b0e
007b16
007b2c
007b30
007b4e
007b54
007b67
007b7e
007b84
007b9c
007ba1
007bb0
007bce
007bd1
007bec
007bf4
007c05
007c1b
007c24
007c3f
007c4e
007c52
007c6b
007c7b
007c83
007c95
007ca3
007cb4
007cca
007cd3
007cef
007cfe
007d06
007d10
007d21
007d33
007d4e
007d58
007d63
007d72
007d83
007d96
007da8
007db1
007dcb
007dd0
007def
007df9
007e01
007e16
007e2d
007e3d
007e46
007e55
007e63
007e76
007e8b
007e9e
007eaf
007ebc
007ec8
007ed1
007eef
007ef3
007f05
007f19
007f24
007f3a
007f4e
007f51
007f67
007f73
007f81
007f99
007faa
007fb4
007fc0
007fd2
007fed
007ff4
00800d
008018
00802f
00803b
00804c
00805b
00806d
008076
00808c
00809a
0080ab
0080b7
0080c0
0080d1
0080e4
0080fb
00810b
00811c
008125
008133
00814f
00815b
00816e
008170
008187
008192
0081ad
0081b6
0081cf
0081df
0081e8
0081ff
008204
00821b
00822f
008238
00824b
00825d
008266
00827b
00828e
008295
0082ab
0082bc
0082c2
0082dd
0082e6
0082f3
008301
008311
00832b
008339
00834d
00835e
00836a
008370
008382
008390
0083ad
0083b0
0083c3
0083d2
0083ef
0083f6
008408
008418
00842f
00843e
008449
008458
008461
008478
008481
008492
0084a8
0084bf
0084c6
0084d4
0084eb
0084f5
008500
00851b
008520
008536
008545
00855f
008560
008572
00858a
00859c
0085ad
0085bd
0085c7
0085d5
0085e3
0085f7
008607
008610
008627
008634
00864b
00865f
008666
008672
008680
00869f
0086a3
0086b9
0086c6
0086d0
0086ed
0086f8
008704
008716
00872f
00873d
008740
00875f
008767
00877c
008785
00879d
0087af
0087bb
0087c4
0087dd
0087e4
0087f5
00880c
008811
00882c
008831
008845
00885b
008862
008870
00888a
008898
0088a3
0088b7
0088c7
0088d8
0088e7
0088f4
008905
008918
008922
008936
008941
008950
008967
008971
00898c
00899b
0089ae
0089b1
0089c8
0089d6
0089e2
0089f8
008a0a
008a10
008a2d
008a30
008a4d
008a5b
008a62
008a7f
008a80
008a9f
008aac
008ab5
008ac8
008ad2
008ae8
008af8
008b0d
008b1e
008b29
008b3b
008b48
008b55
008b60
008b72
008b8f
008b92
008ba4
008bb6
008bc1
008bd9
008bee
008bfc
008c00
008c15
008c20
008c39
008c4b
008c5c
008c61
008c7e
008c8c
008c96
008ca2
008cb4
008cc3
008cdd
008ce7
008cf1
008d07
008d19
008d29
008d39
008d47
008d54
008d6e
008d73
008d88
008d9d
008dab
008db6
008dcf
008dd0
008de8
008dff
008e0f
008e1a
008e22
008e37
008e42
008e59
008e6b
008e7c
008e82
008e94
008eab
008eb0
008ec4
008ed5
008eef
008ef3
008f0b
008f17
008f2d
008f3d
008f4a
008f5a
008f67
008f71
008f8d
008f9b
008fae
008fb0
008fc4
008fd8
008fea
008ff0
009009
00901e
009024
009031
009048
00905d
009065
00907c
009088
00909e
0090a6
0090be
0090cd
0090dd
0090ed
0090f1
00910d
009113
009123
009133
009140
009150
009160
009172
009187
009194
0091ad
0091b5
0091c1
0091d2
0091e9
0091fa
009205
00921f
009226
009232
00924a
009258
009267
00927a
009284
009295
0092ab
0092b0
0092c1
0092d7
0092e8
0092f1
009309
009316
009326
009337
00934f
009354
00936f
00937a
00938b
009396
0093af
0093b5
0093cb
0093d5
0093ee
0093f3
009400
00941c
009426
00943b
009443
009457
00946c
009470
009487
009498
0094a9
0094b8
0094cb
0094db
0094eb
0094f8
009500
009510
009522
009539
00954d
009550
00956c
009579
009585
00959a
0095a1
0095b4
0095c5
0095df
0095e2
0095f6
009604
009616
00962e
00963a
009644
009650
009667
00967e
00968e
00969c
0096a1
0096bd
0096c0
0096d8
0096e9
0096f5
00970d
009712
00972e
009737
00974f
00975d
00976c
009770
009783
00979b
0097a3
0097b8
0097ce
0097d7
0097e8
0097f4
009801
009816
009820
009836
00984c
00985a
009863
009877
009880
00989f
0098a3
0098bf
0098cf
0098dd
0098ea
0098f7
009907
009911
009925
009933
00994e
00995e
00996d
00997b
00998a
009995
0099a7
0099b5
0099c8
0099d3
0099e9
0099f5
009a0f
009a19
009a24
009a33
009a4e
009a51
009a68
009a78
009a8b
009a95
009aa3
009ab8
009aca
009ad3
009ae6
009afa
009b08
009b16
009b20
009b33
009b40
009b54
009b6c
009b7c
009b89
009b93
009baa
009bb1
009bc0
009bdf
009be8
009bf1
009c06
009c1c
009c21
009c38
009c4d
009c5b
009c65
009c75
009c87
009c9e
009ca9
009cbe
009cc6
009cdc
009ceb
009cf4
009d03
009d1f
009d2f
009d31
009d44
009d5e
009d63
009d7c
009d83
009d92
009dac
009db5
009dc2
009ddd
009dec
009dfb
009e01
009e1c
009e2b
009e37
009e4c
009e5b
009e63
009e76
009e8c
009e90
009ea6
009eb4
009ec7
009ed0
009ee3
009ef8
009f05
009f11
009f21
009f35
009f44
009f5e
009f6e
009f78
009f8d
009f93
009fae
009fbf
009fce
009fd1
009fec
009fff
00a00f
00a01c
00a02c
00a03e
00a04b
00a05a
00a064
00a078
00a081
00a097
00a0ad
00a0bc
00a0ca
00a0da
00a0e6
00a0fd
00a103
00a113
00a126
00a133
00a14a
00a151
00a16b
00a175
00a18f
00a199
00a1a7
00a1b9
00a1c9
00a1d7
00a1ee
00a1f9
00a207
00a21b
00a22f
00a23e
00a240
00a257
00a265
00a279
00a288
00a293
00a2a3
00a2bb
00a2c6
00a2d9
00a2e3
00a2f2
00a30c
00a313
00a32b
00a330
00a34b
00a354
00a362
00a37b
00a381
00a399
00a3a2
00a3ba
00a3c9
00a3d1
00a3e3
00a3f8
00a40e
00a41a
00a42b
00a43e
00a44e
00a458
00a466
00a479
00a489
00a497
00a4af
00a4b4
00a4c4
00a4d0
00a4ec
00a4fe
00a50e
00a510
00a523
00a53a
00a54d
00a551
00a562
00a572
00a58e
00a59b
00a5aa
00a5be
00a5cf
00a5d5
00a5e4
00a5ff
00a609
00a61c
00a622
00a633
00a64c
00a654
00a66f
00a67f
00a68a
00a69b
00a6aa
00a6b1
00a6cc
00a6df
00a6e8
00a6f8
00a702
00a712
00a727
00a739
00a74d
00a755
00a769
00a77a
00a789
00a794
00a7ac
00a7bc
00a7c6
00a7d7
00a7e4
00a7f3
00a80b
00a818
00a825
00a83d
00a841
00a855
00a86d
00a87a
00a880
00a89e
00a8ac
00a8b3
00a8c0
00a8d3
00a8e1
00a8ff
00a906
00a91a
00a92d
00a93c
00a947
00a951
00a96c
00a972
00a983
00a992
00a9ad
00a9b2
00a9c6
00a9d2
00a9ec
00a9f9
00aa0a
00aa1d
00aa25
00aa31
00aa48
00aa5e
00aa6e
00aa76
00aa8d
00aa93
00aaa4
00aab2
00aacd
00aad6
00aaed
00aaf8
00ab0c
00ab12
00ab21
00ab3a
00ab4d
00ab51
00ab61
00ab78
00ab89
00ab9d
00abac
00abbf
00abc3
00abdb
00abe8
00abf9
00ac03
00ac18
00ac21
00ac30
00ac4c
00ac51
00ac6c
00ac77
00ac8c
00ac96
00aca5
00acbf
00acc9
00acdf
00ace9
00acf9
00ad09
00ad19
00ad2d
00ad33
00ad4a
00ad50
00ad6a
00ad78
00ad8d
00ad9e
00adaa
00adb1
00adcf
00add3
00ade6
00adf3
00ae03
00ae1c
00ae28
00ae30
00ae4b
00ae5d
00ae6d
00ae7f
00ae80
00ae90
00aea3
00aeb1
00aecd
00aed1
00aeee
00aef0
00af09
00af16
00af23
00af35
00af48
00af56
00af6d
00af7b
00af80
00af9c
00afaa
00afbb
00afc3
00afde
00afe8
00affe
00b001
00b019
00b029
00b036
00b047
00b054
00b065
00b072
00b085
00b092
00b0a2
00b0b2
00b0c2
00b0d7
00b0e4
00b0fe
00b10f
00b116
00b124
00b13f
00b14b
00b159
00b161
00b17a
00b184
00b190
00b1ac
00b1b4
00b1c9
00b1d4
00b1e0
00b1f8
00b208
00b217
00b22a
00b237
00b24f
00b25c
00b266
00b277
00b286
00b294
00b2af
00b2b5
00b2c0
00b2dc
00b2e3
00b2fc
00b307
00b31f
00b32f
00b338
00b34e
00b359
00b368
00b374
00b38b
00b39b
00b3a3
00b3b1
00b3cd
00b3dd
00b3e0
00b3f9
00b40d
00b41b
00b425
00b434
00b44a
00b45d
00b462
00b47d
00b486
00b492
00b4ac
00b4b2
00b4c0
00b4da
00b4ed
00b4f0
00b50d
00b516
00b521
00b535
00b54f
00b551
00b56a
00b57a
00b58d
00b59f
00b5a4
00b5bb
00b5c9
00b5d1
00b5e6
00b5fa
00b609
00b618
00b629
00b63f
00b645
00b652
00b663
00b677
00b681
00b69c
00b6a9
00b6b9
00b6c5
00b6d5
00b6e3
00b6f3
00b70a
00b713
00b72a
00b738
00b74f
00b75b
00b769
00b778
00b787
00b797
00b7a5
00b7b8
00b7c0
00b7d3
00b7e2
00b7f9
00b80f
00b815
00b82f
00b830
00b84d
00b85e
00b862
00b87f
00b886
00b890
00b8a8
00b8bf
00b8c0
00b8de
00b8ec
00b8f5
00b909
00b91e
00b926
00b930
00b945
00b95d
00b967
00b972
00b989
00b990
00b9a6
00b9b5
00b9cc
00b9da
00b9e5
00b9fc
00ba0a
00ba1c
00ba21
00ba39
00ba49
00ba55
00ba6d
00ba73
00ba83
00ba94
00baa4
00babe
00bacc
00bade
00bae4
00bafd
00bb00
00bb1d
00bb2c
00bb36
00bb41
00bb5c
00bb63
00bb7f
00bb8c
00bb95
00bbaa
00bbb5
00bbcc
00bbd5
00bbe8
00bbff
00bc0b
00bc12
00bc22
00bc30
00bc4f
00bc54
00bc6d
00bc78
00bc8c
00bc91
00bcab
00bcbd
00bccb
00bcd7
00bce0
00bcf4
00bd07
00bd11
00bd2a
00bd35
00bd47
00bd58
00bd6b
00bd79
00bd86
00bd9b
00bda9
00bdb6
00bdc1
00bdde
00bde2
00bdf2
00be0c
00be17
00be24
00be34
00be42
00be55
00be63
00be7e
00be8c
00be9a
00beaf
00beb7
00bec0
00bed6
00bee7
00bef1
00bf09
00bf1c
00bf2a
00bf39
00bf4b
00bf5e
00bf6b
00bf79
00bf8b
00bf9c
00bfad
00bfb0
00bfc5
00bfd2
00bfef
00bff2
00c002
00c01f
00c02c
00c03e
00c041
00c05f
00c067
00c07f
00c08e
00c097
00c0aa
00c0b6
00c0c6
00c0d1
00c0e4
00c0fe
00c10c
00c118
00c12d
00c130
00c147
00c152
00c16f
00c171
00c18b
00c192
00c1ad
00c1be
00c1c6
00c1d2
00c1e5
00c1fd
00c204
00c21b
00c224
00c231
00c246
00c252
00c261
00c278
00c287
00c296
00c2a6
00c2b2
00c2c6
00c2d9
00c2ea
00c2f0
00c30b
00c318
00c32d
00c33f
00c346
00c35f
00c367
00c37b
00c385
00c39d
00c3aa
00c3bd
00c3cd
00c3d6
00c3ec
00c3fe
00c405
00c41e
00c42a
00c43b
00c446
00c45e
00c468
00c478
00c48e
00c49d
00c4a3
00c4be
00c4cb
00c4d0
00c4e8
00c4f6
00c505
00c51d
00c529
00c53f
00c54a
00c550
00c564
00c578
00c58d
00c594
00c5a7
00c5b2
00c5c8
00c5d2
00c5e1
00c5f0
00c60d
00c611
00c62c
00c636
00c640
00c658
00c66d
00c677
00c68a
00c691
00c6a0
00c6b8
00c6cc
00c6df
00c6ea
00c6f0
00c702
00c711
00c720
00c733
00c748
00c751
00c76f
00c778
00c78f
00c79e
00c7ac
00c7bb
00c7cb
00c7d9
00c7e8
00c7f0
00c803
00c81b
00c824
00c83c
00c840
00c85b
00c864
00c877
00c888
00c89b
00c8a8
00c8bb
00c8c8
00c8d2
00c8e5
00c8f1
00c900
00c915
00c924
00c93f
00c942
00c956
00c965
00c97b
00c98d
00c991
00c9a7
00c9b0
00c9c9
00c9d9
00c9e8
00c9ff
00ca04
00ca1f
00ca21
00ca31
00ca41
00ca57
00ca64
00ca7e
00ca8d
00ca91
00caa0
00cab2
00cace
00cad8
00cae3
00caf3
00cb0e
00cb15
00cb23
00cb32
00cb4b
00cb5e
00cb68
00cb7f
00cb82
00cb93
00cbaf
00cbbc
00cbcf
00cbdd
00cbe1
00cbff
00cc07
00cc1d
00cc29
00cc33
00cc47
00cc53
00cc67
00cc73
00cc8d
00cc94
00cca9
00ccb7
00cccb
00ccd2
00cced
00ccfa
00cd08
00cd1b
00cd2f
00cd37
00cd46
00cd5e
00cd67
00cd75
00cd8d
00cd9c
00cdad
00cdbd
00cdc2
00cdd6
00cde9
00cdf6
00ce0e
00ce12
00ce2c
00ce30
00ce49
00ce57
00ce6d
00ce7c
00ce84
00ce93
00ceab
00ceb4
00cecb
00ced4
00cee5
00cef8
00cf0b
00cf1b
00cf22
00cf35
00cf43
00cf55
00cf66
00cf7d
00cf87
00cf96
00cfa5
00cfbe
00cfc8
00cfd2
00cfeb
00cffe
00d004
00d011
00d02b
00d037
00d042
00d05a
00d06e
00d07f
00d08a
00d090
00d0a1
00d0bb
00d0c7
00d0d5
00d0ee
00d0f0
00d103
00d116
00d123
00d138
00d146
00d15f
00d168
00d17a
00d188
00d195
00d1a0
00d1b3
00d1c2
00d1d1
00d1ef
00d1f5
00d201
00d217
00d229
00d23a
00d243
00d250
00d262
00d278
00d282
00d294
00d2a3
00d2b7
00d2c0
00d2d5
00d2e4
00d2fb
00d30c
00d31f
00d32f
00d331
00d34f
00d354
00d364
00d374
00d382
00d397
00d3a4
00d3ba
00d3c1
00d3df
00d3ee
00d3f5
00d409
00d41c
00d422
00d43e
00d44f
00d45e
00d460
00d471
00d48c
00d494
00d4af
00d4bc
00d4c0
00d4dc
00d4ec
00d4f7
00d50d
00d513
00d526
00d534
00d544
00d558
00d563
00d57a
00d58e
00d595
00d5ac
00d5b9
00d5c1
00d5d2
00d5e1
00d5f3
00d608
00d612
00d624
00d632
00d64a
00d653
00d66e
00d677
00d68b
00d692
00d6a8
00d6b9
00d6c2
00d6da
00d6e6
00d6f5
00d70d
00d71a
00d725
00d73d
00d746
00d752
00d769
00d771
00d78a
00d79b
00d7a4
00d7b2
00d7c6
00d7d2
00d7e3
00d7fd
00d804
00d81f
00d82e
00d836
00d845
00d852
00d869
00d87f
00d881
00d891
00d8a9
00d8b7
00d8c4
00d8d0
00d8ea
00d8f5
00d904
00d913
00d921
00d93c
00d94b
00d959
00d965
00d976
00d98a
00d99e
00d9ab
00d9b3
00d9cd
00d9d5
00d9ed
00d9f9
00da03
00da14
00da29
00da30
00da45
00da5b
00da65
00da75
00da89
00da97
00daa4
00dab7
00dace
00dadb
00dae8
00daff
00db02
00db15
00db26
00db31
00db48
00db52
00db62
00db78
00db8d
00db93
00dba7
00dbb2
00dbcd
00dbd4
00dbe8
00dbfb
00dc05
00dc1a
00dc25
00dc39
00dc46
00dc52
00dc6e
00dc72
00dc80
00dc99
00dca4
00dcbd
00dccc
00dcd6
00dce6
00dcf8
00dd0d
00dd13
00dd20
00dd36
00dd43
00dd58
00dd64
00dd78
00dd8c
00dd97
00ddad
00ddb4
00ddc2
00ddda
00dde8
00ddf4
00de00
00de13
00de23
00de3d
00de41
00de5d
00de69
00de74
00de87
00de93
00dea2
00deb5
00dec4
00dedf
00dee1
00defc
00df02
00df1d
00df2b
00df30
00df4b
00df5e
00df65
00df7f
00df82
00df9b
00dfa7
00dfbc
00dfc1
00dfd4
00dfe2
00dfff
00e002
00e013
00e022
00e03f
00e045
00e052
00e06f
00e079
00e088
00e098
00e0a4
00e0bf
00e0c4
00e0d7
00e0e8
00e0fc
00e10c
00e115
00e124
00e13e
00e146
00e158
00e16d
00e17d
00e189
00e19b
00e1aa
00e1b0
00e1c3
00e1db
00e1e7
00e1f6
00e207
00e21d
00e222
00e236
00e244
00e255
00e264
00e27d
00e282
00e296
00e2a6
00e2b2
00e2c0
00e2d0
00e2e7
00e2f7
00e304
00e31b
00e32a
00e335
00e348
00e351
00e366
00e371
00e382
00e392
00e3a2
00e3b5
00e3c3
00e3da
00e3e2
00e3f3
00e405
00e41d
00e422
00e433
00e444
00e455
00e462
00e472
00e486
00e49c
00e4ae
00e4be
00e4c4
00e4dd
00e4e3
00e4f7
00e50b
00e510
00e527
00e53d
00e54f
00e551
00e560
00e573
00e580
00e591
00e5af
00e5b6
00e5c8
00e5da
00e5e8
00e5fa
00e604
00e61d
00e620
00e63a
00e648
00e658
00e66d
00e670
00e680
00e696
00e6a1
00e6bd
00e6c7
00e6d1
00e6e4
00e6f3
00e70e
00e71f
00e721
00e735
00e742
00e75d
00e764
00e77b
00e781
00e792
00e7ac
00e7b3
00e7c8
00e7da
00e7ec
00e7f2
00e804
00e81a
00e82d
00e837
00e84e
00e85c
00e863
00e875
00e880
00e89b
00e8ae
00e8bf
00e8c8
00e8d6
00e8e8
00e8f5
00e909
00e917
00e92c
00e937
00e94e
00e955
00e96f
00e97b
00e986
00e994
00e9a9
00e9b5
00e9c0
00e9d8
00e9e9
00e9fb
00ea04
00ea1f
00ea27
00ea3f
00ea48
00ea5e
00ea67
00ea71
00ea89
00ea92
00eaa3
00eab4
00eac2
00ead6
00eaec
00eafa
00eb00
00eb1d
00eb27
00eb39
00eb45
00eb5e
00eb63
00eb73
00eb86
00eb91
00ebad
00ebb5
00ebc6
00ebd0
00ebee
00ebfb
00ec0e
00ec13
00ec2c
00ec38
00ec48
00ec5b
00ec6d
00ec73
00ec88
00ec94
00eca4
00ecb2
00ecce
00ecd9
00ece9
00ecf4
00ed0b
00ed1a
00ed2f
00ed3f
00ed45
00ed55
00ed63
00ed77
00ed84
00ed9a
00eda0
00edb2
00edcd
00edde
00edea
00edfc
00ee0c
00ee19
00ee29
00ee3d
00ee45
00ee53
00ee6d
00ee7d
00ee87
00ee9e
00eea9
00eeb0
00eecf
00eed1
00eee2
00eefc
00ef04
00ef1c
00ef24
00ef30
00ef4e
00ef57
00ef63
00ef70
00ef8f
00ef93
00efa8
00efbb
00efc3
00efd6
00efeb
00eff4
00f008
00f018
00f02b
00f033
00f04a
00f055
00f06d
00f07c
00f085
00f09d
00f0a2
00f0b8
00f0ce
00f0d2
00f0ea
00f0f3
00f103
00f114
00f121
00f13d
00f146
00f15f
00f16d
00f17f
00f18b
00f199
00f1ae
00f1be
00f1ca
00f1d2
00f1e7
00f1f3
00f204
00f218
00f227
00f231
00f244
00f255
00f267
00f272
00f286
00f29a
00f2a1
00f2ba
00f2ce
00f2d5
00f2ef
00f2f3
00f306
00f314
00f327
00f332
00f344
00f35c
00f368
00f374
00f380
00f397
00f3ad
00f3b4
00f3cb
00f3d7
00f3eb
00f3f1
00f404
00f417
00f429
00f43b
00f448
00f45a
00f464
00f47c
00f48d
00f499
00f4a3
00f4bb
00f4cd
00f4de
00f4e7
00f4f0
00f502
00f518
00f525
00f530
00f54d
00f55b
00f56c
00f576
00f58d
00f596
00f5a4
00f5b2
00f5cb
00f5d9
00f5e9
00f5f2
00f604
00f61e
00f625
00f637
00f649
00f651
00f66e
00f673
00f684
00f695
00f6ab
00f6bf
00f6c5
00f6d9
00f6ea
00f6fa
00f70e
00f71b
00f72a
00f730
00f746
00f758
00f76d
00f777
00f78e
00f79f
00f7a9
00f7b2
00f7c6
00f7dd
00f7ef
00f7f3
00f806
00f81a
00f82e
00f83f
00f84d
00f854
00f86f
00f877
00f88b
00f896
00f8a7
00f8bd
00f8cb
00f8db
00f8e7
00f8f0
00f900
00f919
00f928
00f930
00f94f
00f955
00f96d
00f978
00f98d
00f99d
00f9a5
00f9b5
00f9c3
00f9d4
00f9ee
00f9fd
00fa06
00fa14
00fa2c
00fa32
00fa44
00fa50
00fa6a
00fa73
00fa8d
00fa9e
00faa6
00fab3
00fac8
00fade
00faef
00faf8
00fb04
00fb1f
00fb21
00fb34
00fb42
00fb5d
00fb65
00fb77
00fb8f
00fb9a
00fba4
00fbb0
00fbc6
00fbd3
00fbed
00fbf7
00fc02
00fc1d
00fc2e
00fc3f
00fc4f
00fc56
00fc68
00fc70
00fc8f
00fc9e
00fca7
00fcbf
00fcc5
00fcdc
00fce0
00fcfd
00fd0c
00fd17
00fd2c
00fd3f
00fd48
00fd5c
00fd6c
00fd7b
00fd8d
00fd93
00fdaf
00fdb0
00fdca
00fdde
00fde2
00fdfa
00fe00
00fe19
00fe23
00fe37
00fe4b
00fe57
00fe63
00fe73
00fe83
00fe9d
00fea3
00feba
00fecd
00fed9
00fee2
00fef2
00ff00
00ff1c
00ff2e
00ff3a
00ff4e
00ff5a
00ff60
00ff77
00ff83
00ff97
00ffa1
00ffba
00ffc0
00ffd4
00ffe2
00fffa
