000008
000010
000020
000030
00004e
000059
00006d
000079
000088
000097
0000a3
0000bb
0000c1
0000da
0000e9
0000f0
00010c
00011c
000121
000134
00014e
000151
00016b
000177
00018f
000199
0001a4
0001b0
0001c4
0001d6
0001ee
0001fe
00020a
000219
00022d
000234
00024c
000259
000262
000279
00028b
000296
0002a5
0002b0
0002c8
0002d2
0002e1
0002f3
000307
000316
00032a
000330
000341
000354
000363
00037b
00038c
00039b
0003a4
0003bb
0003cf
0003df
0003ef
0003f3
00040a
000417
00042d
00043c
000446
000454
00046f
000479
00048e
000495
0004a7
0004b1
0004c1
0004de
0004ed
0004f3
000501
00051f
00052e
00053a
00054d
000552
000560
000575
000588
000593
0005ac
0005b6
0005c5
0005d8
0005ed
0005f1
000605
000615
00062a
000630
000640
00065b
000667
000674
000682
00069e
0006ab
0006be
0006c0
0006d6
0006ef
0006fe
00070d
00071c
00072f
000736
000748
000752
000768
00077a
00078a
00079a
0007a4
0007be
0007c9
0007d7
0007e9
0007f8
00080a
00081d
000822
000834
00084b
000851
000869
000876
000884
000890
0008ab
0008b9
0008ca
0008db
0008e9
0008ff
000905
000910
000924
000933
00094c
000959
000968
00097b
00098c
00099f
0009a6
0009bc
0009cc
0009d1
0009e0
0009f0
000a08
000a11
000a2d
000a3d
000a4c
000a57
000a64
000a7f
000a88
000a92
000aab
000abf
000ac9
000ad2
000ae0
000af4
000b02
000b14
000b29
000b39
000b49
000b55
000b63
000b7a
000b8e
000b9d
000bac
000bb9
000bcf
000bd5
000be5
000bf7
000c09
000c1d
000c20
000c3a
000c40
000c58
000c6d
000c7e
000c87
000c92
000ca5
000cbc
000cc8
000cd5
000cec
000cf9
000d05
000d1c
000d28
000d39
000d42
000d50
000d61
000d71
000d8e
000d98
000da0
000dbb
000dce
000dd7
000de8
000df6
000e06
000e12
000e2d
000e33
000e4d
000e58
000e6a
000e7d
000e85
000e90
000ea5
000ebd
000ec5
000ed5
000eed
000efd
000f03
000f14
000f2e
000f33
000f4f
000f59
000f65
000f7a
000f83
000f93
000fa1
000fb2
000fc7
000fd7
000fe6
000fff
001004
00101f
00102b
001036
001045
001054
001066
00107b
00108b
001099
0010a5
0010b3
0010c9
0010d4
0010ea
0010fa
00110f
00111e
001129
00113b
00114b
00115f
001167
001174
001189
001193
0011a8
0011b8
0011cd
0011df
0011e4
0011f8
001203
001216
001220
00123c
001248
001254
001267
001273
001283
001298
0012a7
0012b4
0012c2
0012dc
0012ec
0012fa
00130d
001313
00132e
00133c
001344
001356
00136a
001379
00138e
001390
0013a2
0013b2
0013cd
0013d0
0013e0
0013fb
001402
001417
001428
00143f
001442
00145c
00146b
001472
00148d
001496
0014a6
0014b2
0014cb
0014da
0014e0
0014ff
001505
00151e
001522
00153a
00154b
001553
001564
00157f
00158a
001592
0015ab
0015bc
0015c0
0015df
0015e1
0015f4
001605
001619
00162b
00163b
001643
001659
00166d
00167d
00168e
00169e
0016a9
0016bf
0016c4
0016db
0016ee
0016f5
001708
001716
001725
00173b
001740
001752
00176d
00177f
001787
00179f
0017a7
0017ba
0017c9
0017d3
0017e2
0017f5
00180e
001818
001825
00183f
001840
001858
00186d
001878
00188e
00189f
0018a2
0018b3
0018cb
0018d2
0018e6
0018f7
00190b
00191d
001922
00193e
00194d
001958
001969
00197f
001982
001996
0019ad
0019bb
0019cd
0019df
0019e0
0019f4
001a0d
001a18
001a27
001a3b
001a4c
001a55
001a6a
001a72
001a88
001a9b
001aa4
001ab3
001ac8
001adb
001aef
001af8
001b02
001b10
001b25
001b3e
001b4a
001b51
001b61
001b7a
001b8b
001b9a
001bab
001bbb
001bcb
001bdb
001bea
001bf7
001c04
001c1f
001c2c
001c3c
001c42
001c55
001c63
001c70
001c85
001c97
001ca6
001cbf
001cc7
001cd5
001cec
001cf0
001d03
001d15
001d2a
001d35
001d47
001d5f
001d6f
001d77
001d8a
001d97
001daa
001dbf
001dcc
001dd6
001def
001df6
001e04
001e11
001e22
001e34
001e48
001e52
001e63
001e73
001e87
001e95
001ea3
001ebd
001ec0
001ed4
001ee4
001ef6
001f0e
001f19
001f2e
001f37
001f41
001f58
001f6f
001f70
001f8f
001f91
001fa6
001fb2
001fcd
001fd6
001fee
001ff2
00200b
002014
002027
00203b
002041
00205f
00206d
00207e
002083
002099
0020af
0020bc
0020c3
0020de
0020eb
0020f1
002105
002115
00212e
00213e
002149
002151
00216d
002176
002187
00219d
0021af
0021b5
0021ce
0021da
0021ea
0021fb
00220d
002213
00222b
00223e
002243
002254
002268
002278
002285
00229a
0022a7
0022bc
0022c5
0022db
0022e6
0022f6
002303
002312
002327
002332
002346
00235f
002362
002370
00238f
00239c
0023ad
0023b8
0023c2
0023d6
0023ef
0023f9
00240a
002418
002424
00243c
00244d
00245a
002469
00247c
00248b
002498
0024a6
0024bc
0024cc
0024d4
0024e3
0024fa
002509
002518
00252f
002536
002548
002555
00256c
002574
002586
002596
0025a7
0025b7
0025c4
0025df
0025e4
0025fc
002602
00261b
002624
002634
002641
002656
002669
00267b
00268f
00269f
0026a7
0026b3
0026ca
0026d9
0026ea
0026f8
002702
002715
002720
00273d
002746
00275f
00276c
002772
002788
002792
0027ad
0027be
0027c4
0027d5
0027e1
0027f0
002801
00281a
002826
002838
00284c
002857
00286e
00287e
002885
00289c
0028ae
0028b5
0028cc
0028dd
0028ef
0028fb
00290b
002919
00292a
002937
002947
002956
002961
00297d
002982
002992
0029ae
0029b2
0029c7
0029dd
0029ea
0029f1
002a00
002a15
002a2f
002a35
002a45
002a5e
002a64
002a7e
002a85
002a9e
002aa4
002ab2
002acb
002ad7
002ae0
002aff
002b0d
002b16
002b22
002b34
002b42
002b50
002b64
002b7a
002b84
002b99
002ba7
002bbe
002bc1
002bd7
002beb
002bf1
002c09
002c14
002c23
002c34
002c46
002c5c
002c6b
002c79
002c80
002c95
002ca0
002cbf
002cc2
002cd1
002ce6
002cf1
002d0f
002d11
002d28
002d3a
002d4d
002d5c
002d6d
002d76
002d88
002d91
002da1
002db7
002dcb
002dda
002de3
002df3
002e0b
002e15
002e23
002e34
002e44
002e5a
002e62
002e77
002e8e
002e97
002ea2
002eb8
002ecf
002ed2
002eea
002ef2
002f0f
002f1a
002f29
002f35
002f45
002f51
002f64
002f7e
002f8e
002f9f
002fa9
002fbd
002fc2
002fd3
002fed
002ff8
003001
003017
003022
003038
003044
003058
00306d
00307a
00308e
00309f
0030a1
0030ba
0030c6
0030d3
0030e6
0030f0
003106
00311f
003120
003134
003141
003156
00316e
00317f
003181
003193
0031ab
0031b0
0031c3
0031d4
0031e2
0031f5
003206
00321d
003226
00323b
003246
003255
00326b
003272
003285
003299
0032a2
0032b2
0032ce
0032d5
0032e3
0032f3
003306
00331d
003323
00333c
003342
00335d
003368
00337a
00338c
003398
0033a3
0033be
0033ce
0033d5
0033eb
0033fa
00340b
003410
003421
00343c
003442
003456
003461
003477
003483
00349f
0034a0
0034b7
0034cd
0034d8
0034e5
0034fe
00350f
00351c
003522
003536
00354b
003550
003567
00357c
003582
003592
0035ab
0035b0
0035c0
0035df
0035e8
0035f0
00360b
00361f
00362a
00363b
00364d
003655
003662
003673
003684
00369b
0036ab
0036bf
0036cf
0036d4
0036e9
0036fd
00370f
00371c
003729
00373e
00374b
00375c
00376b
00377c
00378b
00379f
0037a1
0037b8
0037c7
0037de
0037e6
0037f2
003808
00381e
00382e
003834
00384a
003857
003869
003877
00388c
003894
0038a4
0038b2
0038c9
0038dd
0038e7
0038f8
003907
003919
003926
003932
00394d
003958
003967
00397f
003982
00399c
0039a0
0039b8
0039ca
0039de
0039e7
0039f7
003a03
003a15
003a23
003a3d
003a47
003a50
003a6a
003a7a
003a82
003a9a
003aa7
003aba
003ac9
003ad5
003aeb
003af8
003b09
003b17
003b26
003b38
003b4a
003b56
003b63
003b79
003b84
003b98
003bad
003bbb
003bc3
003bdc
003bea
003bf9
003c06
003c1d
003c21
003c36
003c45
003c5a
003c62
003c75
003c88
003c9e
003cac
003cb6
003ccd
003cd0
003ced
003cff
003d0c
003d16
003d2a
003d35
003d4e
003d50
003d6b
003d76
003d83
003d96
003da1
003dbb
003dcc
003ddb
003de7
003df1
003e08
003e19
003e29
003e32
003e46
003e59
003e61
003e7a
003e8c
003e90
003eac
003eba
003ece
003ed0
003ee4
003ef9
003f07
003f13
003f22
003f3d
003f44
003f5f
003f6f
003f7b
003f86
003f99
003faa
003fbf
003fcf
003fd6
003fef
003ff4
004001
004012
00402b
00403c
00404c
004051
004068
004070
004088
00409f
0040aa
0040b9
0040c8
0040d6
0040eb
0040fb
004100
004118
004120
00413c
004140
00415e
004160
004179
004187
00419e
0041a6
0041b3
0041c5
0041dd
0041e5
0041f7
00420a
004219
00422e
004231
00424f
004251
004266
004273
004280
004295
0042a5
0042b1
0042cb
0042da
0042e0
0042fd
004302
00431a
00432f
00433f
00434a
004351
00436d
004375
00438f
00439d
0043ad
0043be
0043ca
0043d7
0043e6
0043fe
004401
00441c
004420
00443b
004442
00445e
004465
00447c
004487
004498
0044af
0044b8
0044cb
0044df
0044e1
0044ff
004503
004510
00452a
00453e
00454b
004557
004563
00457c
004587
004593
0045a1
0045b1
0045ca
0045d4
0045ee
0045f5
004609
004610
00462c
004637
00464b
004653
004666
004670
00468e
00469f
0046a0
0046ba
0046c6
0046d2
0046ea
0046fe
00470e
004717
004723
00473a
004748
004757
00476b
004779
004786
004790
0047a3
0047b1
0047c9
0047df
0047e7
0047fa
004803
004814
004826
004836
00484c
00485d
004863
004877
004885
004899
0048aa
0048b4
0048c7
0048d6
0048e3
0048f8
004901
00491b
004926
004936
004944
004956
004969
00497e
00498a
00499c
0049ab
0049bd
0049c7
0049d1
0049e9
0049f0
004a04
004a10
004a2f
004a33
004a4d
004a58
004a69
004a77
004a82
004a96
004aa3
004abc
004ac9
004adb
004ae1
004afb
004b09
004b10
004b2d
004b30
004b4f
004b5c
004b66
004b72
004b85
004b9e
004bae
004bbc
004bc2
004bd7
004be7
004bfe
004c0f
004c14
004c21
004c3c
004c42
004c51
004c65
004c79
004c8f
004c93
004ca3
004cbe
004cc0
004cd0
004ce8
004cfa
004d07
004d1a
004d24
004d36
004d41
004d57
004d67
004d71
004d89
004d9d
004da7
004dba
004dc0
004ddd
004deb
004df7
004e0c
004e1a
004e2e
004e35
004e47
004e53
004e66
004e7a
004e80
004e96
004ea0
004ebd
004ec7
004ed0
004ee8
004efd
004f06
004f17
004f22
004f3b
004f4b
004f5c
004f61
004f7d
004f86
004f91
004fa4
004fb2
004fc2
004fd1
004fe9
004ffd
005001
005013
00502d
00503a
005044
005054
00506b
005070
005080
00509b
0050a6
0050b9
0050c1
0050d5
0050e8
0050fe
00510e
005111
005129
00513d
005148
00515e
00516e
00517f
005180
005190
0051a1
0051b6
0051c9
0051dc
0051eb
0051f1
00520b
00521f
005229
005230
005247
005250
00526f
005271
005288
00529b
0052a0
0052bf
0052c6
0052d5
0052e8
0052ff
005306
005311
005328
00533f
005341
005352
005362
00537d
005381
00539d
0053a8
0053b9
0053c4
0053d8
0053e1
0053f5
00540a
005418
005427
00543f
005447
00545f
00546a
005479
005483
00549c
0054ac
0054b3
0054c1
0054dd
0054e8
0054f3
005503
00551c
005522
005537
00554f
00555e
00556f
00557a
005586
005598
0055a6
0055b0
0055ca
0055dd
0055e7
0055f9
005608
00561d
005629
00563c
005648
005657
005662
005670
00568b
00569c
0056ad
0056bf
0056c1
0056dc
0056ed
0056f9
005705
005712
005720
005739
005748
005753
005765
005772
00578b
00579e
0057ac
0057b1
0057cb
0057d9
0057e5
0057fe
00580a
00581e
005825
005834
005849
005851
00586c
005876
005887
00589c
0058a3
0058bb
0058c6
0058d2
0058e9
0058f5
005904
005912
00592e
005938
005944
005957
005960
005979
00598f
005991
0059a2
0059b3
0059c0
0059d2
0059e6
0059fb
005a09
005a1a
005a2f
005a37
005a46
005a5f
005a6a
005a76
005a86
005a9f
005aad
005ab3
005ac5
005ad0
005aea
005af3
005b0c
005b13
005b25
005b38
005b4b
005b5e
005b61
005b7f
005b82
005b9c
005ba4
005bb6
005bc3
005bd4
005bed
005bf5
005c06
005c16
005c27
005c36
005c49
005c5c
005c6f
005c7f
005c82
005c95
005ca3
005cb2
005cc2
005cd3
005ceb
005cfa
005d06
005d17
005d25
005d3a
005d46
005d5a
005d6c
005d77
005d8d
005d97
005da8
005dbd
005dce
005dd2
005de1
005dff
005e0d
005e11
005e27
005e37
005e4d
005e57
005e64
005e73
005e87
005e96
005eac
005eb9
005ecc
005ed3
005eec
005ef8
005f0b
005f11
005f2a
005f35
005f4e
005f55
005f68
005f7c
005f82
005f9f
005fa3
005fb0
005fc8
005fd9
005fef
005ffa
006006
00601d
006025
00603a
00604b
006054
006065
006072
00608c
00609f
0060a1
0060b7
0060c6
0060d3
0060ee
0060f8
006106
006111
006129
006137
006141
006153
006160
006174
00618d
006191
0061aa
0061b8
0061c9
0061d1
0061ee
0061f8
00620e
006212
006223
00623e
006240
006251
006265
006279
00628c
006299
0062a4
0062b8
0062c6
0062d1
0062e4
0062f4
00630b
00631c
00632e
006332
006342
006354
006367
006374
00638a
006395
0063a1
0063b7
0063cf
0063d3
0063ee
0063f7
00640d
00641b
006425
00643e
00644d
006459
006461
00647f
006483
006494
0064a4
0064b7
0064c1
0064dd
0064e1
0064f9
006504
006517
00652a
00653f
006546
006551
00656b
006575
006586
006594
0065a4
0065bc
0065cd
0065d3
0065e4
0065ff
00660e
00661c
006622
006636
00664a
00665d
006664
006677
006681
006692
0066a5
0066b7
0066c6
0066dc
0066ed
0066f2
00670a
006716
006722
006739
006744
006759
006761
006775
00678b
006794
0067a9
0067b7
0067cf
0067dc
0067e4
0067f0
006802
006819
00682a
006834
006842
006855
006869
006879
006888
006899
0068ad
0068b2
0068c6
0068de
0068e2
0068f0
00690e
006910
006923
006930
00694a
006955
006961
006970
00698b
00699d
0069a2
0069bb
0069ce
0069d2
0069e8
0069f6
006a00
006a1d
006a29
006a39
006a45
006a54
006a6e
006a70
006a81
006a90
006aaa
006ab6
006ac8
006add
006aea
006afd
006b05
006b16
006b2c
006b30
006b42
006b5a
006b6e
006b7a
006b89
006b9a
006ba0
006bb2
006bc5
006bde
006bea
006bf2
006c0b
006c1d
006c2d
006c3c
006c4a
006c57
006c65
006c77
006c8c
006c9d
006ca0
006cbc
006ccf
006cdc
006ce7
006cf6
006d0b
006d16
006d28
006d38
006d48
006d5a
006d67
006d74
006d8d
006d9b
006da8
006dbf
006dc0
006dd2
006de2
006dfc
006e0d
006e13
006e20
006e31
006e47
006e56
006e68
006e74
006e8f
006e9e
006ea0
006ebc
006ecf
006ede
006ee0
006ef2
006f06
006f13
006f29
006f3a
006f41
006f50
006f62
006f7b
006f8b
006f99
006fa2
006fb7
006fc7
006fd8
006fe6
006ff9
007006
007013
007021
007036
00704f
007057
007061
007072
007089
007099
0070af
0070b8
0070c0
0070d4
0070eb
0070f4
007109
007116
007122
00713f
00714f
007153
007162
007177
00718d
007192
0071a1
0071b0
0071cb
0071d8
0071e1
0071f1
00720f
00721b
00722a
00723d
007244
00725f
007261
007272
00728b
007290
0072a2
0072b8
0072cc
0072dd
0072ee
0072fe
007308
007312
007327
007330
00734d
007355
007366
007371
007383
007398
0073a5
0073b0
0073cc
0073d6
0073ef
0073fd
00740e
007416
00742a
007435
00744d
00745a
00746c
007470
007485
007497
0074ad
0074b5
0074c0
0074dd
0074ed
0074f5
00750b
00751a
007529
007537
007545
007551
007567
007577
007583
00759e
0075a9
0075ba
0075cf
0075d1
0075ef
0075f2
00760d
007619
007625
007638
007647
00765d
00766b
007671
007680
007694
0076a3
0076bb
0076cd
0076d6
0076e7
0076f0
00770c
00771f
007721
007734
00774c
007754
007768
00777e
007787
00779d
0077a7
0077bb
0077c7
0077d9
0077e4
0077f7
00780e
007811
00782f
00783b
007841
007857
007863
007877
007880
007897
0078a3
0078bf
0078c1
0078da
0078ee
0078f3
007906
00791e
007921
00793b
007944
007955
00796e
007972
007986
007995
0079aa
0079b0
0079c2
0079dc
0079e3
0079f9
007a07
007a1f
007a29
007a37
007a4a
007a53
007a60
007a78
007a8f
007a96
007aa7
007ab1
007ac2
007ad6
007aed
007af1
007b0a
007b1b
007b23
007b36
007b48
007b5e
007b6f
007b7e
007b8d
007b92
007ba6
007bbb
007bc1
007bda
007bef
007bf9
007c01
007c1b
007c2e
007c37
007c49
007c5b
007c65
007c79
007c8e
007c93
007ca3
007cbf
007ccc
007cde
007ce0
007cf2
007d04
007d14
007d2d
007d37
007d44
007d51
007d60
007d72
007d81
007d9c
007dad
007db1
007dc5
007dd2
007dee
007dfe
007e0c
007e17
007e24
007e3d
007e4f
007e56
007e66
007e7a
007e88
007e90
007ea9
007ebe
007ec7
007edb
007eef
007efb
007f03
007f1d
007f24
007f30
007f4a
007f58
007f67
007f79
007f8e
007f92
007fad
007fb6
007fc0
007fdb
007fe6
007ffd
00800f
00801c
008022
008034
00804c
008054
00806a
008079
008083
008090
0080a2
0080ba
0080c5
0080d0
0080ee
0080f2
008101
008117
00812d
008131
008149
008150
008169
008173
008185
00819c
0081a3
0081be
0081c6
0081d2
0081ef
0081fa
008200
008218
008226
008234
008240
00825a
008264
008279
008280
00829a
0082af
0082bb
0082c7
0082d2
0082e0
0082f9
00830b
008319
008322
008334
00834d
00835f
008360
00837f
008387
00839f
0083af
0083ba
0083c9
0083dd
0083e5
0083f1
00840a
008419
00842a
00843b
008448
008452
008466
00847b
008487
008493
0084a2
0084be
0084ce
0084d8
0084e9
0084fd
008507
008515
008524
008533
008549
00855c
00856b
008577
008582
008592
0085ae
0085bf
0085c4
0085d7
0085e5
0085ff
008606
00861a
00862a
008638
008649
00865d
008660
008671
00868a
00869f
0086a5
0086bf
0086c2
0086da
0086ea
0086ff
00870a
008717
008722
008731
008745
008755
008761
00877a
008787
008793
0087a6
0087b1
0087ca
0087d1
0087e8
0087fc
008802
008818
008827
00883e
008844
008855
00886c
008873
00888b
008895
0088a8
0088be
0088c3
0088d2
0088e3
0088f2
008906
008918
008921
00893a
00894d
00895c
008962
008972
008986
008993
0089aa
0089b0
0089c6
0089d6
0089e4
0089fa
008a07
008a17
008a2e
008a31
008a4d
008a5c
008a65
008a7a
008a86
008a96
008aa2
008abe
008ac9
008ada
008aee
008afc
008b0c
008b19
008b2e
008b39
008b4b
008b5f
008b61
008b7e
008b8e
008b93
008ba1
008bbd
008bcb
008bd9
008be4
008bfa
008c04
008c16
008c23
008c30
008c43
008c5c
008c6c
008c7c
008c85
008c93
008caa
008cb8
008cc4
008cd1
008cee
008cf0
008d06
008d12
008d2d
008d37
008d43
008d51
008d60
008d77
008d87
008d95
008da6
008db9
008dce
008ddb
008de1
008df8
008e06
008e14
008e21
008e37
008e47
008e52
008e63
008e7a
008e81
008e9c
008ea1
008eb1
008ec5
008edb
008eea
008ef0
008f0a
008f16
008f24
008f33
008f43
008f59
008f68
008f70
008f8d
008f92
008fa9
008fb5
008fc8
008fdc
008fe7
008ffc
009009
009011
009021
00903b
009044
00905e
009064
009075
00908e
009094
0090af
0090b8
0090cd
0090df
0090e1
0090fb
009109
009117
009129
00913e
009143
009150
009165
00917b
009188
009196
0091a3
0091b8
0091ca
0091d1
0091e1
0091fe
009205
009213
009221
009231
009249
00925e
009269
009273
00928f
009291
0092a0
0092b9
0092c7
0092d5
0092ec
0092f4
00930d
00931c
009320
00933f
009345
00935a
00936c
009373
009381
009399
0093a6
0093ba
0093c9
0093d6
0093e0
0093f2
00940c
00941a
009424
009434
00944a
00945d
009463
009470
009485
009499
0094af
0094b2
0094ce
0094dd
0094eb
0094f3
009508
009514
009520
00953c
009547
009553
009563
009576
00958e
009599
0095ab
0095b4
0095cb
0095d9
0095e6
0095f2
009604
009615
009624
00963a
009646
009658
00966a
00967e
009683
009699
0096aa
0096bf
0096c9
0096df
0096e2
0096f3
00970e
009711
00972c
009736
009742
00975f
009769
00977a
00978f
009790
0097a2
0097b1
0097c6
0097da
0097e5
0097f6
009800
00981b
009828
009834
009842
009855
00986a
009873
00988f
00989f
0098ab
0098b3
0098ca
0098d0
0098ee
0098f6
009904
009914
009920
009933
00994a
009950
009962
009978
00998d
009990
0099ad
0099b5
0099cb
0099d2
0099e9
0099f7
009a0b
009a16
009a23
009a33
009a42
009a51
009a6d
009a72
009a85
009a9a
009aac
009abb
009ac1
009ad9
009ae8
009afd
009b0d
009b12
009b21
009b3d
009b48
009b52
009b6e
009b7f
009b89
009b94
009baf
009bb0
009bc8
009bdc
009be5
009bfd
009c04
009c11
009c23
009c35
009c45
009c50
009c64
009c7e
009c8f
009c93
009ca7
009cb5
009cca
009cd0
009ce3
009cf1
009d00
009d12
009d24
009d3f
009d47
009d50
009d6c
009d70
009d85
009d9a
009dae
009dbf
009dcf
009dd3
009deb
009dfa
009e0e
009e17
009e25
009e34
009e41
009e5e
009e68
009e76
009e82
009e93
009ea0
009eb7
009ec5
009ed1
009ee8
009ef3
009f0d
009f1c
009f22
009f3d
009f42
009f5d
009f68
009f7b
009f81
009f9b
009fa8
009fbd
009fce
009fdb
009fec
009ffc
00a008
00a015
00a023
00a03d
00a04b
00a05e
00a063
00a07e
00a08f
00a09c
00a0a6
00a0b8
00a0c2
00a0da
00a0ed
00a0fe
00a107
00a111
00a12f
00a13b
00a14e
00a153
00a16d
00a175
00a18b
00a190
00a1ae
00a1b3
00a1c6
00a1d3
00a1e2
00a1f1
00a20b
00a21b
00a228
00a23d
00a243
00a258
00a266
00a273
00a286
00a293
00a2ac
00a2b8
00a2c6
00a2d2
00a2e0
00a2fa
00a300
00a313
00a327
00a339
00a34f
00a353
00a360
00a374
00a387
00a396
00a3ae
00a3bb
00a3cb
00a3d4
00a3e8
00a3f0
00a40b
00a413
00a424
00a432
00a449
00a458
00a464
00a472
00a486
00a490
00a4a4
00a4b9
00a4c9
00a4da
00a4ef
00a4f4
00a50c
00a518
00a52c
00a530
00a547
00a553
00a563
00a57f
00a583
00a59a
00a5ae
00a5b0
00a5cf
00a5d3
00a5e0
00a5fb
00a603
00a618
00a62c
00a630
00a64c
00a659
00a664
00a677
00a682
00a69f
00a6a6
00a6bf
00a6cc
00a6d1
00a6e2
00a6f5
00a70b
00a718
00a725
00a739
00a74f
00a75c
00a767
00a770
00a782
00a79b
00a7af
00a7b7
00a7cb
00a7dd
00a7ed
00a7fa
00a803
00a81a
00a822
00a838
00a84f
00a85a
00a86a
00a872
00a881
00a89d
00a8ad
00a8b1
00a8c4
00a8de
00a8e0
00a8f6
00a904
00a914
00a92a
00a934
00a94e
00a953
00a960
00a97d
00a98b
00a998
00a9a8
00a9b4
00a9cc
00a9de
00a9e0
00a9fe
00aa0a
00aa1d
00aa29
00aa3a
00aa42
00aa50
00aa62
00aa79
00aa8e
00aa9a
00aaab
00aabf
00aac3
00aadb
00aaed
00aafa
00ab09
00ab19
00ab28
00ab32
00ab47
00ab55
00ab6e
00ab7f
00ab87
00ab98
00aba1
00abb3
00abc1
00abd2
00abe4
00abfd
00ac01
00ac19
00ac22
00ac3e
00ac47
00ac58
00ac69
00ac72
00ac8c
00ac9f
00aca8
00acba
00acc5
00acd6
00acea
00acfc
00ad0c
00ad17
00ad20
00ad30
00ad4c
00ad5b
00ad6a
00ad7e
00ad8c
00ad9f
00ada3
00adb9
00adcf
00addd
00adee
00adfd
00ae00
00ae12
00ae25
00ae3b
00ae49
00ae58
00ae6a
00ae74
00ae8f
00ae97
00aeae
00aeb5
00aecd
00aedc
00aee2
00aef9
00af0c
00af14
00af22
00af31
00af43
00af5e
00af6b
00af79
00af85
00af95
00afa0
00afb9
00afcd
00afd5
00afec
00aff9
00b003
00b015
00b025
00b03e
00b04d
00b053
00b066
00b07b
00b080
00b096
00b0a1
00b0b1
00b0c9
00b0d8
00b0e0
00b0fe
00b108
00b11e
00b123
00b13e
00b14d
00b15b
00b162
00b175
00b187
00b19b
00b1af
00b1b7
00b1cd
00b1d4
00b1e0
00b1fd
00b20c
00b219
00b225
00b232
00b241
00b254
00b26b
00b278
00b286
00b292
00b2a5
00b2b9
00b2ca
00b2d2
00b2ee
00b2fb
00b304
00b317
00b322
00b33c
00b34c
00b358
00b36a
00b377
00b383
00b399
00b3a5
00b3b4
00b3c3
00b3d3
00b3eb
00b3ff
00b404
00b410
00b427
00b438
00b447
00b451
00b466
00b472
00b483
00b49f
00b4a3
00b4bb
00b4c3
00b4d3
00b4e4
00b4f0
00b500
00b515
00b524
00b53e
00b54f
00b555
00b56e
00b578
00b58d
00b59f
00b5a0
00b5b6
00b5ca
00b5dc
00b5ea
00b5fe
00b60d
00b617
00b623
00b638
00b64d
00b654
00b662
00b671
00b682
00b693
00b6a8
00b6b2
00b6c6
00b6d5
00b6ee
00b6fe
00b70b
00b716
00b729
00b73b
00b742
00b75c
00b76d
00b77c
00b784
00b79f
00b7a5
00b7bd
00b7cf
00b7d9
00b7e3
00b7f9
00b809
00b810
00b82d
00b833
00b845
00b85b
00b860
00b874
00b884
00b892
00b8a0
00b8b0
00b8c4
00b8dd
00b8e3
00b8fd
00b90c
00b914
00b924
00b93f
00b94a
00b957
00b968
00b976
00b981
00b996
00b9a3
00b9bf
00b9c1
00b9db
00b9e3
00b9f0
00ba0d
00ba1d
00ba21
00ba35
00ba43
00ba53
00ba6d
00ba77
00ba84
00ba94
00baa3
00bab8
00bac0
00bad5
00baef
00bafa
00bb01
00bb10
00bb26
00bb35
00bb42
00bb53
00bb68
00bb75
00bb82
00bb9b
00bba2
00bbb2
00bbc8
00bbdf
00bbe4
00bbf3
00bc0f
00bc18
00bc25
00bc3a
00bc42
00bc5f
00bc6f
00bc7a
00bc8f
00bc94
00bca8
00bcb6
00bcc5
00bcda
00bced
00bcf1
00bd06
00bd1c
00bd27
00bd31
00bd40
00bd5c
00bd6a
00bd76
00bd80
00bd94
00bda7
00bdb0
00bdc7
00bdd6
00bdec
00bdfb
00be0b
00be17
00be21
00be3d
00be4a
00be53
00be63
00be7f
00be8b
00be9a
00beae
00bebe
00bec8
00bed7
00bee4
00befa
00bf0c
00bf1c
00bf24
00bf3a
00bf47
00bf5a
00bf6d
00bf7b
00bf82
00bf92
00bfa3
00bfb5
00bfc3
00bfdb
00bfee
00bffd
00c00d
00c015
00c021
00c03d
00c04d
00c054
00c067
00c074
00c081
00c09f
00c0a6
00c0bf
00c0ce
00c0d6
00c0e6
00c0f8
00c10e
00c119
00c127
00c130
00c145
00c159
00c168
00c176
00c180
00c191
00c1a7
00c1b0
00c1c1
00c1d9
00c1e8
00c1f1
00c203
00c21b
00c225
00c230
00c24e
00c253
00c26c
00c274
00c286
00c292
00c2a9
00c2be
00c2ce
00c2d5
00c2e6
00c2f9
00c301
00c31f
00c32f
00c33a
00c34d
00c353
00c36c
00c37b
00c380
00c39b
00c3af
00c3b8
00c3cc
00c3d9
00c3e8
00c3f7
00c402
00c416
00c422
00c431
00c44a
00c450
00c462
00c47b
00c487
00c497
00c4ab
00c4b3
00c4ca
00c4de
00c4e7
00c4fb
00c50d
00c51c
00c527
00c530
00c541
00c551
00c568
00c571
00c58d
00c59c
00c5a1
00c5b4
00c5cf
00c5dc
00c5e8
00c5fc
00c60c
00c619
00c62a
00c637
00c642
00c655
00c66b
00c67c
00c68b
00c690
00c6a5
00c6b6
00c6c5
00c6d5
00c6e1
00c6ff
00c704
00c719
00c727
00c738
00c748
00c75a
00c76c
00c77e
00c78a
00c793
00c7a9
00c7ba
00c7c8
00c7dd
00c7e1
00c7fe
00c80f
00c81d
00c828
00c831
00c84e
00c85f
00c86b
00c871
00c88c
00c899
00c8a0
00c8b8
00c8c6
00c8d6
00c8e7
00c8fe
00c909
00c91c
00c921
00c938
00c946
00c951
00c962
00c97d
00c986
00c99b
00c9a1
00c9b1
00c9c5
00c9de
00c9e9
00c9fa
00ca0b
00ca1f
00ca26
00ca38
00ca47
00ca5b
00ca60
00ca7b
00ca83
00ca96
00caa5
00cabd
00cac5
00cad1
00cae3
00caf4
00cb09
00cb1e
00cb2c
00cb36
00cb4c
00cb5d
00cb6e
00cb74
00cb8f
00cb96
00cba4
00cbb2
00cbc8
00cbd3
00cbee
00cbf4
00cc02
00cc1f
00cc29
00cc39
00cc45
00cc57
00cc64
00cc77
00cc87
00cc96
00ccab
00ccba
00ccc6
00ccd1
00ccec
00ccf7
00cd01
00cd15
00cd2f
00cd30
00cd47
00cd59
00cd66
00cd7c
00cd84
00cd95
00cdae
00cdb7
00cdc5
00cddf
00cdeb
00cdf9
00ce00
00ce17
00ce27
00ce3b
00ce4f
00ce54
00ce67
00ce73
00ce86
00ce9b
00cead
00ceb5
00cecb
00cede
00cee7
00cefe
00cf0f
00cf1b
00cf25
00cf32
00cf40
00cf5a
00cf62
00cf74
00cf83
00cf94
00cfaa
00cfb2
00cfc2
00cfdd
00cfed
00cff3
00d001
00d01d
00d029
00d03e
00d040
00d057
00d061
00d077
00d081
00d099
00d0a9
00d0b9
00d0c3
00d0da
00d0e7
00d0f9
00d102
00d11f
00d12e
00d135
00d14b
00d15b
00d166
00d173
00d18a
00d19f
00d1a2
00d1b8
00d1c6
00d1d1
00d1e0
00d1fa
00d202
00d216
00d224
00d230
00d247
00d257
00d263
00d27f
00d284
00d299
00d2a4
00d2b2
00d2cf
00d2dc
00d2ea
00d2ff
00d306
00d31d
00d325
00d33c
00d342
00d359
00d362
00d37d
00d38f
00d398
00d3ab
00d3b9
00d3c8
00d3d2
00d3e4
00d3ff
00d409
00d419
00d421
00d439
00d44d
00d45d
00d46d
00d474
00d48e
00d499
00d4a2
00d4ba
00d4c2
00d4db
00d4e4
00d4f0
00d50f
00d51f
00d523
00d531
00d54d
00d55a
00d564
00d577
00d581
00d597
00d5a6
00d5bd
00d5c7
00d5d5
00d5ef
00d5f9
00d60e
00d614
00d62a
00d632
00d64a
00d65d
00d66d
00d67d
00d686
00d699
00d6ad
00d6bf
00d6cf
00d6d3
00d6e9
00d6fd
00d70a
00d71a
00d720
00d735
00d743
00d757
00d762
00d773
00d78d
00d795
00d7a2
00d7bd
00d7cd
00d7d6
00d7e2
00d7f7
00d808
00d817
00d822
00d83c
00d845
00d855
00d869
00d872
00d887
00d89d
00d8af
00d8b2
00d8ca
00d8d4
00d8e6
00d8f7
00d90e
00d91a
00d926
00d936
00d94e
00d950
00d960
00d97e
00d983
00d99a
00d9ad
00d9bb
00d9c5
00d9d6
00d9ed
00d9f9
00da0f
00da18
00da27
00da30
00da45
00da58
00da65
00da75
00da8b
00da92
00daa7
00dabe
00dac6
00dadf
00daeb
00daf4
00db01
00db1a
00db2c
00db38
00db4c
00db5a
00db60
00db77
00db80
00db9d
00dba6
00dbbc
00dbc6
00dbd5
00dbee
00dbf4
00dc0c
00dc12
00dc2a
00dc39
00dc47
00dc5a
00dc65
00dc79
00dc85
00dc98
00dca9
00dcb4
00dcc6
00dcd8
00dce8
00dcf3
00dd00
00dd10
00dd2c
00dd3c
00dd4e
00dd50
00dd60
00dd73
00dd80
00dd90
00dda2
00ddb5
00ddc3
00ddd9
00dde8
00ddf4
00de03
00de1b
00de23
00de3f
00de4a
00de59
00de64
00de78
00de82
00de9f
00dead
00debe
00dec1
00dede
00deeb
00def1
00df06
00df1f
00df29
00df38
00df4f
00df50
00df61
00df78
00df8b
00df9b
00dfa5
00dfb1
00dfcd
00dfd9
00dfea
00dffe
00e00e
00e01b
00e02d
00e033
00e04c
00e05a
00e06d
00e078
00e084
00e09b
00e0ac
00e0b7
00e0cf
00e0d1
00e0e1
00e0f3
00e100
00e110
00e123
00e138
00e140
00e152
00e16b
00e174
00e18d
00e19c
00e1a5
00e1bc
00e1cf
00e1db
00e1e5
00e1f1
00e20a
00e21d
00e224
00e232
00e242
00e258
00e264
00e27e
00e284
00e297
00e2a9
00e2b0
00e2c2
00e2dd
00e2ec
00e2fd
00e308
00e311
00e32c
00e338
00e34f
00e35c
00e369
00e378
00e382
00e391
00e3ac
00e3b3
00e3c8
00e3d8
00e3eb
00e3f6
00e409
00e41f
00e42c
00e435
00e447
00e456
00e466
00e47a
00e486
00e499
00e4a4
00e4b7
00e4cf
00e4dc
00e4ec
00e4f0
00e502
00e517
00e52d
00e530
00e546
00e554
00e566
00e57d
00e580
00e593
00e5a6
00e5b1
00e5cf
00e5d2
00e5e2
00e5fd
00e60b
00e61a
00e62c
00e63a
00e646
00e65d
00e667
00e67d
00e68f
00e699
00e6a0
00e6b3
00e6ce
00e6d6
00e6eb
00e6f2
00e709
00e715
00e72c
00e732
00e74e
00e756
00e763
00e773
00e784
00e798
00e7a0
00e7b5
00e7ca
00e7d9
00e7eb
00e7f1
00e80f
00e817
00e829
00e837
00e84a
00e85d
00e869
00e875
00e886
00e89e
00e8a0
00e8b2
00e8c9
00e8d7
00e8e7
00e8f8
00e90a
00e917
00e92f
00e937
00e94c
00e950
00e96e
00e975
00e98a
00e99d
00e9af
00e9bf
00e9c1
00e9de
00e9e9
00e9f7
00ea0f
00ea11
00ea27
00ea3a
00ea4d
00ea57
00ea6c
00ea7b
00ea87
00ea98
00eaa5
00eaba
00eacc
00ead6
00eae2
00eaf3
00eb07
00eb13
00eb2b
00eb3d
00eb44
00eb50
00eb64
00eb71
00eb8a
00eb90
00eba6
00ebb5
00ebce
00ebdd
00ebe1
00ebf1
00ec0f
00ec1d
00ec23
00ec30
00ec43
00ec50
00ec62
00ec75
00ec81
00ec9e
00ecac
00ecb9
00ecc6
00ecda
00ece1
00ecf6
00ed00
00ed1c
00ed2b
00ed3e
00ed40
00ed55
00ed65
00ed79
00ed8b
00ed9a
00edae
00edba
00edc6
00edde
00edee
00edf0
00ee0e
00ee19
00ee27
00ee3e
00ee4c
00ee54
00ee61
00ee7e
00ee87
00ee92
00eeac
00eeb1
00eecb
00eed0
00eee8
00eefd
00ef0f
00ef1a
00ef21
00ef3e
00ef4f
00ef58
00ef6b
00ef7b
00ef8f
00ef96
00efa9
00efba
00efc8
00efdb
00efe8
00eff3
00f008
00f012
00f02b
00f036
00f044
00f051
00f065
00f070
00f086
00f09e
00f0af
00f0b0
00f0ce
00f0d8
00f0eb
00f0f0
00f104
00f11c
00f122
00f130
00f14e
00f153
00f169
00f177
00f18c
00f193
00f1a0
00f1bc
00f1c5
00f1d1
00f1e4
00f1f1
00f20a
00f211
00f22b
00f236
00f245
00f25e
00f261
00f27f
00f288
00f29b
00f2a0
00f2b5
00f2c1
00f2d1
00f2eb
00f2fd
00f303
00f317
00f320
00f33a
00f340
00f355
00f36e
00f374
00f388
00f39c
00f3a3
00f3b3
00f3cd
00f3d8
00f3e0
00f3fa
00f401
00f413
00f427
00f438
00f443
00f45d
00f468
00f47c
00f484
00f498
00f4a7
00f4ba
00f4ce
00f4d2
00f4ef
00f4f3
00f503
00f512
00f52e
00f539
00f54c
00f557
00f561
00f57b
00f586
00f59d
00f5ae
00f5b1
00f5c1
00f5df
00f5ef
00f5f4
00f604
00f61e
00f625
00f633
00f647
00f658
00f664
00f679
00f686
00f690
00f6a8
00f6bb
00f6ce
00f6d7
00f6e6
00f6ff
00f70b
00f71b
00f725
00f734
00f74e
00f753
00f76b
00f777
00f78c
00f790
00f7a9
00f7b1
00f7c4
00f7d1
00f7e3
00f7fc
00f808
00f813
00f821
00f83a
00f84b
00f859
00f861
00f87c
00f88d
00f89d
00f8ab
00f8bb
00f8ca
00f8d3
00f8ea
00f8f6
00f906
00f916
00f920
00f930
00f940
00f954
00f96e
00f979
00f98a
00f99a
00f9a2
00f9b5
00f9c3
00f9d4
00f9eb
00f9fe
00fa0c
00fa15
00fa25
00fa30
00fa4f
00fa54
00fa68
00fa7b
00fa86
00fa90
00faa2
00fabf
00fac0
00fad3
00fae2
00fafc
00fb0c
00fb1f
00fb2e
00fb39
00fb4f
00fb55
00fb66
00fb7d
00fb8e
00fb9b
00fba6
00fbbb
00fbcc
00fbd6
00fbe1
00fbf8
00fc0d
00fc16
00fc26
00fc3f
00fc48
00fc50
00fc6f
00fc71
00fc83
00fc91
00fca7
00fcb7
00fcc7
00fcd0
00fce0
00fcf0
00fd05
00fd13
00fd2a
00fd31
00fd49
00fd52
00fd6b
00fd74
00fd82
00fd98
00fdab
00fdbe
00fdc4
00fddc
00fde8
00fdfd
00fe0d
00fe14
00fe28
00fe30
00fe4f
00fe5d
00fe6d
00fe78
00fe83
00fe9a
00fea1
00feb1
00fec2
00fedb
00feea
00fef5
00ff0c
00ff1f
00ff2f
00ff3b
00ff48
00ff50
00ff67
00ff76
00ff87
00ff91
00ffac
00ffbf
00ffc0
00ffd8
00ffe2
00fffc
010000
01001d
010029
010034
010046
01005e
010061
01007e
010087
01009f
0100af
0100bb
0100c4
0100de
0100ee
0100f2
01010a
010117
01012d
01013d
01014b
010157
010164
01017a
01018e
01019b
0101a0
0101b7
0101c2
0101db
0101ef
0101f2
010208
010217
01022c
010233
010241
010251
010266
01027a
010287
010291
0102a4
0102b6
0102cd
0102d5
0102e0
0102fc
010300
010316
010320
010339
010349
010359
010362
010377
010384
010392
0103a1
0103bf
0103c0
0103d2
0103ed
0103f8
010403
010411
01042b
010436
01044a
01045a
01046f
01047d
010483
01049c
0104ad
0104b9
0104c6
0104d8
0104e7
0104ff
01050e
010512
010529
01053c
010547
010558
010566
010575
010588
01059a
0105a5
0105bb
0105c9
0105d6
0105e3
0105f9
010606
01061f
010629
010636
010646
01065d
010668
010670
01068c
010698
0106ae
0106b0
0106c7
0106d0
0106ea
0106f2
010702
01071a
010729
01073d
01074d
010751
01076a
010777
01078d
01079f
0107ac
0107b3
0107c9
0107df
0107ef
0107f9
010809
01081d
010827
010834
010849
010850
010862
01087f
01088b
010899
0108a5
0108b4
0108cd
0108da
0108e6
0108f6
01090c
010917
010924
010933
010946
01095b
01096f
010972
01098f
010993
0109a2
0109bf
0109cd
0109d2
0109ef
0109f7
010a0f
010a1c
010a20
010a3e
010a4b
010a53
010a60
010a76
010a87
010a96
010aad
010ab2
010ac6
010ad5
010ae8
010af7
010b06
010b11
010b26
010b38
010b45
010b56
010b63
010b72
010b85
010b95
010ba2
010bb2
010bc7
010bd1
010bed
010bf5
010c07
010c1d
010c2d
010c30
010c4d
010c53
010c62
010c7f
010c8e
010c98
010ca8
010cb1
010cc9
010cdd
010cec
010cf0
010d07
010d15
010d2a
010d32
010d44
010d55
010d6d
010d77
010d85
010d9d
010dae
010dba
010dc9
010ddf
010de3
010df8
010e04
010e17
010e28
010e39
010e4f
010e5f
010e65
010e77
010e84
010e93
010ea9
010ebf
010ec1
010ed0
010ee4
010ef4
010f0f
010f13
010f2a
010f3b
010f43
010f55
010f62
010f79
010f89
010f98
010fac
010fbe
010fc8
010fd7
010fe7
010ff0
01100b
01101a
011022
01103b
01104b
011054
011061
01107d
011088
011096
0110a0
0110b6
0110c3
0110de
0110ed
0110f5
01110b
011118
01112e
011133
011148
011154
011166
011175
01118a
011194
0111ac
0111b5
0111c9
0111d3
0111e5
0111fa
01120a
011213
011221
01123d
01124c
01125d
01126a
011276
011288
011295
0112aa
0112bd
0112cb
0112d1
0112e8
0112f4
011303
011315
01132a
011332
011343
011351
011363
01137b
011389
01139e
0113a7
0113b7
0113c1
0113d2
0113e7
0113f0
011402
011411
011428
011433
011448
01145f
011468
01147c
01148b
01149f
0114a3
0114bf
0114c3
0114d3
0114e3
0114f3
01150a
011517
011524
011531
011545
011551
01156b
01157d
011584
011593
0115ae
0115b6
0115cc
0115d6
0115e7
0115f9
011600
011611
011627
01163b
01164b
01165e
011660
011670
011686
011693
0116aa
0116b3
0116cc
0116d1
0116e2
0116fc
011706
01171b
011720
01173d
01174b
011756
011761
011779
011785
011796
0117a7
0117bd
0117c1
0117dc
0117e3
0117f3
011802
01181c
01182e
011838
01184a
011854
01186a
011874
011884
011894
0118a4
0118be
0118c9
0118dd
0118ee
0118fc
011909
01191f
011927
011932
011943
011954
011968
011971
011988
011999
0119a2
0119b8
0119c1
0119d1
0119e0
0119ff
011a04
011a1f
011a2f
011a38
011a4c
011a5e
011a6c
011a79
011a8e
011a9a
011aa1
011ab8
011ac7
011ad8
011aef
011aff
011b0f
011b11
011b2d
011b33
011b40
011b59
011b67
011b76
011b86
011b93
011bab
011bba
011bc1
011bd3
011beb
011bf6
011c0a
011c19
011c25
011c3a
011c45
011c5a
011c6c
011c75
011c88
011c94
011ca1
011cb5
011cca
011cd1
011cea
011cfc
011d02
011d1b
011d2e
011d33
011d45
011d55
011d6b
011d7e
011d89
011d97
011da2
011db2
011dcd
011dd5
011de3
011df1
011e03
011e1e
011e2a
011e34
011e46
011e5e
011e63
011e79
011e83
011e92
011eaa
011eba
011ec6
011ed7
011ee4
011ef7
011f05
011f11
011f2f
011f37
011f43
011f50
011f6e
011f7e
011f8b
011f90
011fa0
011fb6
011fc5
011fd3
011fee
011ffb
01200e
012011
01202b
01203c
012045
01205e
01206c
012071
012081
01209e
0120a1
0120bd
0120c8
0120db
0120e3
0120fc
01210c
012110
01212b
01213a
01214e
012155
012162
012170
01218c
01219b
0121a9
0121b4
0121cb
0121d9
0121e5
0121f8
012203
012213
012222
01223b
01224a
012256
012266
012278
012289
01229d
0122a9
0122bc
0122c9
0122da
0122e1
0122fb
012308
01231c
012323
012338
012347
01235f
012368
01237b
012384
01239b
0123a8
0123bb
0123c1
0123df
0123e6
0123f4
012404
012411
01242e
012439
01244b
012451
012468
012473
012487
01249b
0124a6
0124be
0124c0
0124d8
0124ee
0124f3
012504
01251a
01252f
012531
012547
012552
01256d
012577
012582
01259c
0125a3
0125bc
0125c4
0125d5
0125e8
0125fe
012608
012618
012624
01263a
012647
01265d
012669
012675
01268e
01269e
0126a0
0126bc
0126ce
0126d3
0126e3
0126f9
012705
012713
012727
01273d
012747
012753
012767
012779
01278a
012790
0127aa
0127b5
0127ce
0127d4
0127e5
0127ff
012809
01281c
012823
01283e
01284f
01285f
01286c
01287f
012884
01289c
0128ac
0128b2
0128c9
0128dd
0128e9
0128f1
01290a
012910
01292e
012935
01294e
012953
012966
012975
01298b
01299c
0129ac
0129b4
0129cb
0129da
0129e9
0129f6
012a08
012a12
012a2c
012a34
012a43
012a50
012a6e
012a7c
012a8c
012a94
012aad
012ab3
012ac4
012ad1
012ae7
012af1
012b0b
012b1e
012b2d
012b3e
012b4f
012b56
012b6b
012b7b
012b85
012b9b
012baa
012bbd
012bc9
012bdc
012beb
012bfd
012c05
012c16
012c2d
012c3d
012c41
012c51
012c6d
012c7a
012c87
012c9d
012ca6
012cb1
012cc0
012cdc
012ceb
012cfb
012d03
012d1f
012d24
012d30
012d49
012d51
012d6a
012d78
012d8e
012d95
012da0
012db4
012dc2
012dd1
012dea
012df3
012e08
012e1c
012e21
012e31
012e4a
012e5f
012e64
012e72
012e81
012e91
012ea9
012ebf
012ec4
012ed0
012ee4
012ef2
012f00
012f17
012f20
012f33
012f4f
012f51
012f6f
012f7d
012f89
012f97
012fa7
012fb3
012fc0
012fd0
012fe7
012ff6
013009
013018
013021
013036
013048
01305f
013061
013077
013081
013097
0130a0
0130b4
0130ca
0130d2
0130e0
0130fa
013109
01311e
013124
01313c
01314b
013157
01316a
013172
01318e
013191
0131a3
0131b3
0131c1
0131de
0131e9
0131fe
013202
013212
013222
01323e
013249
01325d
01326a
013272
013280
013295
0132ad
0132b0
0132c6
0132d7
0132ec
0132fa
013306
013315
013327
01333d
013341
01335e
013364
013377
01338f
013399
0133af
0133ba
0133c3
0133de
0133ef
0133fb
013402
013416
01342e
013436
01344e
013457
01346a
013479
013482
01349f
0134a6
0134b5
0134cb
0134d5
0134e1
0134f7
01350e
01351e
01352d
01353c
01354e
01355b
01356b
013579
01358b
01359a
0135a4
0135bd
0135c2
0135dd
0135ec
0135f5
013608
013611
013622
01363f
01364b
013658
013668
013677
013686
013699
0136a6
0136b8
0136cb
0136d1
0136e7
0136f6
013704
01371a
013726
01373a
01374d
01375a
01376e
01377c
01378b
01379d
0137a0
0137b5
0137c7
0137dc
0137e8
0137f3
013806
01381e
013825
013835
01384d
01385f
013864
013870
013883
013896
0138ae
0138bb
0138cc
0138d0
0138e6
0138fc
013907
013910
01392d
01393f
013941
013955
013960
01397a
013980
013996
0139a4
0139b3
0139ce
0139da
0139e2
0139ff
013a03
013a14
013a26
013a30
013a45
013a50
013a64
013a78
013a86
013a9e
013aa0
013aba
013ac9
013ad7
013ae9
013aff
013b0e
013b13
013b2e
013b38
013b48
013b58
013b64
013b7e
013b89
013b94
013ba3
013bbf
013bcc
013bdb
013be3
013bf8
013c05
013c1d
013c2f
013c3c
013c40
013c53
013c68
013c79
013c8f
013c98
013ca1
013cb9
013cc8
013cdf
013cea
013cf6
013d0c
013d18
013d29
013d30
013d47
013d55
013d6c
013d7b
013d89
013d92
013da2
013db4
013dc2
013dd7
013de0
013df4
013e08
013e15
013e24
013e37
013e4c
013e5f
013e66
013e75
013e81
013e92
013ea5
013eb4
013ecc
013edb
013eeb
013ef4
013f0b
013f1a
013f2c
013f35
013f42
013f53
013f65
013f76
013f88
013f94
013fac
013fb4
013fc7
013fda
013fe9
013fff
01400c
01401c
01402a
014035
014043
01405e
014062
014073
014082
01409e
0140a8
0140b1
0140c4
0140da
0140e8
0140f6
014103
014119
014127
014132
01414a
01415d
014165
01417d
014186
014197
0141aa
0141bb
0141cb
0141d2
0141e6
0141f9
014202
014210
01422b
014236
01424a
01425b
014262
01427e
014288
01429f
0142ad
0142b7
0142c1
0142de
0142e4
0142fa
01430c
014313
014320
014334
014345
014351
01436a
014376
01438e
014395
0143aa
0143b9
0143c1
0143d6
0143eb
0143f4
01440b
014412
01442c
014435
01444c
014454
014461
014472
014489
01449b
0144a8
0144bc
0144cd
0144d1
0144ea
0144f6
014500
01451c
014527
014530
014549
014551
014568
01457f
01458a
014598
0145a5
0145b5
0145c0
0145d8
0145e0
0145f6
014607
01461a
014623
01463b
014642
014658
01466e
014676
014684
01469a
0146a9
0146be
0146c3
0146d8
0146e5
0146fb
014706
014711
014727
01473c
01474b
01475e
014765
014776
01478f
014798
0147a2
0147b8
0147c5
0147de
0147e4
0147f6
014805
01481e
01482a
014835
01484f
014853
014861
014870
014889
01489e
0148a8
0148bf
0148c1
0148d9
0148e8
0148fa
014909
01491c
01492d
014931
01494b
01495b
014963
014977
014984
014990
0149a7
0149b6
0149ce
0149dc
0149ef
0149fa
014a04
014a1c
014a28
014a3a
014a49
014a5a
014a64
014a7c
014a8c
014a94
014aa0
014ab0
014ace
014ade
014ae9
014af7
014b04
014b1b
014b20
014b32
014b4c
014b52
014b64
014b74
014b84
014b9a
014ba7
014bb4
014bc4
014bd6
014beb
014bfa
014c04
014c16
014c28
014c3a
014c44
014c54
014c6d
014c79
014c8d
014c9c
014ca9
014cba
014cc6
014cdf
014ce6
014cf0
014d0f
014d1b
014d2e
014d32
014d40
014d56
014d60
014d73
014d8e
014d9d
014da1
014db5
014dc1
014dd4
014de9
014dfa
014e01
014e15
014e21
014e31
014e4a
014e50
014e60
014e7c
014e83
014e9a
014eae
014eb2
014ec8
014ed7
014eed
014efe
014f02
014f1a
014f25
014f3a
014f49
014f56
014f62
014f75
014f88
014f97
014fa1
014fb5
014fc8
014fd4
014fe9
014ff5
01500a
01501f
01502d
015038
015046
01505a
015061
015077
01508d
01509f
0150a0
0150bd
0150c0
0150db
0150e2
0150ff
015108
01511f
01512c
01513b
01514f
015156
01516c
015179
015182
01519a
0151a1
0151b1
0151c3
0151d6
0151e9
0151fe
01520f
01521f
015221
01523c
01524e
015253
015262
015274
015286
015298
0152a4
0152bd
0152c9
0152d4
0152e1
0152fa
01530f
015312
01532b
01533c
015346
015356
01536c
015373
01538a
01539a
0153ac
0153b1
0153cd
0153d7
0153ec
0153f7
015409
015411
015421
015437
01544a
015457
015460
015478
015488
015495
0154ad
0154b3
0154c2
0154d9
0154e7
0154f5
01550f
01551e
01552a
01553a
015546
01555e
015569
015574
015580
015595
0155ab
0155bd
0155c5
0155d9
0155e9
0155f3
015603
01561a
01562a
015637
01564b
01565a
01566f
01567d
015682
015691
0156ae
0156b2
0156c5
0156d8
0156e9
0156f8
015708
015711
01572c
01573e
015746
015751
01576e
015777
015781
015796
0157a6
0157bd
0157c6
0157d9
0157e1
0157f1
015806
015817
015824
01583b
01584b
015858
01586b
01587a
015885
015891
0158ac
0158b5
0158c4
0158d6
0158e6
0158f8
015903
01591a
01592d
01593f
01594b
01595f
015967
015973
01598d
01599d
0159a4
0159b4
0159ce
0159d6
0159e9
0159f0
015a0e
015a12
015a28
015a3a
015a4e
015a54
015a6d
015a74
015a83
015a95
015aac
015abb
015ace
015ad6
015aec
015af8
015b0e
015b14
015b29
015b39
015b40
015b58
015b60
015b7f
015b8a
015b99
015ba6
015bbf
015bc6
015bd2
015be8
015bff
015c03
015c17
015c21
015c34
015c49
015c59
015c6b
015c72
015c87
015c97
015cab
015cbc
015cce
015cd0
015ce5
015cf0
015d0a
015d11
015d2b
015d37
015d48
015d5d
015d6a
015d7c
015d88
015d95
015da7
015db3
015dc2
015dd4
015de9
015dfc
015e0a
015e1f
015e22
015e33
015e4c
015e56
015e68
015e7b
015e87
015e9e
015eab
015eb3
015ec5
015ed5
015eed
015ef7
015f04
015f10
015f2d
015f31
015f4a
015f5f
015f6d
015f7f
015f82
015f94
015fad
015fbb
015fce
015fd6
015fed
015ff5
01600d
01601f
01602a
016039
01604e
01605f
016066
01607c
01608f
01609b
0160a7
0160b6
0160ce
0160d0
0160e1
0160f3
016100
016111
01612e
01613b
01614b
016151
01616b
01617a
01618a
01619a
0161a6
0161b9
0161cd
0161da
0161ec
0161f9
016208
016214
016228
016231
016244
016257
01626b
01627c
01628c
016297
0162a1
0162bd
0162cf
0162d0
0162e9
0162fe
016302
016318
016325
01633a
01634a
01635f
01636f
016374
016388
016390
0163ac
0163b7
0163ca
0163de
0163e5
0163fb
01640d
01641f
01642e
01643d
016440
016451
01646f
01647c
01648f
01649e
0164ab
0164b8
0164c1
0164db
0164e8
0164ff
016509
01651f
016521
016539
016549
016557
01656a
016577
01658e
016591
0165a5
0165bc
0165c5
0165d4
0165e1
0165f2
016606
01661f
016626
01663e
016646
016656
016667
01667a
016687
016695
0166ab
0166b2
0166c4
0166d4
0166e1
0166f9
01670d
016715
01672d
016734
016740
01675e
016766
01677e
016783
016794
0167a0
0167b8
0167c5
0167d4
0167e0
0167f8
016801
01681a
016829
016832
01684b
016858
01686c
016871
01688f
016893
0168a2
0168bd
0168ca
0168d6
0168e2
0168f2
01690e
01691e
016929
016934
01694e
01695c
016966
016974
01698d
01699e
0169aa
0169b8
0169c2
0169d0
0169e3
0169f7
016a07
016a16
016a2e
016a39
016a4c
016a50
016a65
016a75
016a8a
016a91
016aad
016ab8
016acc
016ad7
016ae2
016af0
016b0c
016b18
016b23
016b33
016b4d
016b5f
016b64
016b74
016b8d
016b9f
016ba4
016bb1
016bce
016bd5
016be5
016bf8
016c0c
016c1e
016c21
016c3a
016c44
016c55
016c6f
016c7e
016c88
016c9d
016ca2
016cb3
016ccc
016cd5
016ce2
016cfc
016d01
016d18
016d2a
016d3f
016d4b
016d59
016d6b
016d7d
016d80
016d93
016dae
016db1
016dcf
016ddc
016de5
016df9
016e0f
016e1b
016e23
016e3e
016e4e
016e57
016e6c
016e7e
016e86
016e95
016ea0
016ebe
016ecb
016edc
016ee4
016ef8
016f05
016f1d
016f2a
016f3f
016f4a
016f52
016f61
016f7b
016f84
016f9c
016fa3
016fb1
016fc3
016fd1
016fee
016ffa
017004
017015
017024
017034
01704f
017055
017063
017076
017084
01709a
0170a1
0170be
0170c3
0170d6
0170e2
0170ff
017102
017110
017128
017138
017143
017154
01716e
017175
017186
017194
0171a2
0171b5
0171c0
0171d4
0171eb
0171fc
017209
017216
01722c
017238
01724b
017257
017263
017278
017289
01729a
0172ab
0172bb
0172c8
0172d1
0172ed
0172f1
017302
01731e
017320
017332
01734e
017353
017369
017374
017386
017394
0173a6
0173ba
0173c4
0173dd
0173ea
0173fd
01740c
01741b
01742f
017435
017446
01745e
017464
01747c
017480
01749d
0174ad
0174ba
0174cf
0174d4
0174eb
0174fc
017502
01751c
01752b
017530
01754a
017552
01756b
017577
01758a
017598
0175a9
0175b5
0175c0
0175d1
0175e4
0175f8
017601
01761b
017623
017635
01764e
017657
017660
01767c
017681
017698
0176a9
0176b5
0176cc
0176df
0176ed
0176fc
01770c
01771d
017722
017737
017745
017758
017766
01777a
01778f
01779e
0177a0
0177b6
0177c8
0177da
0177e3
0177f0
017803
017815
017821
01783f
017840
017857
01786e
017872
017882
017898
0178a9
0178bd
0178ce
0178d8
0178e7
0178f6
01790d
017918
017921
017931
01794b
017955
017963
017977
01798e
01799d
0179a4
0179b1
0179cf
0179db
0179ec
0179f4
017a09
017a18
017a2e
017a31
017a4c
017a5a
017a6c
017a76
017a8d
017a97
017aa9
017ab1
017ac0
017ada
017ae9
017afc
017b03
017b18
017b26
017b32
017b4b
017b50
017b67
017b7b
017b86
017b9c
017ba7
017bbc
017bc3
017bd6
017be5
017bf8
017c06
017c1b
017c22
017c3d
017c4b
017c55
017c68
017c74
017c84
017c96
017ca0
017cb0
017cc3
017cde
017ce9
017cff
017d0c
017d1b
017d2e
017d3b
017d4f
017d52
017d61
017d7a
017d8f
017d96
017da5
017db5
017dcc
017ddc
017dee
017df6
017e09
017e1e
017e27
017e3f
017e41
017e52
017e69
017e77
017e86
017e95
017ea9
017ebc
017ecc
017ed7
017ee2
017ef7
017f08
017f16
017f2f
017f3f
017f4e
017f56
017f69
017f7c
017f80
017f9b
017fac
017fb7
017fc8
017fd5
017fef
017fff
01800c
018013
01802a
018035
018048
01805f
01806f
01807c
01808b
01809a
0180a5
0180b6
0180c8
0180db
0180e8
0180fa
018105
018111
01812e
018132
018140
01815b
018163
018179
018181
018193
0181a7
0181ba
0181c4
0181d9
0181e5
0181f9
018205
01821a
01822e
018230
01824b
01825d
018269
018271
018289
01829a
0182a9
0182b3
0182c8
0182d2
0182ea
0182fb
018307
01831a
018326
018330
018348
018359
018369
018373
01838b
01839a
0183aa
0183b9
0183cc
0183de
0183eb
0183fc
01840d
018415
018426
018438
01844e
01845b
018460
018474
018488
01849c
0184a9
0184b4
0184c9
0184db
0184e2
0184ff
018507
01851b
018522
018539
018544
018551
018561
018575
018585
018593
0185ad
0185b3
0185ce
0185d3
0185e0
0185f8
018608
018612
018629
01863d
01864e
018655
018664
01867c
018682
018696
0186a7
0186be
0186ce
0186d8
0186ef
0186f4
01870a
018712
01872b
018730
01874e
018756
018765
018779
018783
018798
0187a9
0187b0
0187cc
0187df
0187eb
0187f3
018808
018817
01882a
01883b
018841
018855
018862
01887a
018880
018895
0188ad
0188be
0188cf
0188da
0188e5
0188f2
018901
018916
01892c
01893c
01894b
018957
018964
01897b
018983
018998
0189ab
0189b4
0189c2
0189d5
0189e8
0189f4
018a0b
018a12
018a2e
018a32
018a48
018a59
018a64
018a73
018a8b
018a92
018aa2
018ab9
018ac2
018ad7
018ae8
018afc
018b08
018b1b
018b2d
018b34
018b4c
018b5a
018b68
018b7e
018b8d
018b90
018ba4
018bbc
018bc6
018bde
018be7
018bf9
018c03
018c15
018c29
018c30
018c44
018c57
018c6b
018c7d
018c81
018c94
018caa
018cbe
018ccf
018cde
018cee
018cf8
018d01
018d1d
018d27
018d3b
018d43
018d57
018d6d
018d7d
018d84
018d93
018daa
018db8
018dc5
018ddc
018ded
018dfb
018e05
018e12
018e23
018e30
018e45
018e52
018e65
018e75
018e86
018e9c
018eae
018ebb
018ec7
018ed7
018ee2
018efe
018f09
018f1b
018f23
018f3f
018f47
018f5a
018f6e
018f77
018f8c
018f99
018fa2
018fbb
018fcc
018fd2
018fe8
018ff5
019009
019010
019028
019039
019042
019059
01906c
019072
01908b
01909c
0190a4
0190b1
0190c8
0190de
0190ef
0190fb
01910e
019118
019127
019132
019143
019151
01916b
01917b
019189
019190
0191a0
0191b3
0191c5
0191d3
0191e8
0191f4
01920a
01921b
019223
019230
019241
019253
019268
019271
01928e
019295
0192ac
0192b5
0192cf
0192db
0192e5
0192fe
01930e
019313
019326
019339
019345
019355
019368
019379
01938d
01939b
0193ab
0193bd
0193c7
0193d4
0193ea
0193fa
019405
019419
01942d
019438
019449
01945a
019461
01947c
01948c
019492
0194af
0194b4
0194c4
0194d6
0194e5
0194f3
019509
01951f
019520
01953d
019547
01955f
01956c
019573
019584
01959c
0195a5
0195b6
0195c7
0195db
0195e8
0195f1
019604
01961c
019621
01963b
019644
019656
019664
019675
019680
019693
0196ab
0196bc
0196cc
0196d0
0196e5
0196f3
019703
01971c
01972a
019737
01974f
019750
019768
01977e
019782
019799
0197a9
0197b4
0197c2
0197d7
0197ec
0197fa
019801
019811
019829
019831
01984d
01985d
01986d
01987a
019887
019894
0198ab
0198b2
0198c5
0198d8
0198ef
0198f1
019905
019916
019923
01993d
019941
01995b
019960
019979
019980
01999c
0199a1
0199b2
0199ce
0199d1
0199ef
0199fd
019a08
019a1a
019a24
019a38
019a43
019a50
019a69
019a71
019a8f
019a9b
019aa4
019ab4
019ac9
019ad6
019ae9
019af5
019b08
019b1b
019b23
019b32
019b45
019b5d
019b62
019b72
019b89
019b96
019ba9
019bb1
019bc6
019bd2
019be9
019bf8
019c07
019c18
019c21
019c36
019c42
019c58
019c65
019c74
019c83
019c92
019ca6
019cbc
019ccf
019cd3
019ce7
019cf6
019d00
019d17
019d25
019d37
019d41
019d5e
019d6a
019d73
019d81
019d9a
019da8
019db3
019dc6
019dda
019deb
019dfc
019e07
019e15
019e26
019e35
019e40
019e52
019e65
019e75
019e80
019e95
019ea3
019ebc
019ec8
019ed4
019ee5
019ef4
019f07
019f15
019f22
019f35
019f40
019f55
019f66
019f7f
019f82
019f95
019fac
019fb6
019fcc
019fd1
019fe0
019ffd
01a00b
01a01b
01a022
01a033
01a04a
01a058
01a061
01a072
01a084
01a091
01a0af
01a0b0
01a0c6
01a0d3
01a0e1
01a0f9
01a10b
01a119
01a123
01a139
01a14e
01a154
01a163
01a17f
01a189
01a198
01a1a9
01a1b9
01a1cc
01a1df
01a1e4
01a1f8
01a202
01a21b
01a223
01a237
01a24b
01a254
01a269
01a274
01a285
01a29b
01a2a2
01a2b6
01a2c3
01a2d5
01a2e4
01a2f8
01a304
01a31f
01a32d
01a33a
01a34b
01a359
01a368
01a371
01a38e
01a398
01a3af
01a3bf
01a3c0
01a3d5
01a3e3
01a3f1
01a40b
01a41e
01a42a
01a43a
01a441
01a45a
01a467
01a478
01a48c
01a496
01a4a2
01a4b0
01a4cd
01a4d4
01a4ed
01a4fb
01a505
01a51c
01a52a
01a53d
01a54c
01a55a
01a562
01a576
01a58d
01a59d
01a5a4
01a5b2
01a5c7
01a5db
01a5ee
01a5ff
01a60d
01a615
01a622
01a634
01a640
01a655
01a667
01a673
01a68c
01a69d
01a6a4
01a6b5
01a6c2
01a6d8
01a6e1
01a6f8
01a70d
01a71c
01a721
01a73b
01a74b
01a752
01a76a
01a777
01a78b
01a794
01a7a6
01a7b0
01a7cb
01a7d9
01a7e9
01a7f1
01a80e
01a819
01a823
01a831
01a848
01a85d
01a860
01a87f
01a882
01a89f
01a8af
01a8bc
01a8c6
01a8d9
01a8ef
01a8f9
01a906
01a91d
01a927
01a93f
01a948
01a95d
01a96d
01a976
01a98f
01a994
01a9a2
01a9b8
01a9cc
01a9da
01a9ea
01a9f0
01aa04
01aa1e
01aa24
01aa39
01aa40
01aa5d
01aa6b
01aa75
01aa8b
01aa9e
01aaa3
01aab0
01aac6
01aad1
01aaef
01aaf0
01ab05
01ab19
01ab26
01ab3f
01ab4d
01ab58
01ab6f
01ab77
01ab82
01ab92
01aba9
01abbb
01abca
01abdb
01abe9
01abfc
01ac0f
01ac17
01ac22
01ac35
01ac4d
01ac55
01ac66
01ac77
01ac8a
01ac95
01aca2
01acbf
01accf
01acd1
01ace5
01acf3
01ad00
01ad17
01ad20
01ad32
01ad42
01ad52
01ad64
01ad7e
01ad89
01ad99
01ada0
01adb5
01adc3
01add5
01ade5
01adf7
01ae00
01ae10
01ae23
01ae3f
01ae44
01ae5c
01ae67
01ae78
01ae8e
01ae95
01aea8
01aeb4
01aec2
01aedf
01aeed
01aef7
01af0c
01af1d
01af2e
01af35
01af42
01af55
01af6f
01af71
01af88
01af9d
01afa9
01afb2
01afc1
01afda
01afeb
01aff8
01b00c
01b01f
01b026
01b03e
01b04b
01b055
01b06d
01b075
01b089
01b093
01b0a4
01b0b7
01b0c9
01b0d8
01b0e2
01b0fd
01b102
01b11a
01b12c
01b135
01b14d
01b157
01b16b
01b174
01b183
01b193
01b1a1
01b1b8
01b1c0
01b1d3
01b1e5
01b1fd
01b201
01b219
01b223
01b233
01b244
01b253
01b26a
01b272
01b282
01b298
01b2ae
01b2b9
01b2c0
01b2d4
01b2eb
01b2f5
01b304
01b315
01b329
01b33c
01b34f
01b35d
01b365
01b371
01b38e
01b397
01b3a3
01b3b1
01b3c2
01b3d0
01b3e3
01b3f8
01b403
01b418
01b42c
01b432
01b44b
01b45d
01b469
01b472
01b483
01b49d
01b4af
01b4b5
01b4c9
01b4de
01b4e4
01b4f7
01b501
01b510
01b522
01b533
01b54b
01b559
01b56c
01b570
01b583
01b59c
01b5a7
01b5b6
01b5c2
01b5db
01b5eb
01b5fd
01b60c
01b61e
01b62d
01b632
01b644
01b65c
01b665
01b677
01b68a
01b698
01b6a3
01b6b2
01b6c4
01b6d2
01b6e6
01b6fd
01b707
01b713
01b726
01b734
01b749
01b75b
01b769
01b775
01b780
01b793
01b7a3
01b7bc
01b7cc
01b7de
01b7e2
01b7f7
01b807
01b81d
01b825
01b833
01b847
01b85a
01b863
01b87d
01b88b
01b895
01b8a9
01b8b9
01b8c7
01b8dd
01b8e3
01b8f0
01b90d
01b919
01b92f
01b93c
01b949
01b959
01b96f
01b972
01b987
01b990
01b9a8
01b9b6
01b9cc
01b9d0
01b9ea
01b9fa
01ba0e
01ba14
01ba2e
01ba3e
01ba44
01ba53
01ba6a
01ba7a
01ba82
01ba98
01baa0
01babe
01bac4
01bad0
01baea
01bafa
01bb00
01bb1d
01bb23
01bb37
01bb4c
01bb54
01bb69
01bb71
01bb83
01bb92
01bba9
01bbbe
01bbc8
01bbdc
01bbeb
01bbfe
01bc0e
01bc1c
01bc28
01bc30
01bc43
01bc5d
01bc6d
01bc71
01bc87
01bc94
01bca7
01bcb0
01bcc2
01bcd5
01bce6
01bcfa
01bd02
01bd15
01bd2a
01bd39
01bd48
01bd5b
01bd68
01bd71
01bd8f
01bd96
01bda6
01bdb3
01bdc5
01bdd3
01bdec
01bdfa
01be03
01be11
01be29
01be32
01be44
01be50
01be6c
01be7a
01be80
01be99
01bea9
01beb0
01becf
01bed4
01bee1
01bef6
01bf05
01bf15
01bf26
01bf3b
01bf4a
01bf55
01bf6b
01bf7b
01bf81
01bf97
01bfa4
01bfb3
01bfce
01bfdb
01bfef
01bffc
01c008
01c017
01c026
01c03e
01c042
01c056
01c067
01c07d
01c084
01c09f
01c0a9
01c0b2
01c0cb
01c0de
01c0e5
01c0fc
01c108
01c11c
01c121
01c13a
01c140
01c158
01c16c
01c173
01c184
01c199
01c1a6
01c1bc
01c1c6
01c1d2
01c1ea
01c1fa
01c200
01c21e
01c229
01c230
01c24a
01c252
01c268
01c27d
01c28d
01c29e
01c2af
01c2b4
01c2cc
01c2df
01c2e8
01c2fe
01c30b
01c31f
01c320
01c336
01c34e
01c352
01c363
01c374
01c387
01c395
01c3a6
01c3bb
01c3c9
01c3df
01c3ec
01c3fd
01c407
01c416
01c428
01c43d
01c442
01c45d
01c465
01c478
01c48b
01c494
01c4a6
01c4bb
01c4c1
01c4de
01c4e1
01c4f0
01c50b
01c511
01c52c
01c532
01c54a
01c55f
01c56e
01c577
01c582
01c596
01c5a6
01c5bf
01c5c3
01c5da
01c5e8
01c5f9
01c602
01c614
01c62f
01c638
01c644
01c652
01c662
01c67e
01c68d
01c693
01c6a3
01c6b8
01c6ca
01c6d7
01c6e8
01c6f3
01c702
01c71c
01c722
01c736
01c743
01c750
01c767
01c772
01c785
01c796
01c7af
01c7b1
01c7cf
01c7db
01c7e0
01c7fa
01c800
01c81c
01c823
01c837
01c84d
01c858
01c867
01c879
01c88b
01c891
01c8a7
01c8b7
01c8c9
01c8d9
01c8ed
01c8f9
01c90d
01c914
01c929
01c93a
01c948
01c958
01c962
01c974
01c98e
01c994
01c9aa
01c9ba
01c9ca
01c9dd
01c9e3
01c9fa
01ca02
01ca1d
01ca2c
01ca30
01ca4b
01ca5b
01ca63
01ca76
01ca89
01ca93
01caac
01cab5
01cace
01cad2
01cae8
01cafc
01cb07
01cb19
01cb2a
01cb3b
01cb40
01cb52
01cb66
01cb75
01cb80
01cb97
01cba6
01cbbf
01cbc1
01cbdc
01cbe1
01cbf7
01cc0c
01cc16
01cc2d
01cc3f
01cc49
01cc51
01cc6e
01cc7d
01cc8d
01cc98
01cca2
01ccb7
01ccc2
01ccda
01cce1
01ccfb
01cd04
01cd12
01cd2a
01cd3c
01cd4a
01cd59
01cd69
01cd79
01cd8f
01cd94
01cdae
01cdbd
01cdcf
01cdd9
01cdef
01cdf7
01ce00
01ce14
01ce20
01ce35
01ce44
01ce59
01ce6b
01ce7b
01ce82
01ce94
01ceae
01ceb6
01cecd
01cede
01cee7
01cef8
01cf02
01cf18
01cf2b
01cf37
01cf49
01cf5f
01cf6d
01cf79
01cf89
01cf9e
01cfae
01cfb9
01cfc8
01cfd0
01cfe5
01cff2
01d009
01d01b
01d02f
01d038
01d043
01d05d
01d066
01d075
01d089
01d091
01d0af
01d0bd
01d0cd
01d0d9
01d0ee
01d0f9
01d10a
01d112
01d122
01d135
01d14d
01d153
01d16f
01d17a
01d18d
01d19a
01d1a1
01d1b8
01d1c5
01d1df
01d1eb
01d1f2
01d20a
01d210
01d22f
01d23a
01d24a
01d25c
01d268
01d270
01d284
01d299
01d2a3
01d2bd
01d2cb
01d2d7
01d2ee
01d2fd
01d30a
01d318
01d322
01d332
01d344
01d353
01d36a
01d373
01d38f
01d39b
01d3a5
01d3ba
01d3c0
01d3da
01d3ec
01d3f3
01d407
01d410
01d42b
01d43d
01d446
01d455
01d467
01d478
01d482
01d494
01d4a5
01d4be
01d4cd
01d4d2
01d4eb
01d4f8
01d50b
01d515
01d521
01d53f
01d54e
01d55e
01d563
01d57b
01d58a
01d59f
01d5aa
01d5b6
01d5cf
01d5d2
01d5ee
01d5f6
01d601
01d614
01d620
01d635
01d645
01d654
01d668
01d670
01d681
01d694
01d6a0
01d6b1
01d6cb
01d6dd
01d6e2
01d6fa
01d703
01d711
01d723
01d735
01d740
01d753
01d76e
01d77f
01d786
01d791
01d7ac
01d7b1
01d7c8
01d7d8
01d7e8
01d7ff
01d804
01d81e
01d82c
01d832
01d84a
01d854
01d864
01d870
01d88a
01d897
01d8a3
01d8b7
01d8cc
01d8d9
01d8ea
01d8fb
01d90c
01d91c
01d92f
01d931
01d94d
01d951
01d967
01d97d
01d98a
01d993
01d9a7
01d9b1
01d9c2
01d9d0
01d9e4
01d9fc
01da0d
01da14
01da20
01da31
01da42
01da50
01da61
01da7f
01da87
01da95
01daa9
01dab3
01dac9
01dad4
01dae3
01daf7
01db0c
01db1b
01db2d
01db3f
01db41
01db59
01db6e
01db73
01db84
01db9b
01dba2
01dbb2
01dbcc
01dbd1
01dbed
01dbf9
01dc05
01dc1a
01dc20
01dc39
01dc46
01dc54
01dc61
01dc76
01dc8a
01dc91
01dca8
01dcb9
01dcc1
01dcd2
01dce6
01dcf7
01dd06
01dd1e
01dd28
01dd31
01dd43
01dd5e
01dd66
01dd7a
01dd8f
01dd9a
01ddae
01ddbf
01ddc2
01ddd0
01dde1
01ddf5
01de00
01de11
01de2a
01de31
01de4c
01de52
01de6b
01de72
01de8d
01de9c
01dea1
01deb6
01dec8
01ded8
01dee5
01def9
01df0d
01df1b
01df23
01df3d
01df47
01df5a
01df6d
01df7e
01df81
01df98
01dfa2
01dfbc
01dfc1
01dfd0
01dfea
01dfff
01e005
01e01e
01e02f
01e039
01e041
01e05c
01e06a
01e079
01e085
01e097
01e0a6
01e0b0
01e0c3
01e0db
01e0ee
01e0fb
01e104
01e118
01e126
01e132
01e14e
01e153
01e16d
01e17a
01e18f
01e19e
01e1ac
01e1b8
01e1c1
01e1de
01e1ee
01e1f6
01e202
01e217
01e22a
01e230
01e246
01e251
01e260
01e274
01e28b
01e29b
01e2ad
01e2b8
01e2c0
01e2d4
01e2e8
01e2fe
01e30e
01e310
01e324
01e33e
01e343
01e35d
01e36e
01e371
01e387
01e396
01e3a2
01e3b3
01e3cb
01e3dd
01e3e2
01e3f9
01e409
01e416
01e425
01e433
01e441
01e45f
01e460
01e473
01e480
01e49b
01e4a8
01e4b2
01e4cb
01e4d8
01e4ed
01e4fc
01e50c
01e518
01e521
01e53d
01e544
01e551
01e564
01e571
01e58b
01e59c
01e5a8
01e5bd
01e5c6
01e5de
01e5ef
01e5f8
01e60e
01e618
01e625
01e637
01e640
01e658
01e663
01e67f
01e68a
01e69b
01e6a3
01e6bc
01e6cf
01e6da
01e6ec
01e6fc
01e708
01e714
01e72e
01e73e
01e740
01e75d
01e763
01e770
01e788
01e79a
01e7a5
01e7bd
01e7c0
01e7db
01e7e4
01e7f6
01e805
01e818
01e823
01e838
01e848
01e85c
01e862
01e877
01e883
01e890
01e8a6
01e8be
01e8cb
01e8de
01e8e7
01e8f2
01e901
01e912
01e921
01e93f
01e946
01e95b
01e960
01e97f
01e98c
01e992
01e9ac
01e9bc
01e9c4
01e9d4
01e9ee
01e9f7
01ea04
01ea13
01ea25
01ea31
01ea48
01ea54
01ea69
01ea72
01ea8e
01ea91
01eaa1
01eab4
01eac5
01ead3
01eaec
01eaff
01eb00
01eb1b
01eb28
01eb3b
01eb46
01eb5b
01eb68
01eb78
01eb88
01eb92
01eba7
01ebb4
01ebc3
01ebdc
01ebec
01ebfb
01ec01
01ec1d
01ec26
01ec34
01ec47
01ec58
01ec63
01ec78
01ec8b
01ec96
01eca5
01ecb1
01ecc5
01ecd1
01ecea
01ecf0
01ed07
01ed18
01ed2d
01ed36
01ed42
01ed51
01ed61
01ed7a
01ed85
01ed93
01eda6
01edb2
01edc3
01eddc
01ede9
01edfc
01ee05
01ee15
01ee25
01ee3c
01ee4e
01ee59
01ee62
01ee74
01ee8b
01ee96
01eead
01eeb8
01eec8
01eedc
01eee8
01eef0
01ef07
01ef13
01ef24
01ef3b
01ef4d
01ef56
01ef62
01ef73
01ef86
01ef9e
01efa8
01efb6
01efc7
01efd0
01efea
01eff6
01f00c
01f013
01f023
01f037
01f04f
01f054
01f069
01f073
01f086
01f091
01f0a0
01f0b6
01f0cc
01f0df
01f0e0
01f0fd
01f101
01f116
01f121
01f134
01f14b
01f15f
01f162
01f17c
01f189
01f195
01f1a9
01f1bb
01f1c3
01f1d3
01f1e9
01f1f3
01f20a
01f21a
01f22a
01f238
01f240
01f250
01f263
01f274
01f28e
01f29b
01f2af
01f2b9
01f2cb
01f2dd
01f2e7
01f2f7
01f300
01f31d
01f323
01f33f
01f34c
01f354
01f367
01f376
01f387
01f396
01f3a8
01f3b1
01f3cc
01f3d4
01f3e1
01f3f5
01f40d
01f415
01f424
01f430
01f44e
01f458
01f467
01f47e
01f48d
01f498
01f4af
01f4b6
01f4cf
01f4d1
01f4e2
01f4f8
01f50a
01f515
01f52e
01f53a
01f54c
01f552
01f560
01f574
01f584
01f59d
01f5a4
01f5be
01f5c6
01f5d6
01f5e4
01f5f0
01f600
01f613
01f62d
01f633
01f648
01f65a
01f66d
01f67f
01f687
01f691
01f6ae
01f6b7
01f6c0
01f6db
01f6e5
01f6f6
01f705
01f719
01f72f
01f736
01f740
01f754
01f761
01f779
01f78a
01f791
01f7a3
01f7b8
01f7cc
01f7dd
01f7ef
01f7f3
01f80b
01f819
01f824
01f830
01f843
01f852
01f860
01f872
01f886
01f89a
01f8a4
01f8b9
01f8c4
01f8d4
01f8e6
01f8f1
01f90d
01f910
01f925
01f93a
01f94f
01f952
01f96c
01f978
01f988
01f99a
01f9a0
01f9b0
01f9c3
01f9d7
01f9e4
01f9fc
01fa09
01fa1f
01fa2a
01fa31
01fa49
01fa5b
01fa66
01fa77
01fa87
01fa9c
01faaf
01fab4
01fac2
01fad5
01faef
01faf0
01fb05
01fb1e
01fb22
01fb31
01fb41
01fb54
01fb6c
01fb7e
01fb8f
01fb9a
01fba4
01fbbf
01fbc2
01fbdd
01fbef
01fbfc
01fc05
01fc10
01fc22
01fc38
01fc46
01fc5a
01fc6a
01fc7d
01fc8a
01fc97
01fca1
01fcb8
01fcc8
01fcd4
01fce1
01fcfd
01fd0a
01fd11
01fd24
01fd3b
01fd46
01fd5f
01fd6f
01fd7c
01fd81
01fd9d
01fda1
01fdb5
01fdca
01fdde
01fdee
01fdf2
01fe00
01fe10
01fe29
01fe3e
01fe49
01fe52
01fe62
01fe72
01fe8b
01fe9a
01fea7
01febb
01fecb
01fed2
01feee
01fef9
01ff02
01ff1e
01ff2c
01ff32
01ff4e
01ff5a
01ff6d
01ff7a
01ff80
01ff95
01ffa6
01ffb4
01ffc8
01ffd2
01ffe4
01fff7
020009
020019
02002f
02003e
020049
020059
02006c
02007b
02008a
020091
0200a8
0200b1
0200c1
0200d2
0200e8
0200f0
020102
02011a
020129
02013e
020147
020156
02016c
020171
02018c
020193
0201a2
0201bf
0201cf
0201d5
0201eb
0201fa
02020a
02021d
020222
020237
020241
020256
02026f
020270
020285
02029c
0202a5
0202b5
0202cc
0202d1
0202ed
0202fc
020306
020310
020321
020330
020344
02035f
020365
020374
020382
02039a
0203a6
0203bd
0203cd
0203da
0203eb
0203fa
020402
020416
020428
02043e
02044e
020453
02046e
020479
020485
02049b
0204af
0204bd
0204c9
0204da
0204e4
0204f9
02050f
02051e
020521
020539
02054c
020555
02056d
020575
02058c
020590
0205ae
0205b6
0205c0
0205da
0205e9
0205f9
020600
020612
020627
02063b
020649
02065b
020663
020679
02068e
020697
0206a9
0206b8
0206cf
0206de
0206e8
0206f5
020702
020713
020722
020732
020746
020758
020760
020777
02078e
020797
0207a1
0207b2
0207c8
0207d4
0207ec
0207f3
020803
020814
020825
020833
02084f
020855
020867
02087d
02088e
02089a
0208aa
0208b5
0208c4
0208de
0208e2
0208f6
020904
020917
020923
020939
02094f
020953
020967
020970
020989
02099a
0209a2
0209b8
0209c2
0209d9
0209e0
0209fd
020a0f
020a1b
020a22
020a34
020a49
020a52
020a63
020a72
020a8b
020a9b
020aab
020ab5
020ac3
020ada
020aed
020af7
020b0b
020b1f
020b29
020b34
020b49
020b59
020b65
020b7b
020b8a
020b9e
020ba3
020bbb
020bcd
020bdb
020be4
020bfa
020c03
020c11
020c27
020c3b
020c49
020c59
020c64
020c7d
020c83
020c92
020ca8
020cba
020cc6
020cd4
020ced
020cfa
020d04
020d11
020d28
020d3a
020d41
020d52
020d64
020d72
020d85
020d97
020da0
020db5
020dc0
020dd5
020de5
020df5
020e05
020e13
020e2a
020e37
020e40
020e5f
020e6c
020e7b
020e81
020e9f
020ea1
020eb0
020eca
020edd
020ee2
020efa
020f02
020f1c
020f20
020f3e
020f43
020f53
020f60
020f78
020f80
020f92
020fa9
020fb3
020fc9
020fd1
020fe0
020ffd
02100d
021012
02102f
021034
021045
02105b
021066
021078
02108a
02109f
0210ae
0210ba
0210c1
0210dc
0210e9
0210f1
021105
021115
02112d
021134
02114e
021157
02116b
021177
02118b
021193
0211a3
0211b3
0211c4
0211de
0211e9
0211f8
02120d
021216
021228
021236
021245
021259
021267
021276
021280
02129a
0212a6
0212bd
0212ce
0212d0
0212ec
0212fc
021304
021317
021324
021330
021342
021355
021364
02137d
021386
021398
0213af
0213b8
0213ca
0213d2
0213e2
0213f4
021400
021410
021424
021439
02144d
021454
021466
02147e
021486
02149a
0214a9
0214b3
0214c3
0214d8
0214ed
0214f3
021506
02151f
02152e
02153f
02154b
02155b
02156b
02157d
021583
02159a
0215a3
0215b0
0215cf
0215db
0215e8
0215fb
02160d
021611
02162f
021630
021649
021657
02166f
02167b
021680
02169e
0216ae
0216b5
0216c9
0216dd
0216ef
0216fd
021704
02171d
021720
02173f
02174b
021752
02176c
021779
021782
02179d
0217a5
0217bf
0217cf
0217da
0217ea
0217f7
021802
021817
02182c
021838
021846
021855
021864
021874
02188c
02189f
0218a4
0218b0
0218c2
0218db
0218ed
0218f0
02190f
021910
021928
02193b
021941
021953
021968
02197d
021980
02199c
0219a8
0219b8
0219c9
0219da
0219e7
0219f5
021a01
021a15
021a20
021a37
021a43
021a5c
021a6b
021a7d
021a88
021a95
021aa7
021ab2
021acf
021ad7
021ae2
021aff
021b0a
021b11
021b25
021b35
021b4f
021b53
021b6a
021b7a
021b8e
021b96
021ba9
021bba
021bc9
021bd6
021beb
021bf8
021c0b
021c12
021c25
021c31
021c42
021c52
021c60
021c72
021c87
021c97
021ca7
021cb2
021cc7
021cd4
021ce8
021cf6
021d0b
021d13
021d20
021d38
021d4e
021d5b
021d64
021d7a
021d81
021d96
021da3
021db6
021dcc
021dd8
021de6
021df4
021e09
021e17
021e27
021e3c
021e44
021e5e
021e65
021e7d
021e8e
021e95
021ead
021eb1
021ec1
021ed3
021ee3
021efa
021f04
021f1e
021f26
021f33
021f47
021f5a
021f61
021f7a
021f8f
021f98
021fac
021fb8
021fc5
021fd4
021fe9
021ff5
022002
02201f
02202d
022036
022041
02205e
022065
022076
022082
02209b
0220a8
0220b7
0220cb
0220d8
0220eb
0220f3
022108
022112
022129
022131
022140
02215c
022160
022171
022184
022197
0221a5
0221b5
0221c1
0221de
0221e9
0221fa
02220c
02221b
022228
022234
02224b
022258
022269
022276
02228b
02229b
0222a1
0222b5
0222c3
0222d7
0222e3
0222fe
02230e
02231e
022321
02233d
022343
022351
022364
022374
02238d
022395
0223a3
0223b5
0223cd
0223d7
0223e0
0223fe
022404
02241b
022420
02243d
022448
02245c
022466
02247f
022483
022497
0224ab
0224b3
0224cd
0224da
0224e9
0224f7
022501
02251f
02252e
02253d
022549
02255c
02256c
022579
02258b
02259a
0225a1
0225be
0225c8
0225dc
0225e5
0225f7
022603
022615
022620
022637
022640
022656
02266c
02267b
02268e
022694
0226ab
0226bc
0226c3
0226d1
0226e8
0226fb
022709
022712
022725
022730
02274c
02275b
02276c
022777
022781
022798
0227ac
0227ba
0227c8
0227d7
0227e0
0227f3
022801
022818
022822
022834
022841
022850
022864
022878
022881
02289a
0228ae
0228b6
0228c5
0228d4
0228e0
0228f2
022906
02291e
02292a
022930
02294e
02295e
022964
022974
02298e
022994
0229ae
0229b4
0229c3
0229d7
0229e9
0229f8
022a07
022a1e
022a28
022a3b
022a45
022a57
022a66
022a73
022a89
022a9c
022aa8
022abd
022ac5
022ad4
022ae8
022afe
022b08
022b19
022b29
022b39
022b4c
022b5e
022b69
022b7b
022b89
022b98
022ba3
022bb9
022bcc
022bd2
022bea
022bf1
022c07
022c1a
022c2b
022c3e
022c41
022c5c
022c68
022c7b
022c82
022c90
022ca2
022cb8
022cc3
022cd9
022ce0
022cfc
022d03
022d15
022d2a
022d3c
022d4a
022d5c
022d6a
022d73
022d8e
022d9d
022dac
022db6
022dcb
022ddb
022de7
022dfc
022e0e
022e10
022e2c
022e3d
022e49
022e54
022e6f
022e73
022e82
022e9b
022ea3
022ebb
022ec5
022edd
022eed
022ef9
022f03
022f1a
022f20
022f3d
022f4c
022f53
022f62
022f76
022f82
022f96
022fae
022fbe
022fce
022fd7
022fe4
022ffe
023006
02301b
023027
02303a
02304f
02305d
02306b
02307c
02308d
023097
0230a1
0230bc
0230c3
0230de
0230e1
0230f6
023101
023116
02312c
02313b
02314f
023159
023168
023177
023180
023191
0231a6
0231bc
0231cf
0231d1
0231e0
0231f2
02320d
023212
023224
023235
023248
023254
02326f
02327c
023287
023298
0232a2
0232bb
0232c1
0232d0
0232ef
0232f9
02330c
023315
023327
023332
023348
023353
02336c
023373
023386
023392
0233ac
0233b8
0233c7
0233de
0233ee
0233f2
023408
023410
023429
023430
02344e
023456
023466
023473
023484
02349e
0234af
0234b1
0234c0
0234d1
0234e7
0234f5
023502
023513
023529
023538
023541
023550
023561
023572
023586
023598
0235a2
0235b0
0235ca
0235da
0235e4
0235f3
02360a
02361d
023626
023636
02364c
023652
023667
023679
023687
023692
0236ad
0236b9
0236cb
0236d1
0236ea
0236f4
023703
023716
023723
02373f
023742
023751
023764
023776
02378b
02379c
0237ad
0237bb
0237cf
0237d5
0237e7
0237f3
023807
023817
023823
02383d
023843
02385d
023869
023877
02388e
02389e
0238a3
0238b5
0238c3
0238d2
0238e3
0238fe
023908
023911
023925
023937
02394b
02395d
023960
023979
023989
023995
0239ac
0239be
0239c0
0239df
0239e7
0239fe
023a02
023a19
023a22
023a3e
023a45
023a5f
023a6d
023a7f
023a89
023a9e
023aaa
023ab3
023acf
023ad3
023ae5
023afa
023b0e
023b1d
023b28
023b37
023b46
023b5f
023b6f
023b75
023b8c
023b9e
023ba4
023bb1
023bce
023bd4
023be8
023bfb
023c07
023c1d
023c21
023c34
023c43
023c53
023c6c
023c7b
023c8a
023c9c
023cab
023cbb
023cce
023cdc
023cee
023cff
023d07
023d17
023d25
023d3d
023d43
023d59
023d63
023d70
023d8d
023d9e
023dab
023db2
023dc5
023dd5
023dec
023dfb
023e0a
023e18
023e25
023e32
023e44
023e56
023e6c
023e7a
023e84
023e93
023eae
023eb3
023ecf
023edc
023ee6
023ef0
023f02
023f1a
023f23
023f39
023f43
023f55
023f6e
023f74
023f8a
023f9b
023fa7
023fbe
023fc8
023fd9
023fe2
023ff3
02400b
024016
024028
02403e
024041
024057
024060
02407b
02408e
02409c
0240a2
0240b1
0240ce
0240d3
0240e8
0240fb
024102
02411b
024128
02413f
02414b
024158
024165
024174
02418c
024196
0241a8
0241be
0241c4
0241d4
0241ea
0241fa
024207
02421e
024229
024235
02424c
02425b
024263
024275
024286
024297
0242a0
0242b2
0242c6
0242dc
0242ed
0242f4
024303
02431b
024325
024336
024347
02435e
02436b
02437b
024385
024395
0243a3
0243b0
0243c0
0243d4
0243ec
0243fe
02440e
024417
024427
024434
024441
02445d
024461
02447b
024483
024493
0244a7
0244ba
0244c7
0244d3
0244e2
0244ff
024503
02451b
024522
02453e
024547
02455b
024563
024575
02458a
024599
0245a9
0245b6
0245cb
0245da
0245ec
0245f6
024608
024614
024623
024630
024649
024658
024662
024678
024681
024690
0246ad
0246bc
0246cf
0246dc
0246ef
0246f6
02470b
024718
02472f
02473c
02474c
02475b
024768
024770
024785
024791
0247a3
0247bc
0247c9
0247de
0247e2
0247f1
024808
024819
02482f
02483b
02484b
02485e
02486e
024879
02488b
02489a
0248a2
0248b4
0248cf
0248da
0248e3
0248f6
02490f
02491b
02492c
024931
02494a
024952
02496f
024978
02498e
024991
0249a8
0249b4
0249c5
0249dc
0249e7
0249f5
024a0c
024a12
024a24
024a31
024a47
024a50
024a66
024a7d
024a86
024a9d
024aaf
024ab8
024acc
024add
024ae6
024afe
024b08
024b1c
024b20
024b34
024b49
024b54
024b69
024b75
024b8b
024b92
024bae
024bb3
024bc5
024bda
024bef
024bf0
024c0b
024c1c
024c25
024c3f
024c41
024c52
024c6a
024c7d
024c81
024c93
024caf
024cbd
024cc0
024cd9
024cee
024cf1
024d02
024d12
024d2c
024d3c
024d4e
024d53
024d6a
024d74
024d86
024d96
024da3
024db9
024dcd
024dd5
024dee
024dfe
024e07
024e18
024e20
024e3f
024e4f
024e5a
024e6c
024e7e
024e8f
024e90
024ea3
024ebb
024ec1
024edf
024eea
024efa
024f0d
024f15
024f23
024f3f
024f4a
024f53
024f63
024f7c
024f81
024f9d
024fa8
024fb8
024fc9
024fdb
024fea
024ff6
02500a
025016
025020
025039
025044
02505a
025068
025078
02508a
025094
0250ae
0250ba
0250cd
0250de
0250ee
0250fc
02510c
02511e
02512a
025137
025147
025153
025162
025177
025183
02519b
0251ac
0251b9
0251c3
0251df
0251e2
0251fa
02520e
025211
025223
02523d
025248
025253
025260
025276
025285
025291
0252a9
0252bf
0252c3
0252d4
0252ea
0252fe
02530c
025314
025329
02533e
025347
02535c
02536b
025375
02538f
025391
0253a7
0253b9
0253c7
0253d0
0253ea
0253fd
025406
025414
02542b
025436
02544a
02545c
025466
025470
025484
025493
0254ae
0254be
0254cc
0254d6
0254e9
0254fe
025504
025515
025526
025534
02554f
025556
02556a
02557b
025585
02559a
0255a6
0255b3
0255c1
0255d4
0255e8
0255f3
02560c
025617
025628
02563b
025646
025652
025665
02567b
02568d
025696
0256a3
0256be
0256c5
0256d5
0256eb
0256f6
025709
025717
02572c
025735
025749
025751
025762
02577e
025787
025796
0257a0
0257bf
0257c5
0257d7
0257ef
0257f9
02580e
025817
025820
025835
02584c
02585b
02586c
025871
025888
025895
0258ab
0258b5
0258cb
0258d0
0258ea
0258fd
02590f
025919
025928
025933
02594e
025958
02596c
025976
02598d
025994
0259a3
0259b6
0259c6
0259dc
0259e8
0259f0
025a0d
025a14
025a20
025a38
025a4f
025a53
025a64
025a7b
025a83
025a9f
025aaf
025aba
025ace
025ad9
025aeb
025afd
025b06
025b1a
025b23
025b36
025b40
025b5f
025b62
025b73
025b81
025b95
025ba2
025bb4
025bc9
025bd8
025be4
025bf6
025c08
025c19
025c2e
025c33
025c4b
025c5f
025c6c
025c70
025c87
025c96
025ca0
025cb5
025cc2
025cd3
025cec
025cfb
025d0b
025d11
025d28
025d30
025d4d
025d5c
025d60
025d78
025d81
025d94
025da0
025dbf
025dc2
025dd0
025deb
025df2
025e04
025e12
025e28
025e34
025e4a
025e5a
025e6e
025e73
025e8a
025e90
025ea8
025ebf
025ec9
025ed3
025eef
025ef0
025f0d
025f1a
025f2c
025f36
025f4c
025f5a
025f6a
025f7a
025f83
025f9a
025fa7
025fbb
025fc5
025fdb
025fe3
025ff0
02600a
026019
02602f
026039
02604f
026050
026064
02607a
02608c
026099
0260a7
0260b0
0260c6
0260d3
0260ef
0260f0
026106
026110
02612b
02613e
02614d
02615f
026162
026175
026180
026198
0261a5
0261b5
0261cd
0261db
0261ea
0261f9
026209
02621c
02622c
02623e
02624f
026254
02626d
026272
02628b
026295
0262a8
0262bf
0262ce
0262d1
0262e8
0262f1
026306
026316
026326
02633c
02634e
026359
026360
026373
02638f
02639b
0263a8
0263b9
0263ca
0263d5
0263e2
0263f5
026408
026415
026426
026431
026445
026451
026468
026477
026483
026495
0264a8
0264b7
0264c0
0264d8
0264eb
0264ff
02650a
026515
026524
026538
02654b
02655b
026563
026578
026580
02659e
0265a5
0265bd
0265c9
0265d1
0265e3
0265fd
02660d
026610
02662a
026637
02664c
026653
026662
02667b
026681
02669c
0266a1
0266b0
0266c8
0266d8
0266e1
0266f3
02670a
026718
026723
026735
026740
02675c
02676a
026771
026784
02679a
0267ab
0267bc
0267c4
0267df
0267e1
0267f3
026806
026813
026829
02683b
02684c
026853
026869
026878
02688b
026897
0268a5
0268b1
0268c4
0268dd
0268e4
0268f8
02690f
02691b
026923
02693f
026943
026954
026967
02697d
026986
02699b
0269a7
0269b8
0269c8
0269d9
0269e6
0269f9
026a0c
026a15
026a28
026a36
026a46
026a51
026a67
026a74
026a8b
026a9e
026aab
026ab1
026acb
026adc
026ae3
026af7
026b01
026b16
026b2e
026b3d
026b46
026b57
026b66
026b75
026b82
026b96
026bab
026bbf
026bc3
026bd2
026be0
026bf9
026c0c
026c1d
026c2c
026c38
026c41
026c5c
026c69
026c72
026c8f
026c92
026cab
026cb2
026ccf
026cdb
026ce5
026cfb
026d0d
026d19
026d27
026d30
026d47
026d5e
026d6c
026d7b
026d85
026d90
026da5
026db9
026dcb
026ddc
026de7
026df7
026e01
026e11
026e2d
026e37
026e44
026e57
026e69
026e7f
026e86
026e93
026eae
026eb6
026ecf
026edc
026ee0
026eff
026f06
026f10
026f2b
026f35
026f47
026f58
026f6a
026f74
026f85
026f90
026faa
026fb6
026fcf
026fd9
026fe4
026ff1
027009
027015
027025
02703d
02704a
027057
02706a
027072
02708f
02709c
0270a0
0270b8
0270c2
0270de
0270e7
0270f9
027104
027111
027127
02713c
027148
027154
027162
027170
027189
027199
0271ae
0271b6
0271c9
0271d8
0271ee
0271f2
027206
02721d
02722a
027230
02724c
02725b
027267
02727d
027286
027290
0272ad
0272bf
0272c0
0272d8
0272e3
0272f1
027303
027316
02732a
027334
027348
027359
027367
02737d
027382
02739d
0273ae
0273b2
0273cc
0273dc
0273e7
0273fe
027409
027411
027422
027432
027449
02745f
027464
027472
027483
027496
0274ad
0274b2
0274c1
0274d1
0274e6
0274fb
02750a
027512
02752f
027535
02754d
02755b
027567
02757a
027583
027593
0275a2
0275b8
0275c0
0275d1
0275e0
0275fe
027608
027611
027627
027630
02764f
027650
027665
027678
02768b
02769c
0276a6
0276bb
0276cf
0276d9
0276e5
0276f4
02770a
02771e
027728
02773a
027740
027754
02776d
02777e
02778e
027796
0277ab
0277ba
0277c9
0277d5
0277e2
0277f5
02780a
027812
027822
02783c
027840
027850
02786a
02787e
027889
027890
0278a7
0278b1
0278c2
0278d2
0278e3
0278f8
027900
027911
027921
027933
02794b
02795a
027964
027970
027981
027997
0279a3
0279bb
0279ce
0279de
0279e7
0279f2
027a07
027a1b
027a2c
027a38
027a49
027a58
027a67
027a75
027a82
027a9c
027aad
027ab6
027ac3
027adb
027ae6
027aff
027b0a
027b1f
027b2b
027b3c
027b48
027b57
027b61
027b7a
027b8c
027b9a
027bab
027bbe
027bcd
027bd2
027be1
027bff
027c0f
027c16
027c23
027c3a
027c48
027c56
027c66
027c7a
027c8d
027c93
027ca3
027cbf
027cce
027cd9
027ce4
027cff
027d01
027d15
027d2f
027d3e
027d4e
027d54
027d6f
027d74
027d83
027d96
027da5
027db6
027dcf
027dd6
027deb
027df5
027e0c
027e16
027e23
027e35
027e4e
027e5f
027e60
027e7c
027e8f
027e9f
027ead
027eb1
027ecd
027ed0
027ee9
027ef4
027f06
027f16
027f21
027f3e
027f49
027f58
027f6b
027f7f
027f85
027f91
027faa
027fba
027fc0
027fdc
027fee
027ff4
028007
028017
028029
02803f
028044
028054
02806a
02807b
02808a
02809d
0280a2
0280b6
0280cc
0280d5
0280e4
0280f3
028105
028112
028122
028133
02814f
028154
02816f
02817d
02818f
028198
0281a3
0281b9
0281c8
0281dc
0281e3
0281fb
02820d
028218
02822e
02823d
028245
028257
028266
028277
028287
028295
0282a2
0282b7
0282c7
0282d1
0282eb
0282fa
028303
028317
028325
02833c
028349
02835e
028366
02837f
028381
028393
0283a5
0283b9
0283ce
0283dd
0283ea
0283f2
028405
028416
028427
028431
02844f
028455
028467
02847e
028484
02849d
0284ac
0284b3
0284c5
0284d2
0284ec
0284fa
028502
02851d
028527
02853a
02854c
028553
028562
028573
028581
02859c
0285af
0285b7
0285cc
0285dc
0285e0
0285fc
02860e
028610
028629
02863e
028643
028655
028666
028671
028689
02869f
0286a1
0286b3
0286ce
0286d3
0286e9
0286f5
02870b
028717
02872d
028739
028744
028753
02876d
02877b
02878f
02879e
0287ad
0287b4
0287cf
0287d6
0287e6
0287f5
02880c
02881e
02882b
028835
028840
028856
028863
02887c
02888a
028891
0288a6
0288bd
0288cf
0288d1
0288e1
0288fe
028903
02891a
02892c
028936
028946
02895d
02896e
028979
028981
02899f
0289a1
0289b3
0289c0
0289da
0289e4
0289fc
028a03
028a10
028a2e
028a32
028a45
028a59
028a64
028a7b
028a83
028a92
028aac
028ab0
028ac1
028ad7
028aed
028af2
028b03
028b17
028b2f
028b35
028b44
028b50
028b6d
028b72
028b80
028b98
028bab
028bb9
028bc3
028bd8
028be3
028bf7
028c08
028c1c
028c29
028c36
028c4e
028c5f
028c6f
028c7a
028c86
028c99
028cab
028cb3
028cc1
028cde
028ce7
028cf7
028d0f
028d1b
028d2a
028d39
028d4a
028d56
028d6b
028d78
028d89
028d95
028da1
028dbc
028dc7
028dd3
028de2
028dfb
028e0d
028e12
028e28
028e34
028e45
028e5e
028e60
028e71
028e81
028e97
028ea5
028eb3
028ece
028eda
028ee3
028ef2
028f00
028f1f
028f25
028f30
028f4b
028f57
028f62
028f7b
028f83
028f9c
028fa1
028fb3
028fc1
028fd5
028fe0
028ff3
02900d
029015
029021
029037
02904a
029050
029064
029076
029084
029099
0290ae
0290ba
0290cf
0290d1
0290ea
0290f1
029107
029118
02912c
02913a
02914c
029159
029169
029179
02918b
02919a
0291a7
0291b7
0291c5
0291db
0291ea
0291f4
029204
02921f
02922e
029239
029241
02925c
02926b
029274
029286
02929c
0292a5
0292b0
0292cd
0292dc
0292e8
0292f8
029301
02931a
029327
02933b
029346
029351
029364
029376
02938c
029398
0293a3
0293b7
0293c3
0293d6
0293ee
0293fe
02940f
02941a
029427
029435
029445
02945b
029469
02947d
029489
02949e
0294ae
0294be
0294cc
0294de
0294e9
0294fe
02950a
029512
029522
029530
02954e
029559
02956e
029573
02958f
029591
0295a5
0295ba
0295cd
0295d4
0295e5
0295f6
029606
029618
029622
029637
02964e
029654
029668
02967f
029689
029694
0296ab
0296be
0296c1
0296d6
0296ef
0296ff
029701
029712
029727
02973e
02974b
02975c
029761
02977b
02978f
02979c
0297a3
0297bd
0297c1
0297d6
0297e3
0297f3
02980f
029812
029827
02983d
02984b
02985c
029863
02987e
02988c
029895
0298ab
0298b9
0298c2
0298dd
0298e0
0298fc
029905
02991b
029923
029935
029949
029953
02996e
029970
02998d
02999b
0299a0
0299b8
0299c4
0299d2
0299e9
0299f4
029a0a
029a1b
029a22
029a3d
029a42
029a58
029a6b
029a71
029a80
029a92
029aaa
029ab6
029aca
029ad9
029ae4
029af7
029b06
029b11
029b2f
029b35
029b46
029b53
029b67
029b76
029b8f
029b93
029bab
029bb5
029bca
029bd9
029be7
029bff
029c06
029c13
029c24
029c31
029c4b
029c5f
029c62
029c7a
029c80
029c98
029cae
029cb4
029cc0
029cd4
029ce3
029cfd
029d04
029d1b
029d20
029d3f
029d4f
029d58
029d6b
029d7a
029d82
029d95
029da2
029db9
029dc8
029dd5
029def
029df5
029e0b
029e17
029e29
029e37
029e4d
029e59
029e67
029e79
029e8a
029e9d
029ea9
029ebf
029ec1
029eda
029ee3
029ef0
029f0c
029f11
029f2f
029f3d
029f4b
029f50
029f63
029f7e
029f85
029f91
029fa5
029fbf
029fc3
029fdd
029fee
029ff0
02a00a
02a015
02a029
02a030
02a04b
02a053
02a065
02a07f
02a08a
02a093
02a0a7
02a0b2
02a0c8
02a0d7
02a0e2
02a0fa
02a10c
02a118
02a12e
02a13d
02a144
02a15a
02a165
02a17c
02a184
02a195
02a1ac
02a1b0
02a1c1
02a1d2
02a1ee
02a1f8
02a202
02a21e
02a22d
02a23e
02a240
02a252
02a265
02a279
02a28e
02a29c
02a2a7
02a2b1
02a2ce
02a2d5
02a2e7
02a2ff
02a308
02a313
02a324
02a33b
02a346
02a35c
02a365
02a37b
02a387
02a39b
02a3a0
02a3b9
02a3c4
02a3d2
02a3e8
02a3f8
02a404
02a413
02a42a
02a43e
02a44c
02a451
02a46a
02a474
02a486
02a495
02a4a9
02a4be
02a4cb
02a4d3
02a4ef
02a4f2
02a509
02a514
02a526
02a535
02a54b
02a559
02a56f
02a57e
02a58a
02a593
02a5ab
02a5bd
02a5cc
02a5d0
02a5e4
02a5ff
02a60d
02a614
02a622
02a634
02a641
02a659
02a669
02a67b
02a684
02a69e
02a6aa
02a6bc
02a6c3
02a6dd
02a6e7
02a6ff
02a70e
02a714
02a720
02a731
02a740
02a757
02a765
02a772
02a782
02a794
02a7ab
02a7ba
02a7c3
02a7d1
02a7ec
02a7f1
02a80e
02a811
02a825
02a838
02a84b
02a85d
02a86b
02a878
02a884
02a89a
02a8a5
02a8ba
02a8cd
02a8d8
02a8eb
02a8ff
02a902
02a915
02a924
02a936
02a94c
02a95f
02a967
02a979
02a98f
02a99a
02a9ad
02a9b7
02a9c2
02a9d2
02a9ea
02a9f1
02aa0d
02aa1d
02aa2f
02aa3d
02aa43
02aa59
02aa6e
02aa73
02aa87
02aa91
02aaa5
02aab4
02aaca
02aad0
02aae1
02aaf7
02ab09
02ab1c
02ab2a
02ab3d
02ab45
02ab57
02ab61
02ab73
02ab89
02ab99
02abae
02abb4
02abce
02abdc
02abe3
02abf7
02ac07
02ac1f
02ac23
02ac3a
02ac49
02ac54
02ac61
02ac7f
02ac8c
02ac98
02acaa
02acb5
02acc4
02acdd
02ace8
02acf1
02ad02
02ad11
02ad22
02ad35
02ad41
02ad5f
02ad61
02ad7a
02ad8d
02ad99
02ada1
02adb8
02adc7
02adda
02ade8
02adfb
02ae02
02ae14
02ae2c
02ae31
02ae49
02ae53
02ae62
02ae79
02ae80
02ae91
02aea1
02aeb2
02aec6
02aed9
02aeef
02aef3
02af01
02af19
02af24
02af3d
02af4d
02af5b
02af65
02af73
02af8e
02af93
02afae
02afb1
02afc5
02afdb
02afe1
02affa
02b00d
02b01e
02b025
02b036
02b04b
02b056
02b06b
02b072
02b08f
02b09c
02b0a1
02b0b5
02b0c1
02b0d5
02b0e4
02b0f9
02b10a
02b116
02b121
02b13f
02b14d
02b156
02b163
02b179
02b181
02b19b
02b1a7
02b1ba
02b1ca
02b1de
02b1e1
02b1fd
02b204
02b215
02b22a
02b238
02b241
02b256
02b26a
02b278
02b285
02b29a
02b2a4
02b2b6
02b2c2
02b2dd
02b2e0
02b2f7
02b30f
02b31c
02b32b
02b334
02b34c
02b35b
02b361
02b373
02b38f
02b399
02b3ae
02b3b0
02b3c4
02b3db
02b3e0
02b3f7
02b40f
02b418
02b425
02b43d
02b446
02b451
02b463
02b476
02b48c
02b49d
02b4a5
02b4be
02b4c8
02b4de
02b4e5
02b4f7
02b500
02b51c
02b52d
02b536
02b540
02b551
02b561
02b579
02b58c
02b59e
02b5a7
02b5b2
02b5c4
02b5d1
02b5eb
02b5fe
02b60f
02b619
02b62b
02b63b
02b64e
02b65a
02b667
02b672
02b680
02b698
02b6a6
02b6ba
02b6c9
02b6d7
02b6ed
02b6f1
02b707
02b719
02b724
02b73a
02b74d
02b75b
02b760
02b775
02b787
02b798
02b7a6
02b7ba
02b7cc
02b7d4
02b7e7
02b7f0
02b80e
02b81b
02b82f
02b83e
02b84f
02b853
02b86b
02b87b
02b883
02b894
02b8ae
02b8b7
02b8c1
02b8d0
02b8ef
02b8f0
02b901
02b916
02b922
02b936
02b94c
02b959
02b96a
02b97a
02b981
02b99f
02b9a4
02b9b2
02b9cd
02b9df
02b9e0
02b9fb
02ba09
02ba16
02ba25
02ba30
02ba4b
02ba58
02ba66
02ba75
02ba81
02ba97
02baa6
02babe
02bacd
02bad2
02bae9
02baff
02bb0f
02bb18
02bb24
02bb3e
02bb4c
02bb57
02bb69
02bb7e
02bb85
02bb99
02bba8
02bbbc
02bbc7
02bbd5
02bbe4
02bbf2
02bc04
02bc1f
02bc20
02bc34
02bc42
02bc5c
02bc69
02bc79
02bc87
02bc92
02bca7
02bcbe
02bccf
02bcd2
02bce8
02bcf1
02bd05
02bd1e
02bd26
02bd3e
02bd45
02bd5d
02bd6d
02bd7f
02bd8a
02bd97
02bda7
02bdb2
02bdcf
02bdd4
02bde8
02bdf8
02be0c
02be17
02be24
02be39
02be41
02be5f
02be6c
02be70
02be8a
02be95
02beaa
02beba
02becc
02bed5
02bee3
02befe
02bf06
02bf1d
02bf2b
02bf34
02bf42
02bf53
02bf61
02bf79
02bf8c
02bf9d
02bfad
02bfb5
02bfc2
02bfd7
02bfea
02bff2
02c001
02c015
02c02d
02c031
02c04a
02c059
02c064
02c072
02c085
02c09b
02c0ae
02c0bc
02c0c4
02c0d8
02c0e3
02c0f4
02c107
02c118
02c125
02c131
02c146
02c151
02c16a
02c172
02c182
02c19b
02c1a4
02c1be
02c1c6
02c1d2
02c1ea
02c1f9
02c20a
02c219
02c22f
02c236
02c24b
02c25e
02c266
02c271
02c28b
02c294
02c2ab
02c2b7
02c2cf
02c2df
02c2ed
02c2fd
02c303
02c319
02c32d
02c339
02c340
02c357
02c363
02c375
02c386
02c39e
02c3ad
02c3b1
02c3c3
02c3d8
02c3e9
02c3fe
02c405
02c412
02c422
02c43b
02c44f
02c454
02c461
02c47a
02c48b
02c49c
02c4a2
02c4b6
02c4cc
02c4d4
02c4e9
02c4f0
02c50e
02c511
02c522
02c53d
02c548
02c552
02c56c
02c578
02c58d
02c599
02c5aa
02c5b1
02c5ca
02c5d5
02c5ef
02c5f8
02c60b
02c617
02c621
02c63f
02c64d
02c657
02c66e
02c67a
02c68a
02c698
02c6a7
02c6b4
02c6cd
02c6d8
02c6e2
02c6f8
02c706
02c714
02c723
02c730
02c743
02c75f
02c766
02c77b
02c783
02c795
02c7ab
02c7b4
02c7ca
02c7dd
02c7e8
02c7fa
02c802
02c811
02c82e
02c837
02c846
02c852
02c868
02c871
02c88a
02c89a
02c8a8
02c8bc
02c8ce
02c8da
02c8e0
02c8f3
02c90d
02c91e
02c92b
02c930
02c942
02c951
02c961
02c97e
02c98b
02c99a
02c9ac
02c9b8
02c9c1
02c9d9
02c9ea
02c9f8
02ca0e
02ca1b
02ca29
02ca39
02ca4b
02ca59
02ca6d
02ca70
02ca83
02ca9d
02caab
02cab8
02caca
02cad3
02cae8
02caf3
02cb05
02cb1f
02cb28
02cb34
02cb43
02cb5f
02cb6d
02cb76
02cb80
02cb93
02cba6
02cbbd
02cbc1
02cbdb
02cbe6
02cbf0
02cc0d
02cc1b
02cc2e
02cc31
02cc49
02cc5b
02cc61
02cc73
02cc89
02cc90
02cca3
02ccb7
02cccb
02ccd8
02cce7
02ccfd
02cd01
02cd16
02cd24
02cd37
02cd41
02cd5e
02cd6b
02cd7e
02cd82
02cd91
02cdab
02cdb3
02cdc8
02cddd
02cded
02cdff
02ce02
02ce17
02ce27
02ce3c
02ce48
02ce50
02ce6c
02ce79
02ce83
02ce93
02ceac
02ceb3
02ceca
02cedc
02cee5
02cefc
02cf0a
02cf18
02cf2f
02cf30
02cf43
02cf5f
02cf6f
02cf76
02cf80
02cf90
02cfaf
02cfb0
02cfc0
02cfdb
02cfe1
02cffd
02d00f
02d019
02d024
02d03d
02d047
02d05c
02d061
02d070
02d08c
02d096
02d0a8
02d0b9
02d0c0
02d0da
02d0e6
02d0f6
02d104
02d117
02d124
02d13d
02d141
02d15f
02d16b
02d173
02d180
02d197
02d1aa
02d1b5
02d1c6
02d1d1
02d1e6
02d1fb
02d20f
02d211
02d225
02d234
02d244
02d259
02d26c
02d27e
02d281
02d29b
02d2a9
02d2b6
02d2c4
02d2dd
02d2e8
02d2f3
02d305
02d315
02d32f
02d330
02d340
02d35d
02d368
02d370
02d388
02d396
02d3a7
02d3ba
02d3cd
02d3d2
02d3ef
02d3f1
02d406
02d411
02d427
02d431
02d448
02d454
02d46a
02d478
02d489
02d497
02d4a7
02d4b5
02d4c9
02d4dd
02d4e0
02d4f9
02d50a
02d51f
02d52b
02d538
02d546
02d55e
02d56b
02d570
02d58e
02d59f
02d5a8
02d5ba
02d5c6
02d5dc
02d5ed
02d5fa
02d60a
02d616
02d62c
02d63e
02d640
02d65d
02d660
02d67a
02d68f
02d69c
02d6a3
02d6bc
02d6cc
02d6d5
02d6e8
02d6f0
02d70f
02d71c
02d720
02d73b
02d748
02d759
02d761
02d77f
02d785
02d79d
02d7a9
02d7b0
02d7ce
02d7de
02d7e6
02d7f3
02d80a
02d819
02d82b
02d835
02d841
02d85e
02d863
02d87d
02d888
02d898
02d8aa
02d8b1
02d8cd
02d8d0
02d8ec
02d8f7
02d90c
02d917
02d928
02d93c
02d942
02d95c
02d969
02d977
02d98e
02d99f
02d9ae
02d9b6
02d9c8
02d9d1
02d9e3
02d9f0
02da0f
02da17
02da26
02da32
02da49
02da5c
02da69
02da71
02da8b
02da9c
02daa0
02dabd
02dac6
02dad0
02dae8
02dafc
02db0a
02db19
02db2a
02db33
02db48
02db52
02db68
02db7c
02db83
02db97
02dba3
02dbb1
02dbca
02dbd0
02dbe3
02dbf6
02dc04
02dc1c
02dc28
02dc33
02dc44
02dc59
02dc61
02dc78
02dc88
02dc9e
02dca6
02dcb9
02dcc9
02dcd3
02dce1
02dcfd
02dd0e
02dd1a
02dd2e
02dd3b
02dd4d
02dd54
02dd68
02dd74
02dd81
02dd94
02dda7
02ddb2
02ddc1
02dddf
02dde2
02ddf5
02de09
02de15
02de26
02de30
02de49
02de5f
02de60
02de7f
02de80
02de9b
02dea1
02deb6
02dec5
02dede
02deec
02defc
02df02
02df14
02df2e
02df33
02df4e
02df54
02df66
02df71
02df80
02df93
02dfaf
02dfb5
02dfc1
02dfd4
02dfe3
02dffd
02e005
02e016
02e023
02e034
02e04c
02e058
02e065
02e07d
02e084
02e096
02e0a7
02e0bb
02e0c9
02e0dc
02e0e7
02e0f7
02e102
02e11b
02e12a
02e131
02e142
02e156
02e165
02e171
02e18a
02e195
02e1a4
02e1b2
02e1cc
02e1df
02e1e0
02e1fa
02e205
02e218
02e22d
02e238
02e248
02e256
02e26f
02e274
02e284
02e291
02e2a1
02e2bd
02e2c5
02e2d3
02e2e3
02e2f4
02e30a
02e317
02e321
02e337
02e34c
02e35a
02e363
02e376
02e38d
02e39c
02e3a8
02e3bc
02e3cf
02e3d3
02e3ed
02e3f1
02e404
02e414
02e427
02e432
02e447
02e456
02e46f
02e472
02e486
02e496
02e4a1
02e4ba
02e4c7
02e4d1
02e4e1
02e4f5
02e507
02e514
02e529
02e53e
02e54b
02e552
02e562
02e571
02e582
02e597
02e5a6
02e5bb
02e5cc
02e5df
02e5ec
02e5fb
02e608
02e612
02e622
02e635
02e64e
02e659
02e668
02e67c
02e68b
02e69b
02e6ad
02e6b6
02e6c9
02e6d9
02e6e1
02e6f6
02e709
02e713
02e72f
02e73f
02e749
02e754
02e76e
02e77d
02e78b
02e797
02e7a6
02e7bd
02e7ca
02e7d6
02e7e5
02e7f6
02e800
02e812
02e825
02e837
02e847
02e851
02e86e
02e879
02e889
02e896
02e8ac
02e8be
02e8c2
02e8da
02e8e4
02e8f7
02e90a
02e91d
02e921
02e935
02e946
02e950
02e967
02e976
02e98d
02e996
02e9a8
02e9bc
02e9c2
02e9dd
02e9e4
02e9f4
02ea05
02ea1c
02ea2e
02ea38
02ea4f
02ea57
02ea60
02ea75
02ea8d
02ea96
02eaaf
02eaba
02eacb
02ead5
02eae5
02eaf2
02eb0d
02eb13
02eb2f
02eb3f
02eb4e
02eb50
02eb60
02eb71
02eb87
02eb94
02ebaf
02ebb0
02ebc2
02ebdb
02ebe1
02ebfe
02ec06
02ec14
02ec25
02ec3d
02ec40
02ec51
02ec63
02ec72
02ec86
02ec9a
02eca6
02ecbe
02ecc0
02ecd9
02ece3
02ecf0
02ed0f
02ed19
02ed2f
02ed3f
02ed40
02ed54
02ed6e
02ed72
02ed80
02ed9d
02edaa
02edb4
02edc6
02eddc
02ede4
02edfd
02ee0e
02ee17
02ee2b
02ee38
02ee4f
02ee5d
02ee61
02ee78
02ee83
02ee93
02eea5
02eebf
02eec4
02eeda
02eeea
02eefb
02ef00
02ef10
02ef21
02ef31
02ef4d
02ef52
02ef67
02ef7d
02ef88
02ef96
02efa4
02efb8
02efca
02efd4
02efe7
02eff7
02f00e
02f01b
02f02a
02f038
02f046
02f058
02f063
02f070
02f08a
02f09b
02f0a8
02f0bd
02f0c2
02f0d5
02f0e5
02f0f8
02f105
02f113
02f122
02f13f
02f140
02f151
02f165
02f178
02f181
02f19a
02f1af
02f1bb
02f1c6
02f1df
02f1e3
02f1f2
02f208
02f219
02f22c
02f233
02f24b
02f25c
02f265
02f27d
02f286
02f296
02f2a7
02f2b8
02f2c0
02f2d1
02f2e6
02f2f7
02f305
02f316
02f328
02f333
02f348
02f35a
02f36b
02f376
02f38a
02f396
02f3a1
02f3b4
02f3c7
02f3d1
02f3eb
02f3f8
02f404
02f413
02f428
02f439
02f448
02f45c
02f46f
02f475
02f484
02f49c
02f4a3
02f4bb
02f4c4
02f4d5
02f4ed
02f4f8
02f501
02f513
02f52c
02f531
02f54e
02f552
02f56f
02f57f
02f58d
02f59b
02f5aa
02f5b4
02f5ca
02f5d6
02f5e3
02f5f0
02f609
02f61b
02f628
02f63f
02f647
02f656
02f66c
02f670
02f681
02f690
02f6a9
02f6bc
02f6cf
02f6db
02f6ec
02f6fc
02f709
02f718
02f720
02f736
02f748
02f75e
02f76d
02f779
02f789
02f79f
02f7a3
02f7ba
02f7c3
02f7d3
02f7e5
02f7fc
02f80e
02f81d
02f82c
02f83d
02f841
02f85c
02f86f
02f87d
02f88b
02f898
02f8a3
02f8be
02f8cb
02f8d6
02f8e1
02f8fb
02f902
02f912
02f92a
02f938
02f940
02f95e
02f96a
02f979
02f987
02f993
02f9a8
02f9ba
02f9c0
02f9dc
02f9ed
02f9fe
02fa00
02fa11
02fa2f
02fa3e
02fa48
02fa5a
02fa66
02fa7d
02fa80
02fa99
02faa1
02fab5
02facc
02fad0
02fae7
02fafb
02fb03
02fb1f
02fb2d
02fb3d
02fb4a
02fb54
02fb6e
02fb7c
02fb84
02fb93
02fba9
02fbb3
02fbcf
02fbd9
02fbe0
02fbf9
02fc09
02fc12
02fc28
02fc30
02fc4c
02fc53
02fc64
02fc77
02fc8f
02fc91
02fcaf
02fcba
02fccd
02fcd9
02fceb
02fcff
02fd03
02fd19
02fd2a
02fd3e
02fd44
02fd5c
02fd69
02fd70
02fd8e
02fd9f
02fdab
02fdb0
02fdc1
02fdda
02fdeb
02fdfb
02fe06
02fe18
02fe20
02fe38
02fe4a
02fe59
02fe63
02fe79
02fe8f
02fe99
02fea0
02feb4
02feca
02fed8
02fee7
02fefe
02ff0a
02ff1c
02ff21
02ff3a
02ff43
02ff52
02ff6b
02ff75
02ff82
02ff98
02ffaa
02ffb2
02ffca
02ffd4
02ffe0
02fffe
030003
03001d
030029
030035
030049
03005a
03006e
030070
030082
030090
0300aa
0300b4
0300cd
0300de
0300e3
0300f5
030101
030115
030127
030133
03014d
030150
030167
03017e
030181
030198
0301af
0301bf
0301cb
0301df
0301e4
0301f9
03020a
03021b
030222
030235
030242
030258
030265
030276
030284
030296
0302ab
0302b9
0302ce
0302d1
0302ee
0302fc
030305
030318
030323
030335
03034b
030356
03036d
030379
030385
03039f
0303a3
0303b3
0303c7
0303dd
0303e3
0303fd
03040e
030413
030420
030432
03044f
030456
03046a
03047f
03048b
030493
0304ac
0304b9
0304c3
0304d1
0304eb
0304f7
030507
030519
030524
03053e
030543
030552
03056a
03057f
030585
03059d
0305a5
0305be
0305c7
0305da
0305eb
0305f5
03060b
03061b
030620
03063a
030647
030658
03066d
03067b
030681
03069b
0306ae
0306b4
0306c3
0306dc
0306e3
0306ff
03070f
03071f
03072d
030733
03074a
030754
030764
030771
030787
030794
0307a8
0307b4
0307cc
0307d7
0307ed
0307fd
03080f
030819
03082d
030830
030844
030859
030865
030874
030886
030890
0308a1
0308be
0308cd
0308d2
0308ec
0308fc
030905
030919
03092d
03093c
030947
030953
03096b
030976
03098e
030997
0309ac
0309b0
0309cf
0309d8
0309e9
0309f6
030a0c
030a1f
030a2f
030a39
030a4f
030a54
030a6a
030a73
030a86
030a93
030aa5
030ab5
030ac5
030ad7
030ae4
030afe
030b0a
030b15
030b2e
030b3e
030b42
030b5b
030b6a
030b7e
030b86
030b98
030ba7
030bba
030bcd
030bd8
030be8
030bf5
030c05
030c13
030c22
030c37
030c40
030c51
030c6b
030c7f
030c85
030c9e
030cae
030cb4
030cc2
030cd7
030ce9
030cf9
030d0b
030d10
030d20
030d33
030d46
030d59
030d6f
030d72
030d8c
030d9a
030daf
030dbe
030dcd
030dd5
030de2
030df5
030e0d
030e16
030e2c
030e30
030e4c
030e53
030e63
030e73
030e81
030e9d
030ea3
030eb9
030ec4
030ed4
030ee3
030ef2
030f07
030f11
030f2c
030f38
030f44
030f56
030f6e
030f70
030f83
030f94
030fa4
030fbc
030fcb
030fda
030fe9
030ff8
031001
03101f
031025
03103c
031044
031053
031065
03107d
031086
03109d
0310ad
0310bf
0310c8
0310d0
0310e3
0310ff
03110a
031115
03112a
031131
031146
031152
03116b
03117f
031183
031195
0311a4
0311b7
0311c0
0311d1
0311ef
0311f1
03120c
031214
031224
031236
031247
031254
03126d
031272
031285
03129c
0312a5
0312b6
0312c6
0312d6
0312eb
0312fa
031307
03131c
03132f
03133c
031342
031355
031361
031377
031381
03139a
0313a3
0313be
0313c5
0313dc
0313e6
0313f5
03140c
031413
031428
03143f
03144f
031458
031465
031473
03148f
03149c
0314aa
0314be
0314cb
0314de
0314ee
0314ff
031502
031517
031525
03153b
03154c
03155d
031569
031578
031581
03159a
0315a6
0315b6
0315c5
0315da
0315e7
0315f6
031602
03161f
031625
031634
031646
031654
03166f
031677
031687
031698
0316ae
0316b9
0316c6
0316dd
0316e6
0316f2
03170b
031716
03172e
031736
031741
031753
031764
03177b
031789
031798
0317ab
0317b9
0317cc
0317dc
0317ed
0317f5
031803
03181b
031824
03183a
031849
031856
031863
031878
03188b
03189c
0318a2
0318b5
0318c6
0318d3
0318ef
0318f6
03190f
03191d
03192c
031931
03194e
031958
031968
03197b
03198e
031999
0319af
0319b2
0319c2
0319d3
0319e2
0319f7
031a05
031a12
031a21
031a3e
031a4c
031a5c
031a65
031a70
031a80
031a9f
031aa2
031ab7
031acf
031adc
031ae8
031afe
031b0b
031b1d
031b27
031b32
031b43
031b57
031b62
031b76
031b8e
031b9f
031ba3
031bb4
031bcf
031bdd
031be6
031bf5
031c00
031c1c
031c2c
031c38
031c49
031c5d
031c64
031c7f
031c83
031c95
031caf
031cbd
031cc7
031cd9
031cee
031cf4
031d04
031d1b
031d27
031d34
031d45
031d5a
031d65
031d72
031d8c
031d95
031da6
031db3
031dc5
031dd1
031deb
031dfe
031e0e
031e14
031e28
031e30
031e4d
031e5a
031e69
031e75
031e86
031e9b
031ea3
031eb8
031ec8
031ede
031ee5
031ef3
031f0e
031f15
031f27
031f3c
031f42
031f54
031f62
031f7d
031f87
031f90
031fab
031fb7
031fc1
031fd1
031fe4
031ffa
032007
032012
03202d
03203b
03204c
032055
032067
032071
032082
032094
0320aa
0320b5
0320c7
0320de
0320e2
0320f4
032101
032114
03212a
032131
03214b
032150
03216c
032173
032186
032190
0321ab
0321bc
0321ca
0321db
0321ef
0321f0
032201
03221a
03222c
03223f
032248
032254
03226c
03227b
032283
032294
0322ab
0322b4
0322cb
0322d1
0322e6
0322f2
03230a
032312
032320
03233e
032347
032357
03236e
032376
032389
032392
0323a9
0323b6
0323c5
0323df
0323ef
0323f6
032404
03241e
032426
03243a
03244a
032459
032464
03247e
03248b
032492
0324aa
0324b1
0324c2
0324d9
0324e1
0324ff
032508
03251e
032523
03253f
032540
032558
032569
032576
032587
032595
0325a8
0325b1
0325ce
0325d1
0325e2
0325fc
032605
032611
032627
03263b
03264d
032657
03266d
032677
032689
032690
0326ad
0326b9
0326c2
0326df
0326e3
0326f6
032701
032714
032728
032735
032745
03275a
03276f
032774
032785
032795
0327af
0327b5
0327c3
0327d7
0327e9
0327f9
03280a
03281d
032823
032838
032845
032859
032861
032875
03288a
032899
0328aa
0328bc
0328cc
0328dc
0328ea
0328f7
032904
03291a
03292f
032936
032943
03295c
032961
03297b
032981
032995
0329ae
0329b4
0329c9
0329d1
0329e0
0329f8
032a0e
032a18
032a2e
032a3d
032a47
032a50
032a62
032a7a
032a82
032a94
032aa0
032abe
032acd
032ad4
032ae4
032afc
032b01
032b1d
032b2d
032b3b
032b43
032b5a
032b63
032b74
032b81
032b92
032ba2
032bb1
032bcf
032bd4
032bec
032bf4
032c02
032c19
032c23
032c3e
032c45
032c5e
032c61
032c71
032c81
032c96
032ca9
032cbd
032cc6
032cd2
032ce0
032cfc
032d09
032d1e
032d20
032d36
032d4c
032d54
032d6a
032d7a
032d89
032d97
032da4
032dbc
032dc4
032ddc
032de0
032dfe
032e07
032e1d
032e29
032e32
032e4a
032e50
032e6c
032e70
032e8d
032e9a
032eae
032eb1
032ec8
032ed7
032eef
032efb
032f01
032f13
032f2d
032f3e
032f4a
032f5d
032f61
032f7a
032f82
032f9e
032fa5
032fbd
032fca
032fdb
032fe4
032ffb
03300b
033011
033026
033039
033040
033055
033068
03307f
033082
03309f
0330a1
0330b5
0330cb
0330d0
0330e7
0330fe
033105
033116
033126
033135
033141
03315d
033161
03317a
03318e
033190
0331ac
0331b9
0331c7
0331dd
0331e5
0331f9
033200
03321e
033220
03323f
03324e
033253
033261
03327c
033286
03329a
0332af
0332b9
0332c4
0332d8
0332e4
0332f6
033300
033319
03332e
03333d
03334c
03335b
033368
033371
033388
033392
0333a8
0333bf
0333c9
0333d0
0333e5
0333f7
03340b
03341c
03342d
03343a
033442
033456
03346c
033470
033487
033499
0334a4
0334bb
0334c0
0334d8
0334eb
0334f6
033507
033516
033521
03353c
03354f
033551
033565
033571
033587
033593
0335ad
0335b7
0335c3
0335d0
0335ed
0335f4
03360c
033616
033626
033637
033649
03365d
033662
03367d
033684
033695
0336a8
0336bf
0336c5
0336db
0336ef
0336f9
033707
033713
03372e
033733
03374d
03375b
033762
03377d
033787
03379b
0337a1
0337b0
0337c9
0337d0
0337e1
0337f2
033808
033811
03382f
033839
033842
03385d
033867
033878
03388b
033897
0338af
0338b6
0338c0
0338de
0338e6
0338fd
033909
033913
033926
03393e
033944
033958
03396e
033974
033987
033990
0339ad
0339b1
0339c8
0339d8
0339e9
0339f2
033a07
033a15
033a2f
033a32
033a44
033a53
033a62
033a73
033a8f
033a95
033aa2
033abe
033ac4
033adb
033ae3
033af7
033b0f
033b1a
033b20
033b3e
033b4f
033b59
033b67
033b75
033b87
033b9e
033baa
033bb4
033bc1
033bda
033bed
033bf5
033c0f
033c11
033c23
033c37
033c4e
033c5a
033c60
033c7f
033c83
033c97
033caf
033cbd
033cc4
033cd0
033ce3
033cf5
033d04
033d1c
033d2a
033d36
033d47
033d50
033d69
033d7c
033d8b
033d95
033da5
033db6
033dc3
033dda
033de5
033df5
033e0c
033e15
033e23
033e35
033e4c
033e5a
033e63
033e75
033e87
033e9b
033eae
033eba
033ece
033edf
033ee3
033efd
033f02
033f1e
033f23
033f31
033f44
033f56
033f6a
033f71
033f8e
033f90
033fac
033fb5
033fc9
033fd4
033fe1
033ff4
034006
03401f
034022
034034
034041
034055
034067
034072
034080
034093
0340ac
0340bd
0340c1
0340d6
0340e8
0340f9
034108
03411a
034126
034138
034143
034153
034160
03417c
03418e
03419b
0341a3
0341b9
0341cb
0341d4
0341e3
0341f9
034206
03421c
034223
034231
034240
03425b
034269
03427c
034282
034294
0342a8
0342ba
0342c3
0342d3
0342e9
0342f2
034307
034319
034321
03433b
034340
03435e
034364
034372
03438d
03439e
0343ad
0343b8
0343c2
0343d5
0343e5
0343fe
03440c
03441e
034425
034430
034443
034456
03446f
034476
03448f
03449b
0344a5
0344bc
0344c9
0344d7
0344eb
0344fc
034504
034517
034521
034533
034548
034554
03456d
03457f
03458d
03459c
0345ad
0345b0
0345c1
0345dc
0345e6
0345f8
034608
03461d
034629
03463d
034645
034654
034669
034673
03468b
034692
0346aa
0346b9
0346c2
0346d9
0346ef
0346f8
03470c
03471a
034722
034730
034744
034750
034763
03477d
034784
03479c
0347a4
0347b1
0347c3
0347d4
0347e8
0347f3
03480f
03481d
03482f
03483d
034840
034853
034869
034875
034881
034890
0348a9
0348ba
0348c6
0348d6
0348eb
0348f3
03490a
03491f
03492a
034938
034946
03495f
034967
03497e
034986
034997
0349ab
0349b4
0349cf
0349dd
0349e8
0349fc
034a0d
034a15
034a24
034a3f
034a4a
034a56
034a65
034a75
034a8a
034a95
034aa3
034ab1
034ac6
034add
034ae0
034af5
034b0f
034b1c
034b28
034b3d
034b41
034b5a
034b61
034b74
034b82
034b9b
034bac
034bba
034bc8
034bd5
034be7
034bf7
034c0c
034c1d
034c23
034c36
034c48
034c5a
034c61
034c77
034c87
034c98
034ca4
034cbe
034cc2
034cde
034ce4
034cf7
034d0d
034d1e
034d2b
034d37
034d46
034d5f
034d6d
034d72
034d88
034d93
034da1
034db0
034dcc
034ddd
034de2
034dfe
034e08
034e1b
034e23
034e3e
034e4b
034e54
034e66
034e7f
034e8f
034e97
034eab
034eba
034ec9
034ed4
034eef
034ef6
034f01
034f11
034f22
034f32
034f47
034f56
034f69
034f7b
034f8b
034f91
034fae
034fb9
034fc0
034fdb
034fef
034ffb
035006
03501e
03502e
035031
035043
03505a
03506c
03507d
03508c
03509a
0350a6
0350b8
0350c4
0350d7
0350ee
0350f0
035102
035118
03512a
035134
035143
035159
035167
035171
035180
03519a
0351a3
0351bb
0351c7
0351db
0351e4
0351f7
03520d
035218
035222
03523a
035241
035250
03526e
035275
035282
03529d
0352af
0352b1
0352c6
0352da
0352ed
0352f6
035300
035315
03532f
035330
035346
035354
035365
035377
035387
035395
0353a0
0353b0
0353c3
0353dc
0353ee
0353fb
035401
03541e
03542f
035439
035446
035458
035464
035475
035489
035494
0354af
0354bd
0354cb
0354d6
0354ea
0354f3
035502
03551e
035526
035538
035549
035553
035560
035571
035580
035592
0355a6
0355b8
0355c3
0355dd
0355e9
0355f1
035607
035613
035624
03563a
035640
035655
035669
035670
035686
035690
0356af
0356b0
0356c4
0356d5
0356e8
0356f7
035705
03571b
035721
03573e
035743
035757
03576f
03577c
035789
035793
0357a8
0357b6
0357c4
0357d2
0357ed
0357f0
035804
035815
03582b
03583d
035842
03585d
035867
03587f
03588f
035899
0358a3
0358ba
0358c3
0358d7
0358eb
0358f5
035904
035917
03592e
035938
035942
035958
035964
035973
035987
03599d
0359a6
0359be
0359c4
0359d2
0359e9
0359f0
035a04
035a12
035a28
035a37
035a40
035a5d
035a68
035a75
035a8b
035a9c
035aa6
035ab3
035acf
035ad9
035aeb
035af3
035b0e
035b1a
035b29
035b35
035b44
035b5c
035b67
035b75
035b8d
035b9f
035ba7
035bba
035bc4
035bd0
035be8
035bfa
035c00
035c1e
035c2a
035c3a
035c4d
035c54
035c6e
035c7c
035c81
035c90
035ca3
035cb2
035cc6
035cdb
035ceb
035cfd
035d0b
035d1a
035d23
035d3e
035d48
035d5f
035d6c
035d7a
035d82
035d95
035da7
035dba
035dc2
035dd4
035de6
035df7
035e00
035e13
035e2b
035e3f
035e46
035e57
035e63
035e75
035e82
035e90
035ea4
035ebb
035ec9
035eda
035eec
035efd
035f01
035f19
035f2c
035f37
035f4a
035f51
035f61
035f75
035f8f
035f94
035fa9
035fb0
035fcc
035fd6
035fe6
035ff0
03600d
036013
03602e
036031
036047
03605c
036065
036077
036088
03609f
0360a7
0360bf
0360c1
0360d3
0360e4
0360f4
03610d
036116
036129
036132
03614b
036151
036161
036172
03618a
036197
0361a6
0361b7
0361cc
0361df
0361e5
0361ff
036206
036214
036223
036235
036240
036255
036267
036272
036281
03629e
0362af
0362b6
0362c2
0362d6
0362e6
0362fe
03630e
036319
036323
03633a
036342
03635a
036368
03637e
036387
036397
0363a0
0363bf
0363c4
0363db
0363e1
0363f1
036406
036414
03642e
03643c
03644d
03645e
03646a
036476
03648b
03649d
0364aa
0364bf
0364c0
0364d5
0364e5
0364f8
036506
036519
036525
036539
036546
036550
036569
036576
03658d
03659c
0365a5
0365bf
0365c5
0365dc
0365e3
0365f7
03660b
036611
03662a
03663e
036644
036652
036660
03667d
036687
036697
0366ac
0366b3
0366ca
0366db
0366e1
0366f2
036706
036714
03672c
036739
03674e
036757
036762
036772
036788
036796
0367a9
0367b0
0367ca
0367dc
0367e1
0367f0
036804
036816
036828
036837
036847
03685e
036862
036877
03688b
036893
0368ac
0368b7
0368ca
0368dc
0368e2
0368ff
036900
03691a
03692f
03693f
036949
03695b
03696a
036973
036989
03699c
0369a1
0369b0
0369c6
0369d1
0369ec
0369fa
036a02
036a1f
036a20
036a3e
036a41
036a56
036a63
036a71
036a88
036a96
036aaa
036ab8
036aca
036ade
036aea
036af4
036b09
036b1a
036b2d
036b3b
036b48
036b55
036b67
036b76
036b81
036b9e
036ba8
036bb5
036bc8
036bd4
036be6
036bf1
036c04
036c1d
036c26
036c3f
036c4b
036c56
036c66
036c7e
036c81
036c9d
036cad
036cb8
036cc9
036cdd
036ce5
036cf2
036d00
036d1e
036d2c
036d3d
036d49
036d5e
036d68
036d77
036d81
036d99
036da6
036dbd
036dcd
036dd8
036dec
036dfe
036e0f
036e13
036e29
036e3c
036e47
036e59
036e6b
036e76
036e83
036e99
036ea5
036eb5
036ece
036ed0
036ee0
036efc
036f04
036f1e
036f20
036f3e
036f44
036f54
036f64
036f73
036f8a
036f97
036fa1
036fb2
036fcf
036fd0
036fe2
036fff
03700f
037017
03702c
03703e
037047
037058
037063
037075
037088
03709c
0370aa
0370bf
0370c3
0370de
0370ef
0370fd
03710b
03711b
037129
037139
03714d
037150
037160
037177
03718c
03719e
0371ac
0371b2
0371c4
0371dd
0371e9
0371f9
037202
037210
037220
03723c
03724d
037253
037263
03727b
037280
037290
0372ae
0372b5
0372c3
0372d0
0372ec
0372fa
037305
03731a
037323
037331
037346
037356
03736a
037372
037387
03739d
0373ad
0373b5
0373ce
0373d9
0373e3
0373f6
03740c
037413
03742c
037433
037441
037456
037462
037474
03748b
03749d
0374a7
0374bf
0374c0
0374dd
0374ed
0374f8
037508
037510
037526
037539
037543
03755e
037562
03757a
03758f
03759d
0375ad
0375b5
0375c0
0375d0
0375ee
0375ff
037604
037614
03762f
037638
037640
03765c
03766b
037674
037687
037691
0376a6
0376bb
0376ce
0376dc
0376e6
0376ff
037707
037719
037722
037739
037747
037758
03776c
037774
037785
037794
0377a0
0377b1
0377cc
0377d9
0377ec
0377f6
03780f
037812
03782a
037838
037848
03785e
03786a
037877
037880
037897
0378ac
0378bb
0378cf
0378d8
0378e5
0378f4
03790b
037912
037926
037932
037948
037957
037963
037977
03798f
037993
0379ad
0379bd
0379ca
0379dd
0379e3
0379ff
037a01
037a17
037a2d
037a39
037a49
037a50
037a67
037a74
037a81
037a98
037aa2
037ab1
037ac2
037ada
037ae5
037af1
037b03
037b11
037b2a
037b34
037b4d
037b5f
037b6e
037b76
037b8a
037b96
037ba7
037bbd
037bca
037bd6
037be4
037bfb
037c03
037c19
037c26
037c37
037c49
037c56
037c68
037c7a
037c8c
037c94
037cad
037cb7
037cca
037cd8
037ced
037cfb
037d09
037d1b
037d2e
037d3a
037d44
037d58
037d67
037d7e
037d80
037d9b
037da5
037db9
037dc1
037dd7
037ded
037dfd
037e07
037e19
037e2d
037e3e
037e43
037e5d
037e61
037e75
037e89
037e94
037ea9
037eb4
037ec6
037ed1
037ee5
037ef0
037f05
037f14
037f28
037f36
037f48
037f59
037f67
037f7e
037f88
037f9a
037fa8
037fb4
037fcd
037fd0
037fe9
037ff2
03800f
03801b
038026
038031
03804a
03805f
038061
038071
03808b
038090
0380a0
0380bd
0380cf
0380d4
0380e6
0380fa
03810b
038119
038124
03813f
038147
03815c
038162
038179
038181
038197
0381a8
0381be
0381cd
0381d8
0381e4
0381fc
038208
038219
038223
03823d
038242
03825a
03826d
038278
03828e
03829c
0382a8
0382b4
0382cd
0382d4
0382e7
0382fb
038305
038311
038324
038334
038349
03835b
03836a
03837f
038387
038395
0383a5
0383bd
0383c0
0383d0
0383ee
0383f1
03840d
038419
038426
038430
038447
03845f
038460
038475
03848d
038498
0384a6
0384b7
0384c2
0384dd
0384e2
0384f1
038506
038512
038525
038536
03854e
03855c
03856c
038570
038583
03859a
0385ae
0385bb
0385c5
0385d4
0385e8
0385fa
038606
038610
038623
038633
03864e
03865b
03866a
03867f
038682
038696
0386af
0386bc
0386c9
0386d2
0386e5
0386f5
03870f
038711
03872d
03873e
038743
038753
038768
038778
038780
03879c
0387ae
0387b7
0387cd
0387d0
0387ef
0387f9
038805
038818
038824
038837
03884c
038857
038866
038875
03888f
038895
0388a1
0388b0
0388cd
0388d4
0388ef
0388fc
038901
038911
03892f
03893c
03894e
038953
038968
038973
038982
03899b
0389a6
0389b8
0389cf
0389dc
0389e4
0389fb
038a08
038a1e
038a22
038a35
038a47
038a5d
038a66
038a7a
038a8a
038a9b
038aa3
038aba
038ac6
038ad7
038aeb
038af3
038b0b
038b13
038b24
038b30
038b4e
038b5c
038b69
038b77
038b87
038b92
038bad
038bb3
038bcc
038bd5
038be9
038bf6
038c06
038c10
038c2b
038c3a
038c43
038c56
038c68
038c7f
038c82
038c9d
038ca6
038cb1
038cc6
038cd5
038ce6
038cfc
038d0c
038d1c
038d23
038d3a
038d47
038d5f
038d6b
038d72
038d89
038d9a
038da8
038dbc
038dcc
038ddd
038de4
038dfe
038e08
038e1f
038e29
038e39
038e48
038e54
038e6e
038e78
038e89
038e90
038ea4
038ebf
038ecb
038edd
038eef
038ef3
038f0e
038f1a
038f2e
038f31
038f4a
038f50
038f6b
038f76
038f84
038f92
038faf
038fb7
038fc0
038fd8
038fee
038ffc
039000
039014
03902d
03903a
039040
03905f
039061
039070
03908b
039090
0390a1
0390b1
0390c1
0390dc
0390ee
0390f9
039105
039110
039125
03913a
039141
03915b
039161
039171
039180
03919d
0391a3
0391bb
0391c2
0391dd
0391ed
0391fc
039205
039213
03922b
039235
039247
03925a
03926d
039270
039288
039295
0392ab
0392b4
0392c6
0392d3
0392e1
0392fe
03930f
039317
03932f
039335
03934d
03935d
03936e
039377
039384
03939c
0393a1
0393bf
0393ca
0393df
0393ee
0393ff
039402
039416
039428
039438
039447
03945e
039469
039476
039486
03949c
0394a5
0394b3
0394c7
0394db
0394ee
0394fe
039500
039516
039529
039537
039540
03955b
039560
039575
03958f
039598
0395a6
0395b4
0395cb
0395d0
0395e3
0395f1
039601
03961f
039627
039634
039644
039650
039662
039677
039683
039699
0396ab
0396bd
0396ce
0396da
0396e3
0396f8
039707
03971b
039726
039732
03974e
039751
03976a
03977e
039782
03979b
0397ad
0397ba
0397c8
0397d4
0397eb
0397f9
039804
039815
039820
039838
039841
03985b
039864
039871
039880
03989b
0398ac
0398bf
0398c8
0398d5
0398e1
0398f8
039908
039917
03992b
03993a
03994c
039957
039965
039977
039988
039993
0399a9
0399b6
0399c5
0399de
0399e2
0399f5
039a0f
039a1d
039a26
039a34
039a4d
039a5f
039a67
039a7b
039a89
039a93
039aa3
039ab9
039ac0
039ad0
039aed
039afc
039b0e
039b11
039b2c
039b3d
039b48
039b58
039b61
039b7b
039b8a
039b98
039bad
039bb2
039bc4
039bd8
039beb
039bfe
039c00
039c12
039c21
039c37
039c47
039c56
039c6d
039c73
039c8b
039c96
039ca3
039cb4
039cc6
039cdf
039ce1
039cfe
039d06
039d13
039d21
039d33
039d4c
039d5d
039d60
039d7b
039d8b
039d92
039dab
039dba
039dc8
039ddf
039de5
039df0
039e05
039e1e
039e2f
039e32
039e4b
039e5b
039e62
039e78
039e80
039e9f
039ea9
039eb3
039ec1
039ed9
039ee0
039ef3
039f04
039f11
039f2f
039f31
039f4b
039f50
039f6a
039f7a
039f8b
039f97
039fa4
039fbf
039fcd
039fd1
039fe1
039ffe
03a000
03a010
03a02b
03a030
03a040
03a05c
03a062
03a077
03a08d
03a099
03a0ab
03a0b7
03a0c3
03a0d9
03a0e4
03a0f9
03a100
03a118
03a128
03a13f
03a14a
03a157
03a161
03a17b
03a182
03a193
03a1a7
03a1bb
03a1cb
03a1dd
03a1ea
03a1f7
03a200
03a215
03a22b
03a23f
03a242
03a25d
03a264
03a276
03a282
03a298
03a2a3
03a2bd
03a2ce
03a2d5
03a2e9
03a2ff
03a308
03a319
03a329
03a338
03a341
03a35d
03a362
03a378
03a389
03a396
03a3a4
03a3bf
03a3cf
03a3d7
03a3e8
03a3f0
03a40e
03a412
03a429
03a437
03a44d
03a45f
03a46e
03a474
03a48d
03a492
03a4aa
03a4b8
03a4cb
03a4d4
03a4ed
03a4f1
03a506
03a516
03a520
03a535
03a543
03a55e
03a56f
03a570
03a588
03a591
03a5a6
03a5b7
03a5cb
03a5df
03a5e5
03a5fa
03a600
03a61d
03a628
03a63d
03a64b
03a65c
03a668
03a674
03a68b
03a69d
03a6aa
03a6bc
03a6ca
03a6d2
03a6e3
03a6fe
03a707
03a715
03a72b
03a735
03a740
03a75a
03a76d
03a775
03a78e
03a79c
03a7a0
03a7bc
03a7cd
03a7da
03a7ee
03a7f8
03a805
03a814
03a82a
03a83f
03a845
03a859
03a86b
03a877
03a88d
03a890
03a8a9
03a8b0
03a8c8
03a8df
03a8eb
03a8f4
03a90b
03a91d
03a928
03a93b
03a94e
03a95f
03a966
03a97f
03a985
03a99c
03a9a1
03a9b0
03a9cf
03a9dc
03a9ef
03a9ff
03aa06
03aa1b
03aa2a
03aa38
03aa48
03aa51
03aa6e
03aa79
03aa82
03aa9c
03aaab
03aab6
03aac3
03aadf
03aaec
03aaf8
03ab09
03ab1f
03ab23
03ab3b
03ab4e
03ab50
03ab6e
03ab7f
03ab8e
03ab93
03abab
03abbb
03abc2
03abd9
03abed
03abfc
03ac02
03ac10
03ac21
03ac37
03ac47
03ac55
03ac67
03ac74
03ac8d
03ac90
03aca2
03acb8
03acc8
03acd3
03ace7
03acf4
03ad02
03ad10
03ad22
03ad33
03ad49
03ad5e
03ad68
03ad7d
03ad86
03ad9d
03ada5
03adbf
03adc8
03adde
03ade4
03adfb
03ae0e
03ae14
03ae25
03ae35
03ae4e
03ae58
03ae60
03ae7c
03ae8a
03ae99
03aea4
03aeba
03aec5
03aedb
03aee0
03aefb
03af00
03af1c
03af22
03af3b
03af43
03af50
03af6f
03af7a
03af85
03af98
03afa6
03afb2
03afcf
03afde
03afee
03aff1
03b00c
03b01e
03b022
03b03f
03b047
03b05d
03b06b
03b074
03b083
03b09e
03b0a2
03b0b2
03b0cf
03b0dd
03b0e3
03b0f2
03b104
03b114
03b12f
03b130
03b140
03b15c
03b165
03b173
03b183
03b195
03b1a7
03b1b4
03b1ca
03b1d4
03b1ec
03b1f4
03b204
03b210
03b22e
03b239
03b24a
03b25d
03b266
03b27b
03b28f
03b298
03b2a8
03b2b7
03b2c1
03b2dd
03b2e8
03b2f4
03b307
03b312
03b32e
03b33b
03b34c
03b357
03b362
03b372
03b38b
03b39c
03b3ae
03b3b6
03b3cc
03b3dd
03b3ed
03b3fe
03b408
03b410
03b422
03b433
03b444
03b45d
03b462
03b472
03b488
03b49b
03b4aa
03b4ba
03b4c5
03b4d2
03b4e7
03b4ff
03b501
03b51b
03b524
03b534
03b543
03b551
03b56d
03b576
03b58a
03b59e
03b5a5
03b5ba
03b5c0
03b5dc
03b5e5
03b5fe
03b600
03b61f
03b628
03b63a
03b64c
03b65b
03b669
03b679
03b688
03b693
03b6aa
03b6b6
03b6c5
03b6dc
03b6e7
03b6f6
03b706
03b715
03b722
03b737
03b746
03b75c
03b768
03b771
03b780
03b797
03b7ab
03b7bb
03b7cf
03b7dd
03b7e3
03b7fd
03b800
03b81a
03b82d
03b83b
03b847
03b851
03b869
03b874
03b88a
03b899
03b8a5
03b8b9
03b8cf
03b8dd
03b8ea
03b8f3
03b909
03b918
03b92f
03b939
03b94c
03b95b
03b96e
03b97f
03b981
03b99b
03b9ab
03b9b0
03b9cd
03b9d3
03b9e6
03b9f1
03ba07
03ba12
03ba22
03ba33
03ba4c
03ba5e
03ba68
03ba7b
03ba89
03ba99
03baaf
03bab7
03bac4
03bada
03bae9
03baff
03bb0e
03bb1b
03bb2e
03bb38
03bb46
03bb5f
03bb60
03bb7a
03bb88
03bb9b
03bba7
03bbb7
03bbc6
03bbd0
03bbe0
03bbf1
03bc09
03bc1d
03bc22
03bc39
03bc4a
03bc5c
03bc62
03bc75
03bc87
03bc9e
03bcac
03bcbd
03bccc
03bcdd
03bce2
03bcf6
03bd08
03bd1b
03bd2d
03bd39
03bd4f
03bd50
03bd67
03bd70
03bd8b
03bd9f
03bda1
03bdb1
03bdca
03bddd
03bde3
03bdf6
03be0c
03be14
03be28
03be3d
03be4d
03be5a
03be61
03be7d
03be86
03be95
03beaa
03bebb
03bec8
03bedb
03beeb
03bef8
03bf02
03bf17
03bf26
03bf34
03bf48
03bf51
03bf6e
03bf70
03bf8f
03bf9f
03bfae
03bfb2
03bfc7
03bfd5
03bfea
03bff1
03c00e
03c012
03c02b
03c031
03c044
03c051
03c060
03c076
03c08f
03c095
03c0a7
03c0bb
03c0c7
03c0d7
03c0ed
03c0fa
03c107
03c119
03c128
03c138
03c14a
03c156
03c169
03c17e
03c180
03c19b
03c1af
03c1be
03c1c5
03c1d4
03c1ef
03c1f8
03c201
03c211
03c228
03c23f
03c244
03c251
03c268
03c27c
03c288
03c29f
03c2a3
03c2bd
03c2c6
03c2d0
03c2ea
03c2fb
03c30e
03c314
03c32f
03c332
03c34a
03c35b
03c362
03c379
03c38c
03c391
03c3a1
03c3bb
03c3c2
03c3d7
03c3e9
03c3f2
03c401
03c417
03c428
03c432
03c443
03c451
03c460
03c471
03c48e
03c498
03c4a1
03c4b6
03c4cd
03c4dc
03c4eb
03c4f6
03c508
03c515
03c52b
03c530
03c548
03c55a
03c56b
03c574
03c58d
03c592
03c5ac
03c5b1
03c5c6
03c5d3
03c5e2
03c5f2
03c601
03c61c
03c62e
03c63b
03c642
03c654
03c668
03c67f
03c680
03c699
03c6a8
03c6bb
03c6c5
03c6d2
03c6e5
03c6f9
03c708
03c715
03c72a
03c736
03c741
03c756
03c760
03c775
03c786
03c79d
03c7a5
03c7b1
03c7c1
03c7d3
03c7ed
03c7f3
03c809
03c817
03c82e
03c834
03c844
03c851
03c860
03c870
03c886
03c898
03c8a0
03c8b4
03c8c4
03c8d0
03c8e7
03c8f4
03c909
03c918
03c922
03c93f
03c945
03c95e
03c961
03c970
03c98c
03c995
03c9a2
03c9be
03c9c6
03c9dc
03c9e7
03c9fa
03ca0a
03ca1b
03ca22
03ca37
03ca45
03ca5c
03ca68
03ca73
03ca85
03ca94
03caa2
03cab3
03cacb
03cade
03cae8
03cafe
03cb0f
03cb10
03cb24
03cb3f
03cb4f
03cb53
03cb66
03cb79
03cb84
03cb98
03cbab
03cbb2
03cbce
03cbdb
03cbe5
03cbfa
03cc01
03cc17
03cc2f
03cc38
03cc44
03cc50
03cc65
03cc7a
03cc80
03cc96
03cca2
03ccba
03ccc3
03ccdd
03cced
03ccfc
03cd04
03cd1e
03cd28
03cd3e
03cd44
03cd5a
03cd63
03cd77
03cd8e
03cd96
03cdae
03cdb6
03cdc7
03cdda
03cde9
03cdfc
03ce06
03ce1b
03ce2c
03ce33
03ce42
03ce52
03ce6c
03ce7f
03ce84
03ce94
03ceac
03ceb2
03cec7
03ceda
03ceed
03cef5
03cf0b
03cf1f
03cf2a
03cf3d
03cf44
03cf58
03cf65
03cf7c
03cf87
03cf9c
03cfa1
03cfb1
03cfc1
03cfd5
03cfe3
03cffa
03d000
03d014
03d021
03d030
03d047
03d052
03d066
03d07c
03d088
03d097
03d0a9
03d0ba
03d0cc
03d0d4
03d0ec
03d0fa
03d109
03d113
03d12e
03d13b
03d147
03d15c
03d168
03d179
03d181
03d19a
03d1a6
03d1b7
03d1c8
03d1d9
03d1ec
03d1f5
03d202
03d211
03d222
03d232
03d245
03d251
03d26d
03d276
03d28e
03d290
03d2ac
03d2b0
03d2ca
03d2de
03d2e0
03d2fd
03d304
03d314
03d326
03d336
03d349
03d35e
03d369
03d376
03d38c
03d39b
03d3a1
03d3b0
03d3c5
03d3de
03d3e8
03d3f6
03d405
03d417
03d42e
03d43b
03d449
03d452
03d461
03d47e
03d485
03d491
03d4a6
03d4b5
03d4c4
03d4db
03d4e8
03d4f1
03d506
03d51b
03d525
03d536
03d541
03d557
03d566
03d57c
03d58a
03d596
03d5a4
03d5ba
03d5ce
03d5da
03d5ed
03d5f4
03d609
03d618
03d62f
03d63c
03d64f
03d651
03d66f
03d676
03d683
03d690
03d6af
03d6b2
03d6c5
03d6d8
03d6e8
03d6f5
03d70b
03d71a
03d72f
03d73e
03d748
03d756
03d768
03d774
03d784
03d794
03d7a7
03d7b4
03d7ce
03d7db
03d7e8
03d7fd
03d805
03d811
03d82b
03d834
03d849
03d850
03d86b
03d872
03d888
03d89c
03d8a1
03d8b0
03d8c7
03d8dc
03d8ef
03d8f1
03d901
03d91f
03d92e
03d939
03d947
03d955
03d966
03d973
03d989
03d99f
03d9a2
03d9ba
03d9c3
03d9d2
03d9e9
03d9f2
03da06
03da15
03da2f
03da33
03da48
03da5d
03da6a
03da7b
03da8c
03da9b
03daab
03dabf
03dac1
03dadd
03dae4
03daf4
03db07
03db1b
03db2a
03db35
03db4a
03db56
03db62
03db7c
03db87
03db93
03dba0
03dbbc
03dbc9
03dbdf
03dbed
03dbf5
03dc07
03dc17
03dc2a
03dc34
03dc4e
03dc51
03dc67
03dc79
03dc86
03dc9d
03dca9
03dcb6
03dcc5
03dcd4
03dce5
03dcf1
03dd0c
03dd1f
03dd23
03dd32
03dd45
03dd5a
03dd66
03dd7c
03dd85
03dd9a
03ddaa
03ddb8
03ddcb
03ddda
03dde4
03ddfc
03de0f
03de1e
03de27
03de36
03de48
03de5f
03de65
03de79
03de88
03de9d
03deaa
03deb6
03decf
03ded1
03dee4
03def1
03df07
03df12
03df21
03df39
03df4b
03df58
03df6e
03df7a
03df85
03df97
03dfa3
03dfb1
03dfce
03dfde
03dfea
03dffc
03e00e
03e01e
03e02d
03e030
03e040
03e052
03e06f
03e074
03e08d
03e09b
03e0a6
03e0b6
03e0cd
03e0db
03e0ea
03e0fb
03e10e
03e118
03e121
03e13b
03e14e
03e156
03e164
03e178
03e18e
03e19a
03e1ae
03e1bd
03e1c4
03e1d9
03e1ef
03e1fb
03e202
03e213
03e22d
03e23c
03e24f
03e25e
03e268
03e272
03e286
03e29d
03e2ae
03e2be
03e2c5
03e2d1
03e2ed
03e2ff
03e303
03e313
03e329
03e334
03e34e
03e354
03e366
03e374
03e383
03e399
03e3ae
03e3bc
03e3c3
03e3df
03e3e7
03e3ff
03e40d
03e41d
03e42d
03e430
03e440
03e450
03e468
03e470
03e480
03e49e
03e4a7
03e4b4
03e4c4
03e4d1
03e4ef
03e4f4
03e508
03e51a
03e52b
03e533
03e549
03e55c
03e560
03e57d
03e585
03e59a
03e5af
03e5ba
03e5cc
03e5d8
03e5e6
03e5fd
03e604
03e614
03e622
03e638
03e640
03e654
03e663
03e674
03e689
03e698
03e6a5
03e6bb
03e6cb
03e6d2
03e6ed
03e6f3
03e705
03e718
03e72a
03e733
03e742
03e754
03e761
03e77c
03e78a
03e791
03e7a5
03e7b7
03e7c8
03e7d7
03e7e7
03e7ff
03e80f
03e814
03e820
03e830
03e84c
03e859
03e86d
03e87a
03e881
03e89a
03e8a2
03e8bb
03e8c6
03e8d7
03e8eb
03e8f2
03e906
03e910
03e92f
03e933
03e94e
03e952
03e96e
03e971
03e984
03e997
03e9af
03e9b2
03e9c5
03e9dd
03e9eb
03e9ff
03ea0a
03ea13
03ea2d
03ea35
03ea4c
03ea54
03ea60
03ea7f
03ea8a
03ea90
03eaab
03eabc
03eac3
03ead6
03eaec
03eaf5
03eb05
03eb1e
03eb26
03eb39
03eb41
03eb53
03eb61
03eb73
03eb89
03eb9e
03ebaa
03ebba
03ebc2
03ebd0
03ebe0
03ebfe
03ec0a
03ec17
03ec2e
03ec3e
03ec41
03ec52
03ec67
03ec7f
03ec86
03ec9f
03ecaa
03ecb8
03eccf
03ecd2
03ece4
03ecfb
03ed02
03ed13
03ed21
03ed32
03ed46
03ed5a
03ed65
03ed74
03ed87
03ed9f
03eda5
03edb1
03edc3
03edd7
03ede3
03edf9
03ee0a
03ee10
03ee2d
03ee31
03ee40
03ee58
03ee69
03ee7c
03ee80
03ee91
03eeab
03eeb3
03eecb
03eed7
03eeea
03eef9
03ef04
03ef16
03ef2b
03ef32
03ef44
03ef56
03ef66
03ef7d
03ef80
03ef90
03efac
03efb6
03efc9
03efd4
03efe3
03eff1
03f005
03f016
03f02a
03f030
03f042
03f05e
03f064
03f07d
03f08a
03f09a
03f0a8
03f0b5
03f0c3
03f0d9
03f0e5
03f0f7
03f109
03f114
03f12d
03f139
03f145
03f15c
03f169
03f174
03f181
03f19b
03f1a2
03f1b1
03f1c0
03f1df
03f1e6
03f1f8
03f20b
03f215
03f229
03f23f
03f24e
03f250
03f264
03f27f
03f28e
03f29e
03f2a5
03f2b2
03f2c7
03f2d8
03f2e5
03f2f5
03f308
03f318
03f320
03f338
03f340
03f35e
03f367
03f37a
03f38d
03f39c
03f3a6
03f3bc
03f3cf
03f3d9
03f3e0
03f3f2
03f403
03f415
03f420
03f431
03f449
03f45b
03f46b
03f474
03f48d
03f493
03f4a1
03f4b2
03f4cd
03f4d0
03f4e2
03f4fc
03f506
03f51a
03f52d
03f53e
03f540
03f555
03f561
03f577
03f582
03f590
03f5a4
03f5b8
03f5c3
03f5dd
03f5ea
03f5fb
03f600
03f615
03f622
03f63b
03f64c
03f65b
03f665
03f676
03f68c
03f694
03f6ac
03f6b3
03f6c4
03f6d0
03f6eb
03f6ff
03f703
03f716
03f72e
03f730
03f746
03f757
03f76e
03f77d
03f782
03f798
03f7a2
03f7bc
03f7c3
03f7d7
03f7ee
03f7f2
03f800
03f81f
03f82d
03f830
03f84b
03f859
03f865
03f87f
03f887
03f89d
03f8ae
03f8b7
03f8c9
03f8df
03f8eb
03f8f0
03f904
03f919
03f921
03f93a
03f94f
03f95a
03f96b
03f97c
03f988
03f991
03f9a8
03f9b7
03f9cb
03f9d5
03f9e8
03f9f9
03fa07
03fa1c
03fa2f
03fa3e
03fa45
03fa51
03fa6c
03fa72
03fa80
03fa98
03faaa
03fab4
03fac0
03fad3
03fae0
03faf7
03fb06
03fb1b
03fb2f
03fb35
03fb4b
03fb5d
03fb6e
03fb73
03fb8e
03fb9b
03fba2
03fbbf
03fbc2
03fbd8
03fbe8
03fbf8
03fc0d
03fc13
03fc2a
03fc31
03fc47
03fc5b
03fc66
03fc7d
03fc8a
03fc9f
03fca8
03fcb5
03fcc5
03fcd6
03fce1
03fcfd
03fd01
03fd18
03fd29
03fd34
03fd41
03fd5c
03fd66
03fd7f
03fd8c
03fd93
03fda5
03fdb1
03fdc6
03fddd
03fde4
03fdfb
03fe06
03fe16
03fe22
03fe3f
03fe44
03fe59
03fe65
03fe7f
03fe8c
03fe97
03fea9
03febf
03fec8
03feda
03fee3
03feff
03ff07
03ff1b
03ff23
03ff34
03ff47
03ff5a
03ff62
03ff75
03ff8b
03ff94
03ffab
03ffb0
03ffcb
03ffd1
03ffe1
03fff1
