fff001
ffc004
ff9007
ff600a
ff400c
ff300d
ff400c
ff500b
ff8008
ffb005
fff001
004ffd
008ff8
00dff3
011fef
013fed
014fec
012fee
00eff2
008ff8
001fff
ff9007
ff200f
fea016
fe301d
fdc024
fd6029
fd302d
fd102f
fd202e
fd602b
fdc023
fe4019
fee00b
ff9ffa
006fe7
014fd4
024fc2
034fb2
045fa5
055f9b
062f95
06cf94
071f97
071fa0
06bfae
05efc2
049fdd
02cfff
005026
fd7053
fa0083
f640b5
f220e9
edd11d
e96151
e4f185
e081b9
dc31ec
d8021d
d4224f
d09280
cd72b2
cac2e5
c8a319
c7034f
c5d386
c513bc
c4c3f2
c4b424
c4e452
c5347b
c5b49c
c634b4
c6d4c1
c764c1
c814b0
c8b48f
c9445c
c9d417
ca43c1
caa35a
caf2e4
cb525e
cbb1cb
cc412d
ccf088
cdbfdf
ce8f38
cf5e96
d02dfe
d0cd75
d14cfd
d18c9b
d16c53
d0fc26
d00c17
ce8c26
cc9c55
ca3ca0
c77d04
c49d7f
c1ae0d
becea9
bc2f4e
b9effa
b820a6
b7214e
b701ee
b7f282
ba2307
bda37b
c273dc
c8a42a
d00464
d8848a
e1e49c
ebe49c
f6648c
01146e
0ba446
15c418
1f43e5
27d3b2
2f3381
353352
39a329
3c5306
3d22ea
3c12d7
3932cd
34b2cc
2eb2d4
2782e2
1f72f5
16a30c
0d5325
03c33f
fa2358
f09370
e76384
dea394
d6839e
cf03a2
c853a0
c2739a
bd538e
b8f37f
b5636d
b28358
b07341
af032a
ae5314
ae4301
af02f2
b082e8
b2e2e4
b622e7
ba52ef
bf72ff
c57314
cc5330
d41350
dc9374
e5d399
efd3bf
fa53e3
052402
10141c
1ab42f
24b438
2dd438
35b42c
3c0414
4093ee
4303bb
43237b
40f32e
3c62d6
359274
2cd209
226198
16c121
0a40a7
fd402c
f05fb0
e3cf37
d82ec0
cdce4e
c53de0
becd78
bacd17
b94cbb
ba6c68
be0c1c
c41bd8
cc5b9d
d67b6c
e22b43
eeeb24
fc4b0f
09cb06
16db0a
230b1b
2deb3c
372b6c
3e6bab
436bfb
45ec5b
45dcca
434d47
3e5dd1
374e65
2e7f02
244fa3
191045
0d50e5
014180
f54210
e9b293
ded303
d5035e
cc73a1
c553ca
bfa3d9
bb73cd
b8a3a7
b71366
b6b30b
b75298
b8e20f
bb1174
bdb0cc
c0801b
c35f67
c5feb7
c85e0d
ca6d6f
cc3ce0
cdbc63
cefbfa
cffba9
d0ab71
d11b52
d14b4b
d13b5a
d10b7a
d0bbaa
d06be4
cffc26
cf9c6a
cf3caf
ceccef
ce4d26
cdad51
ccdd6c
cbdd74
ca8d6a
c8fd4f
c73d25
c55cef
c38cb0
c1dc6c
c06c27
bf5be4
be8ba8
be1b78
be2b58
bebb4b
bffb54
c1fb73
c4dbaa
c89bf7
cd3c5a
d2acd1
d8cd5b
df7df6
e69e9e
edff4f
f59005
fd40ba
04f169
0c920c
13f29e
1b231b
220380
2883c9
2e93f5
341401
3913ee
3d73bc
41636d
44c304
47c285
4a51f3
4c7153
4e00a9
4f0ffc
4f5f4e
4ecea5
4d5e06
4aed74
476cf1
42bc81
3cdc25
35bbdd
2d6ba9
240b89
19db7b
0f0b7e
03fb8d
f8dba8
edfbca
e38bf2
d9dc1c
d14c46
c9fc6f
c45c95
c09cb7
beecd4
bf5cec
c1dcfd
c65d0a
cccd11
d4cd14
de3d13
e8dd10
f43d0b
000d06
0bdcff
173cf9
21ccf3
2b4cec
335ce4
39bcda
3e2cce
408cc0
40bcaf
3eac9b
3a9c85
34ac6d
2d4c53
24ac38
1b2c1e
111c06
06abf2
fc0be2
f17bda
e73bdb
dd9be6
d4bbff
cccc27
c5ec5e
c02ca7
bb5d00
b76d69
b45dde
b21e5e
b07ee5
af9f72
af5000
afb08e
b0a11b
b221a2
b45222
b75298
bb2300
bff359
c5b3a2
cc73d9
d41401
dc9419
e5d425
efc426
fa441e
05240f
1013fa
1ab3e1
24c3c7
2de3ad
35b393
3bf37c
407365
430350
43633c
41732a
3d4318
36d309
2e42fd
23f2f4
1842ee
0b92eb
fe52ea
f0f2eb
e3f2ef
d7b2f4
ccc2fd
c39308
bca318
b8432a
b6c340
b82358
bc5373
c3238f
cc43ab
d753c7
e403e1
f1b3f8
00040b
0e5419
1c1420
28b41f
33c415
3ce400
43a3e0
47e3b3
496377
48232e
4432d7
3da275
34c209
29f197
1db120
1070a6
02c02c
f50fb1
e7df38
db9ec1
d0be4e
c7ade0
c0bd77
bc1d16
b9fcbb
ba4c68
bcfc1d
c1ebd9
c8cb9d
d17b6b
db9b42
e6cb23
f2bb0f
feeb07
0afb0b
168b1c
213b3c
2adb6b
335baa
3aabfb
409c5b
453ccb
486d48
4a4dd2
4ade65
4a3f01
489fa2
464044
4360e5
403181
3ce211
39a293
369303
33d35d
3193a0
2fd3c9
2ea3d9
2e03ce
2dd3a8
2e1366
2eb30b
2fa297
30c20e
321173
3360cc
34b01c
35df69
36beb8
374e0d
378d6e
37acdf
379c63
378bfe
377bb2
374b80
371b66
36bb63
365b73
35eb93
356bbf
350bf5
34cc2f
348c6c
345ca7
343cde
343d0c
344d2f
346d43
34ad49
34fd3e
354d26
358d02
35bcd5
35dca3
35ec70
35fc3d
361c10
362be9
361bcd
35fbbc
35bbbb
356bc9
351be9
34dc1a
34dc5b
34fcab
353d09
357d73
35bde6
35ee61
35fee0
360f62
361fe5
361066
3600e2
35e159
35b1ca
356233
352296
34e2f2
34d348
34e399
3523e3
356427
35b463
35e496
3604bf
3614dd
3614f1
3604f9
35f4f5
35e4e3
35b4c4
357495
353456
34f405
34a3a2
34732e
3452ab
34421b
343183
3440e5
347045
34bfa5
350f0a
357e77
35fdef
366d75
36bd0e
370cbb
373c80
376c5e
378c55
37ac66
37bc8f
379ccf
374d25
36ad8e
35ce07
34be8c
336f1b
321faf
30d047
2fa0de
2eb173
2e1202
2dc28a
2df308
2ea37b
2fe3e1
31a43a
33e485
3694c2
3994f1
3cd512
402526
43652d
464526
48a512
4a34f1
4ad4c2
4a3485
48543a
4523e1
40937b
3ab308
33728a
2ae202
213173
1670de
0ae046
fedfaf
f2bf1b
e6de8c
dbae07
d18d8e
c8cd25
c1dccf
bcec8f
ba3c65
b9fc55
bc2c5e
c0cc81
c7bcbc
d0bd0e
db8d75
e7cdee
f4fe76
02cf0a
108fa6
1dc045
2a00e6
34c183
3d821b
4412aa
48232e
49a3a5
48640c
449463
3e14a8
3544db
2a54fc
1da50d
0fb50e
010501
f254e7
e414c0
d6e48e
cb3452
c1940d
ba43c2
b5a371
b3e31d
b522c6
b9526c
c04210
c9c1b1
d5514e
e2a0e7
f1007d
000010
0f0fa2
1d6f33
2abec4
364e56
3fcdea
46bd81
4aed1b
4c2cbb
4a6c63
45cc13
3e8bce
34db94
292b67
1bfb46
0dbb31
ff0b2a
f06b30
e27b44
d5cb65
cacb94
c1ebcf
bb7c14
b79c62
b66cb8
b7ed13
bc0d73
c28dd7
cb4e3f
d5feaa
e23f1a
ef7f8c
fd4000
0b1074
1860e6
249156
2f51c1
384229
3f328d
43e2ed
465348
46639d
4413ec
3f7431
38b46c
30149b
25e4bc
1a84d0
0e54d6
01d4cf
f554ba
e93499
ddd46c
d37432
ca73ed
c2e39d
bcf345
b8a2e5
b6027f
b4e216
b521aa
b6b13c
b930cd
bc905e
c06ff0
c47f83
c87f18
cc2eb2
cf5e4f
d1edf0
d3bd94
d4bd3a
d50ce3
d48c8f
d34c3e
d15bf3
cedbae
cbdb72
c89b40
c53b19
c20aff
bf3af2
bceaf3
bb5b04
baab25
bb0b58
bc7b9d
bf2bf4
c2fc5b
c7fcd2
ce0d56
d50de5
dcee7d
e55f1a
ee5fbb
f7a05a
0100f6
0a618a
135212
1bd28b
23a2f2
2a9344
30c37f
3613a2
3a93ab
3e239b
40f371
42d331
43d2db
440272
4381f9
425174
40b0e5
3ec051
3cafba
3a6f22
383e8d
361dfe
343d76
329cf9
314c89
306c27
2fdbd3
2fab8e
2fcb56
302b2a
30bb08
317af1
325ae5
334ae3
342aee
350b07
35cb2e
366b63
36dba6
372bf8
375c57
375cc5
374d3f
371dc8
36be5d
365efd
35efa6
357053
350101
34b1aa
34724a
3452dc
34335b
3433c1
345409
347430
34a432
34f40e
3533c5
357358
35b2cd
35e227
35f16c
3600a4
361fd4
361f05
360e3c
35ed81
35bcdc
357c53
353bed
34ebad
34ab98
347bad
345bed
344c53
343cdc
344d82
347e3c
34bf05
350fd4
3570a4
35e16c
365226
36b2cd
370359
3743c5
37540f
375432
372430
36e409
3663c1
35c35b
3502dd
34224b
3331aa
325101
317053
30bfa5
302efd
2fce5d
2fadc8
2fdd40
305cc5
314c57
329bf8
343ba6
362b63
383b2e
3a6b07
3caaef
3ecae4
40bae5
426af1
438b08
440b29
43db56
42cb8e
40ebd4
3e2c26
3a9c85
362cf1
30dd68
2aadea
23ae76
1bcf09
135fa1
0a503b
0100d5
f7a16a
ee61f8
e56279
dce2eb
d5034a
cdf392
c803c0
c333d2
bfa3c5
bd539b
bc3354
bc22f3
bcf27c
be71f3
c0915c
c310ba
c5d012
c8af68
cb5ec0
cdce1e
cfcd86
d13cfe
d1fc89
d21c28
d17bde
d04ba9
ce8b89
cc5b7b
c9db7e
c72b8e
c47ba8
c20bca
bfebf1
be5c1b
bd6c46
bd2c6f
bddc95
bf7cb7
c22cd4
c5ecec
caccfd
d08d0a
d72d11
de6d14
e62d13
ee1d10
f63d0b
fe5d06
065cff
0e1cf9
159cf2
1cacec
234ce4
296cda
2f2ccd
348cbd
398ca7
3e2c8e
426c72
463c55
496c38
4bfc1e
4dec07
4f1bf5
4f9be8
4f5be1
4e3be2
4c4beb
495bff
456c1f
406c4d
3a5c89
335cd3
2b7d2a
22ed8c
19bdf7
0ffe69
05fee0
fbcf59
f1bfd4
e7f04f
dee0c9
d6d13f
cfd1b2
ca3220
c61288
c372ea
c27345
c32398
c583e3
c99427
cf5463
d69495
df24be
e8d4dd
f344f1
fe44f9
0974f5
1484e4
1f34c4
292495
322455
39d404
4023a2
44e32e
4802ab
49a21c
49d183
48d0e5
46d044
441fa5
40bf0a
3d1e77
394def
359d75
322d0e
2f5cbb
2d2c80
2bcc5e
2b4c55
2bac66
2cdc8f
2ebcd0
313d25
343d8e
377e06
3ace8c
3e0f1b
40efaf
433047
44c0de
456173
44f202
437289
40e307
3d4377
3893da
32e42d
2c3473
24a4aa
1c44d6
1334f7
09b50e
00051b
f6551d
ecd512
e3d4f9
db64d2
d3c49d
cd1459
c77408
c2f3a9
bfa33c
bd62c1
bc4238
bc21a3
bce103
be605a
c08fad
c31eff
c5de56
c8bdb6
cb6d24
cdcca5
cfbc3f
d12bf7
d20bd0
d24bce
d1fbf2
d12c3b
cfbca8
cdcd33
cb6dd9
c8be94
c5ef5c
c3102c
c070fb
be61c4
bce27e
bc2324
bc43ad
bd7413
bfa453
c2f468
c77453
cd1413
d3c3ac
db6324
e3d27f
ecd1c4
f650fb
00002c
09bf5c
133e93
1c3dd9
24ad33
2c4ca8
32fc3b
38abf1
3d4bca
40ebc8
437bea
44fc2d
456c8f
44cd0b
434d9d
40fe40
3e0eef
3acfa3
376059
34210a
3131b3
2ec252
2cd2e2
2b9362
2b03d1
2b442d
2c4477
2e24ae
30b4d5
33f4eb
37a4f4
3ba4f0
3fa4e0
4374c7
46c4a6
49547d
4ae44c
4b3415
4a13d6
476390
431341
3d12ea
358289
2c8221
2231b2
16e13e
0ac0c7
fe404e
f1bfd4
e57f5a
da1ee1
cfee6a
c75df7
c09d8b
bc0d28
b9bcd2
b9bc89
bc1c4e
c0dc20
c7cc00
d0bbeb
db8be1
e7bbe0
f4fbe7
02cbf5
108c08
1dcc1f
2a0c39
34cc55
3d9c71
441c8d
481ca7
496cc0
47fcd6
43bce9
3cfcf8
33cd03
28bd0b
1c0d11
0e4d14
000d16
f1cd16
e40d13
d75d0d
cc4d03
c32cf7
bc5ce7
b81cd6
b6acc4
b7fcb0
bbfc9b
c27c85
cb4c6d
d60c53
e24c39
ef8c1e
fd4c06
0b1bf2
185be2
248bda
2f5bdb
384be6
3f3bff
43fc27
465c5e
465ca7
440d00
3f6d69
38bdde
302e5e
25fee5
1a9f71
0e5000
01c08f
f5311b
e921a2
ddd222
d38297
ca8300
c2e359
bcb3a2
b823da
b51401
b3a41a
b3b425
b51426
b7a41d
bb240e
bf53fa
c3c3e2
c853c8
cc93ae
d06393
d3737b
d5c364
d73351
d7a340
d72332
d5c326
d3731d
d06314
cc930d
c85306
c3d300
bf52fa
bb22f5
b7a2f0
b512ed
b3b2ec
b3a2ef
b522f6
b82302
bcb314
c2d32c
ca7349
d3836b
ddd391
e923ba
f543e4
01d40e
0e5436
1a8458
25e473
301483
38b485
3f7477
441456
465423
4613db
43737f
3e630f
37228d
2de1fa
23015a
16d0b2
09c004
fc4f57
eeeead
e22e0e
d67d7c
cc5cfc
c41c93
be1c44
ba6c12
b92bff
ba6c0b
be1c37
c41c80
cc5ce5
d67d62
e22df4
eeee97
fc4f46
09cffb
16d0b1
230163
2de20a
3722a5
3e632f
4363a6
45e409
45d456
43448d
3e44ac
3744b5
2e74a8
244488
192458
0d541c
0143d9
f54394
e9b350
ded311
d502db
cc82b1
c55295
bfa288
bb728d
b8a2a3
b712c8
b6b2fa
b75338
b8e37d
bb13c5
bdb40b
c0844d
c35485
c5f4ae
c854c5
ca74c7
cc34af
cdb47e
cef431
cff3ca
d0a34a
d112b4
d1420c
d13154
d10093
d0bfce
d06f0a
d00e4e
cfada0
cf3d06
cecc85
ce3c23
cd9be1
ccebc2
cc0bc7
cb0bee
c9cc37
c85c9f
c6dd24
c52dc2
c37e75
c1ef37
c06000
bf20c9
be318b
bdb23e
bdb2dc
be6361
bfe3c9
c26412
c5e439
ca843e
d0141f
d693de
dde37b
e5d2fa
ee4260
f711b2
0000f6
08f033
11cf6e
1a3eac
222df4
296d4b
2ffcb5
359c36
3a5bd2
3e2b8a
40fb5e
42db4d
43db52
440b6b
437b95
425bca
40bc06
3ecc46
3cac86
3a6cc1
383cf5
362d1e
343d3b
328d4c
311d50
2fed47
2f0d33
2e7d15
2e4ced
2e8cbe
2f1c8a
301c54
314c20
32bbf2
342bcd
358bb5
36dbaa
37fbb1
38ebc8
399bf2
3a0c2f
3a2c7f
39ecdf
394d50
384dce
370e56
358ee6
33ff7a
325010
30c0a5
2f5135
2e21bc
2d423a
2cc2aa
2cd30d
2d7362
2ea3a9
3063e2
32940d
35342c
38143d
3b2441
3e5439
417426
44640b
46f3eb
48d3c8
49d3a5
49c383
489363
463344
42a329
3de311
37f2fd
30e2ee
28c2e6
1fa2e4
15b2e9
0b22f3
004302
f57314
eae329
e0e340
d7c357
cfc36d
c93380
c44390
c13399
c0339d
c13399
c4438f
c93380
cfc36d
d7c357
e0d340
ead32a
f57314
005302
0b22f3
15b2e9
1fa2e4
28c2e6
30e2ef
37f2fd
3de311
42a329
463344
489362
49c383
49d3a5
48c3c9
46e3eb
44640b
417426
3e5439
3b2441
38143d
35242c
32940e
3063e2
2ea3a9
2d7362
2cd30d
2cd2aa
2d423a
2e21bc
2f5135
30c0a5
325010
33ff7a
359ee6
370e56
384dce
394d50
39ece0
3a2c7f
3a0c2f
39abf2
38ebc8
37fbb0
36dbaa
358bb5
341bce
32abf2
314c20
301c54
2f2c89
2e8cbd
2e4ced
2e6d15
2efd33
2fdd47
311d50
329d4c
344d3b
362d1e
383cf5
3a6cc2
3c9c86
3ecc47
40bc06
426bc9
439b94
441b6b
43db52
42cb4d
40eb5f
3e2b8b
3a9bd2
362c36
30dcb5
2aad4b
23adf4
1bcead
135f6e
0a5033
0100f6
f7b1b1
ee625f
e562fa
dce37b
d503de
cdf420
c8043e
c33439
bfa412
bd53c9
bc3361
bc22dc
bcf23e
be718b
c080ca
c31000
c5df36
c8ae75
cb6dc2
cdcd24
cfcc9f
d13c37
d20bee
d24bc7
d1fbc2
d11be0
cfbc22
cdcc85
cb7d06
c8cda1
c5ee4f
c31f0a
c07fcd
be5092
bcd153
bc220c
bc52b5
bd734b
bfa3ca
c2f42e
c77475
cd04a1
d3b4b3
db64ae
e3d495
ece46c
f66437
0003fa
09a3b9
13237a
1c333e
24a30b
2c52e2
3302c5
3892b4
3d12b0
4062b9
4292cd
43b2eb
43e313
433342
41b376
3f93ac
3cf3e0
3a240e
374433
34944c
324456
30544f
2ef437
2e140e
2dc3d4
2e0389
2ee32e
3042c3
32424a
34a1c4
375134
3a309c
3cf000
3f8f64
41aecc
432e3c
43edb6
43cd3d
42acd2
406c77
3d1c2c
389bf1
32fbc8
2c4bb1
24abaa
1c3bb4
133bcd
09bbf2
000c20
f65c54
ecdc89
e3ccbd
db6ced
d3dd15
cd2d34
c77d46
c2cd4c
bf2d44
bc9d2e
bb1d0b
baacde
bb4ca8
bccc6c
bf2c30
c20bf5
c54bbf
c8ab92
cbeb72
cedb63
d14b66
d33b80
d47bb2
d50bfe
d4cc62
d3ccde
d1ed6d
cf5e0d
cc1eb8
c86f69
c4601c
c060cc
bca173
b9520d
b6b296
b5230b
b4d367
b5e3a8
b8a3cd
bd23d5
c363c1
cb5392
d4b34a
df42eb
eac27a
f6e1f8
03316b
0f60d5
1b203b
260fa0
2faf08
37be76
3dedeb
41fd69
43ecf1
439c85
412c26
3c9bd4
361b8e
2dcb56
23eb29
18bb08
0c9af1
000ae5
f37ae4
e75aef
dc2b07
d24b2e
c9fb63
c37ba6
beebf8
bc7c57
bc2cc5
be1d40
c22dc8
c85e5d
d06efd
da0fa5
e4e053
f0a101
fce1aa
09324b
1542dd
20c35b
2b53c1
34b409
3cb430
431432
47d40f
4af3c5
4c6359
4c52cd
4af226
48616c
44e0a4
40bfd4
3c4f05
37be3c
337d82
2facdc
2c9c53
2a4bec
28ebad
286b98
28dbad
2a4bed
2c9c54
2facdc
337d81
37ce3c
3c4f04
40bfd4
44d0a4
48516d
4af227
4c52cd
4c6358
4af3c5
47e40f
431436
3ca438
34a416
2b43d3
20c371
1542f5
093263
fce1c0
f0a111
e4e05c
da0fa7
d06ef6
c85e4d
c23daf
be1d1e
bc2c9d
bc7c2c
beebcb
c36b7d
c9fb40
d24b15
dc3afc
e76af4
f37afb
000b0f
0c9b2f
18ab59
23db8b
2dcbc4
362c04
3cac4a
412c96
436ce6
436d3a
411d93
3cadef
363e4f
2e0eb2
247f19
19cf83
0e5ff0
02905e
f6c0cd
eb313c
e051aa
d65216
cd7280
c5d2e5
bfa345
baf39d
b7b3ec
b5d432
b5346c
b5d49a
b764bb
b9c4cf
bca4d6
bfe4cf
c334bb
c6749a
c9746c
cc1432
ce63ec
d0339d
d1a345
d292e5
d31280
d32216
d2c1aa
d2013c
d0d0cd
cf505e
cdbff0
cc0f83
ca6f19
c8feb2
c7ce4f
c6ddf0
c63d93
c5ed3a
c5cce3
c5ec8f
c64c3f
c6ebf3
c7cbae
c8fb71
ca6b3f
cc0b19
cdbaff
cf6af2
d0daf3
d20b04
d2cb25
d32b58
d31b9d
d29bf3
d1ac5b
d03cd2
ce6d56
cc2de5
c97e7d
c67f1a
c33fba
bfe05a
bca0f6
b9c18a
b76212
b5d28c
b532f2
b5c344
b7a37f
baf3a2
bfa3ab
c5d39b
cd7372
d65331
e052db
eb3271
f6b1f9
029173
0e50e5
19c051
247fba
2e0f23
363e8d
3cadfd
411d76
434cf9
432c89
40ac27
3bdbd4
34fb8e
2c4b56
222b29
16fb08
0b2af1
ff0ae5
f2fae4
e76aef
dccb08
d35b2e
cb6b62
c55ba6
c14bf8
bf5c5b
bf6ccd
c19d4d
c59dda
cb6e73
d2af15
db3fbe
e4b068
eef111
f991b4
04324c
0eb2d5
18d34a
2253a7
2b23e8
33340a
3a540b
4083eb
45b3aa
49f349
4d22cb
4f8235
51018b
51b0d2
51b010
510f4e
4fae8f
4d8ddd
4aad3c
471cb2
42bc44
3d9bf6
37bbca
310bc3
299be1
216c22
18ac85
0f7d06
05eda0
fc4e4e
f2bf0a
e96fce
e09093
d88154
d1520c
cb52b4
c6d34b
c3f3ca
c2e431
c3b47e
c664af
cac4c6
d0d4c5
d834ae
e0c485
ea444d
f4640b
fef3c4
09937c
141337
1e22fa
2792c8
3012a3
37628d
3d8286
42328e
4582a5
4782c9
4852fa
481337
47137b
4573c3
43640b
41044e
3e6487
3bb4b0
3914c5
36a4c5
3474ae
32c47e
318435
30b3d3
305359
3032c8
304223
30616d
3080ac
30afe3
30bf1b
30be58
309da2
307cff
304c75
302c09
304bbf
30bb9b
318b9f
32cbc9
348c1a
36ac8e
391d22
3bbdd0
3e5e93
40ff65
43603c
458112
4721de
482299
48533b
4773bf
457420
42345b
3db46c
37f454
30e413
28c3ac
1fa324
15b27f
0b21c4
0050fb
f5702c
eadf5c
e0de94
d7bdd9
cfcd33
c93ca8
c45c3b
c13bf2
bffbce
c0bbd0
c36bf7
c80c3f
ce5ca5
d62d24
df5db6
e97e56
f46eff
ffbfad
0b105a
162103
20a1a3
2a5238
32f2c0
3a633b
4093a9
456408
48d45a
4ac49d
4b54d2
4a84f9
488511
45851c
41c51b
3d950f
3934f8
34f4d7
3114aa
2db472
2b142d
2953d9
288377
28d307
2a228a
2c7203
2fa173
3380dd
37d046
3c5faf
40bf1b
44de8d
484e08
4aed8f
4c5d25
4c7ccf
4b0c8e
47ec66
431c59
3cac66
34ac8e
2b4ccf
20cd25
155d8f
094e07
fcee8c
f0af1b
e4efaf
d9f046
d050de
c85173
c23202
be128a
bc3308
bc737b
bee3e1
c3643a
c9f485
d244c2
dc34f1
e76512
f37526
00052d
0c9526
18a512
23d4f1
2dc4c2
361485
3ca43a
4123e1
43937b
43e308
41f28a
3dd202
37b173
2fa0de
261046
1b2faf
0f6f1b
032e8c
f6ce07
eabd8e
df4d25
d4cccf
cb6c8e
c36c66
bcfc59
b82c66
b50c8e
b39cce
b3bd25
b52d8f
b7ce08
bb3e8d
bf5f1b
c3bfae
c83046
cc80dd
d06173
d38203
d5e28a
d73307
d78377
d6b3d9
d4f42d
d25472
cef4aa
cb04d7
c6c4f8
c2750f
be451b
ba951c
b79511
b584f9
b4b4d2
b5349d
b7345a
bab408
bfa3a9
c6133b
cde2c0
d6e238
e0d1a3
eb8103
f6905b
01cfad
0cceff
173e56
20ddb5
297d23
30bca5
367c3f
3a8bf7
3cdbd0
3d5bce
3c1bf1
392c3a
349ca7
2ebd33
27adda
1f9e94
16bf5c
0d502c
03b0fb
fa01c3
f0827e
e76324
deb3ad
d6a414
cf1453
c83468
c1f453
bc7413
b7c3ac
b3e324
b0f27f
aed1c4
ada0fc
ad302c
adaf5c
aede93
b0fdd9
b3ed33
b7cca8
bc7c3c
c1fbf2
c83bce
cf1bcf
d6abf6
debc3f
e76ca5
f08d24
fa0db7
03be57
0d5eff
16bfac
1f8059
27a102
2eb1a3
34a239
3922c1
3c033b
3d23a5
3c6400
39c44c
35448a
2f34bb
27c4e0
1f34f9
15b507
0ba50b
012505
f684f6
ec04de
e1e4bb
d8648b
cfe44e
c89400
c283a2
bde332
ba92b3
b89226
b7b18d
b7e0ea
b8d042
ba8f98
bcaeef
bf2e4c
c1cdb3
c46d2a
c6fcb6
c95c59
cb7c18
cd4bf6
cecbf5
cfdc14
d0ac56
d11cb7
d14d35
d13dcb
d10e76
d0bf2f
d06ff0
cff0b2
cf9170
cf3223
cec2c4
ce434f
cda3bd
ccd40a
cbd432
ca8435
c8f411
c723ca
c55363
c382e0
c1d247
c0719c
bf50e5
be8029
be1f6b
be2eb3
bebe05
bffd65
c1fcd7
c4dc5d
c89bfa
cd3baf
d2ab7a
d8cb5c
df7b53
e69b5d
ee0b76
f59b9c
fd4bca
04fbfe
0c9c33
13fc67
1b2c97
220cc2
288ce6
2e9d03
341d1a
391d29
3d7d31
416d32
44cd2c
47cd20
4a5d0d
4c7cf6
4e0cdb
4f0cc0
4f5ca5
4ecc8e
4d5c7c
4adc6e
476c64
42cc5e
3d1c5c
363c5d
2e3c63
252c6d
1b3c7c
109c8f
057ca7
fa3cc1
eefcdb
e41cf5
d9fd0c
d0cd1f
c8fd2c
c2cd33
be8d32
bc7d29
bcad16
bf2cfb
c3dcd8
ca9cae
d33c7f
dd8c4e
e92c1b
f5bbe8
02cbba
0fdb92
1c6b74
280b64
324b64
3abb76
411b9c
453bd6
46cc22
45cc82
422cf3
3c0d75
33be06
298ea5
1dcf4d
111ffb
03c0a9
f66153
e951f3
dd2285
d22304
c8d36c
c183bb
bc93ed
ba2401
ba43f5
bce3ca
c1d381
c8c31b
d1829e
dba20b
e6d168
f2b0ba
fee005
0aef50
167e9e
213df6
2aed5a
336cd0
3aac5a
409bfa
452bb2
486b81
4a3b67
4adb63
4a3b72
48ab92
464bbf
436bf5
402c30
3cdc6c
39aca7
369cde
33ed0b
31ad2e
2fed43
2ead49
2dfd3f
2dcd26
2e1d02
2ebcd5
2faca3
30dc70
321c3d
336c10
34bbe9
35cbcc
36abbc
374bbb
379bca
37bbe9
37ac19
378c57
376ca4
373cfc
370d60
36bdcf
366e47
35fec7
357f4c
350fd4
34b05d
3470e1
344161
3431da
34424c
3452b6
347319
34a374
34e3c6
35340e
35744b
35b47c
35e4a2
3604ba
3614c6
3614c5
3604b9
35f4a2
35e480
35b454
35741f
3533df
34f395
34a341
3472e5
345281
343217
3431aa
34513b
3470cc
34b05d
350ff0
357f83
35ef1a
365eb3
36be4f
371def
374d93
376d3a
375ce3
372c90
36dc3f
366bf3
35cbae
350b71
343b3f
334b19
325aff
317af2
30baf3
301b04
2fcb25
2fab58
2fdb9d
306bf2
314c57
329cca
342d49
361dd3
383e65
3a7f00
3cbfa0
3ed044
40b0e5
425181
437212
43f294
43d303
42d35c
40f39f
3e23c9
3a53d9
3593ce
2fe3a8
296367
22230b
1a3297
11d20e
090173
0000cc
f7001c
ee3f69
e5deb8
ddee0d
d6ad6e
d02cde
ca7c61
c5bbfa
c1ebab
bf1b73
bd3b53
bc3b4b
bc1b58
bc9b78
bdbba8
bf5be4
c13c27
c35c6d
c59cb1
c7dcef
c9fd25
cbdd4f
cd7d6b
cecd78
cfad73
d03d5e
d06d39
d04d06
cffcc8
cf5c83
ce9c3b
cdbbf5
cccbb3
cbeb7c
cb0b52
ca4b3b
c9ab39
c93b50
c8eb82
c8bbcf
c8bc36
c8ccb6
c90d4c
c95df4
c9beab
ca2f6c
ca9032
cb00f6
cb51b3
cb9261
cbc2fb
cbd37b
cbc3dd
cbb41e
cba43d
cb9439
cb9413
cba3ca
cbc362
cbd2dc
cbc23d
cba18a
cb60c9
cb0000
ca8f37
ca1e76
c9adc3
c95d24
c90c9e
c8dc36
c8abed
c88bc7
c85bc3
c85be2
c87c23
c8cc85
c96d05
ca4d9f
cb6e4e
ccaf0a
cdefce
cf2094
d05155
d1520c
d202b4
d2534a
d213ca
d14431
cfc47e
cda4b0
cb04c7
c7f4c5
c4c4ae
c18485
be744d
bba40b
b933c4
b7637c
b65338
b642fa
b752c8
b9a2a3
bd528d
c25286
c8928e
d012a5
d882ca
e1e2fa
ebe336
f6537a
0103c3
0ba40b
15d44f
1f5487
27e4b0
2f34c5
3534c5
3994ad
3c547d
3d5435
3c93d3
3a1359
35e2c8
303223
29216d
2100ab
17ffe3
0e5f1b
045e58
fa3da2
f02cff
e65c75
dd1c09
d47bbf
ccab9a
c5bb9b
bfcbc2
bacc0e
b6cc7c
b3cd0b
b1bdb7
b09e7a
b06f4e
b0f02c
b24109
b431de
b6c2a1
b9d34c
bd83d7
c1b440
c67481
cbb49a
d17488
d7944a
de13e2
e4e354
ec02a3
f361d8
fb00f9
02c010
0a7f26
122e43
198d6f
209cb3
273c17
2d5ba2
32eb5a
37bb42
3bcb5b
3efba3
414c18
42ccb3
438d6e
438e42
42ef25
41c010
4030fa
3e31d9
3c02a4
399354
3733e2
34f449
330487
31849a
307482
2fd441
2fa3d8
2fc34c
3022a1
30b1dd
317109
32502c
334f4f
342e7b
350db8
35cd0b
366c7c
36dc0d
372bc1
375b9b
375b9b
374bc0
370c09
36bc75
365cfe
35eda1
357e57
350f1b
34bfe4
3470ac
34416e
343223
3442c8
345358
3463d1
347431
347477
3464a2
3454b3
3434ae
343494
34546b
34a436
3503fa
3583ba
36037b
36633f
36b30b
36f2e1
3722c4
3752b5
3782b4
37b2c1
37c2db
37a2ff
37432b
36a35c
35b38f
34a3c2
3363f0
322418
30e435
2fb445
2eb445
2e0436
2db416
2df3e7
2ec3a9
30535d
327305
3512a0
381231
3b41b9
3e7138
4190b3
44602c
46dfa4
48af1f
49bea0
49ce26
48bdb3
466d49
42bce6
3dbc8c
377c3b
300bf3
278bb6
1e2b84
142b5e
09ab45
fefb3a
f46b3b
ea3b47
e0bb5f
d82b80
d0dbac
cadbe1
c66c20
c3bc6b
c2bcbf
c37d1c
c5fd80
ca2dea
cfde56
d6eec4
df0f33
e80fa2
f1b010
fbb07d
05d0e7
0ff14e
19b1b1
22f210
2b926c
3362c6
3a531d
405371
4553c2
49540d
4c4452
4e448e
4f64c0
4fa4e7
4f1501
4dd50f
4be50d
4954fc
4634db
4274a7
3e4463
39840d
3453a9
2ea336
2882b8
22022e
1b219b
140100
0c905f
050fbc
fd4f1b
f59e7f
edfdee
e68d6d
df7cfd
d8cca3
d2ac61
cd2c37
c85c27
c45c32
c12c58
becc9a
bd4cf5
bc7d69
bc7df2
bd1e8d
be4f34
bfefe4
c1e097
c42149
c671f3
c8c292
caf321
cd039d
cec402
d0244e
d12481
d1a49a
d1c49d
d1748d
d0d46d
cfe440
cec40b
cd73d1
cc0395
ca9359
c93322
c802f4
c702d1
c662bd
c632b7
c672c2
c712da
c802fe
c9332b
ca935c
cc0390
cd63c2
cec3f0
cfe417
d0d434
d18444
d1c445
d1a436
d11417
d033e6
cef3a5
cd7355
cbc2f7
c9e28d
c7d21a
c5b19f
c3711f
c1409d
bf501b
bdaf9b
bc8f1e
bbfea7
bc3e36
bd4dcc
bf2d6a
c1ed0e
c57cb8
c9ec68
cf3c1e
d56bda
dc6b9d
e43b6a
ecbb41
f5bb22
ff0b0f
086b08
11bb0c
1abb1d
232b3c
2b0b6a
320ba9
381bfb
3d1c5e
40ecd3
439d56
450de5
456e7d
44bf1a
432fba
40d05a
3e00f6
3ad18a
378213
34328c
3132f2
2ea343
2cc37e
2b93a1
2b43ad
2bd3a2
2d337f
2f5344
3222f2
35828b
393212
3d018a
40b0f6
44205a
46ffbb
48ef1b
49de7d
499de5
47fd55
44ecd2
406c5e
3a6bfb
330baa
2a6b6b
20ab3c
162b1c
0b0b0b
ffbb07
f46b0f
e98b23
df5b42
d63b6b
ce5b9d
c7fbd9
c36c1d
c0bc68
bffcbb
c13d16
c45d78
c94de0
cfce4e
d7bec1
e0df37
eadfb1
f5702c
0050a7
0b2121
15b197
1fa209
28c274
30e2d6
37e32e
3db37b
4243bb
4573ee
477414
48542c
482439
472439
45842f
43641c
40f402
3e53e2
3bb3bf
391399
36a374
348350
32c330
318314
30b2fe
3042ef
3022e6
3042e4
3072e8
3092f2
30b301
30b314
30a32a
308341
306357
30436d
30337f
30538f
30a39a
3143a0
3243a2
33b39d
358393
37b384
3a2370
3cd359
3fa33f
425325
44e30b
4702f4
4892e1
4952d4
4912cd
4782ce
4492d7
4022e6
3a22fe
32a31b
29c33f
1fb369
14c398
0943cc
fd7401
f1b436
e64465
db948b
d204a4
c9d4ad
c364a3
bef484
bca451
bca409
bef3ab
c36338
c9e2af
d24213
dc3166
e760ad
f37fed
000f2b
0c9e6e
18adbb
23dd19
2dcc8c
361c1c
3cabcd
412ba3
439ba2
43ebca
41fc19
3ddc8e
37bd22
2fadd1
260e94
1b2f65
0f603c
032112
f6d1de
eac299
df433b
d4b3bf
cb6420
c3745b
bd246e
b8a45a
b5e41f
b4c3bf
b5233b
b6c299
b951de
bca112
c0603c
c46f65
c85e93
cc1dd0
cf5d22
d1fc8e
d3dc1a
d4cbca
d4cba2
d3fba3
d25bcd
d01c1c
cd5c8c
ca4d19
c71dbc
c3ee6e
c10f2b
be8fec
bcb0ac
bbb165
bbb213
bca2af
bea338
c193ab
c57406
ca3449
cfb477
d6048f
dcf495
e4748a
ec8472
f4d44f
fd4425
05c3f8
0e03cc
1603a1
1da37b
24d359
2b733c
319324
370311
3bd301
4002f6
4382ef
4652ec
4882ed
4a12f0
4b02f5
4b52fa
4b0301
4a1307
48830d
465314
43731c
3ff326
3bd332
370340
319351
2b8365
24d37b
1da393
1603ad
0df3c8
05b3e2
fd43fa
f4e40f
ec941e
e48426
dcf425
d5f419
cfa401
ca33da
c5b3a5
c22361
bf830d
bde2aa
bd223a
bd51bc
be4135
bfe0a5
c20010
c48f7a
c72ee6
c9de56
cc5dce
ce8d50
d04ce0
d17c7f
d21c2f
d1fbf2
d13bc8
cfcbb0
cdcbaa
cb5bb5
c8abce
c5dbf3
c31c20
c08c53
be7c89
bcecbd
bc2ced
bc4d15
bd6d34
bf9d47
c2fd4c
c78d44
cd2d2e
d3dd0b
db6cde
e3cca8
ecdc6c
f64c30
000bf5
09cbbf
134b92
1c4b72
24ab63
2c3b66
32eb80
389bb2
3d4bfe
40ec63
438cde
44fd6e
456e0d
44ceb8
433f69
40e01c
3e00cc
3ac173
37720e
343297
31330b
2eb367
2cc3a8
2b93ce
2b03d9
2b43c9
2c539f
2e235d
30b303
33e293
379211
3b9181
3fa0e5
437044
46dfa1
495f01
4aee65
4b2dd2
4a0d48
476ccb
431c5b
3d2bfa
359baa
2c9b6b
223b3c
16db1c
0abb0b
fe3b07
f1bb0f
e58b23
da3b41
cffb6a
c75b9d
c08bd9
bbfc1d
b9bc68
b9fcb8
bcad0e
c1bd6a
c8fdcd
d22e36
dd0ea7
e93f1e
f64f9b
03c01b
11309d
1df11f
29a19f
33b21a
3be28d
41f2f7
45a354
46e3a2
45b3de
42040a
3bf423
33b42e
29942a
1de41a
112401
03c3e0
f653b9
e9438f
dd1364
d2233b
c8d317
c192fb
bca2e9
ba22e3
ba42e9
bcd2fc
c1c318
c8c33b
d19364
dbb38e
e6e3b9
f2b3e0
fed402
0ad41b
16642b
21342e
2af423
338409
3aa3df
4063a5
44a35c
477305
4902a1
495231
48a1b8
471138
44f0b3
42502c
3f9fa4
3ccf20
3a2ea0
37be26
359db3
33cd49
324ce6
311c8c
302c3b
2f7bf3
2f0bb6
2ecb84
2ecb5e
2efb46
2f4b3a
2fab3b
301b47
308b5e
30eb80
314bac
31cbe1
325c21
332c6a
343cbb
359d14
372d73
38edd6
3abe3f
3c7eab
3e1f1a
3f8f8c
40b000
419074
4200e6
41f156
4151c1
400229
3e028d
3b42ed
37b348
33539e
2e43ec
287431
22046c
1af49a
1384bc
0bc4cf
03c4d6
fbb4cf
f3a4bb
eba49a
e3d46c
dc6432
d563ec
cef39d
c93345
c442e5
c00280
bc8216
b9b1aa
b7913c
b600cc
b5105d
b4bff0
b50f83
b5ef1a
b78eb3
b9be4f
bc9def
c01d92
c43d3a
c90ce6
ce7c96
d48c4b
db3c05
e26bc4
ea0b8a
f20b58
fa5b2e
02cb0f
0b3afb
137af5
1b8afd
231b15
2a1b3f
305b7c
35dbcc
3a5c2f
3deca5
408d2c
422dc1
42ee63
42bf0e
41cfbf
402071
3e0121
3b81ca
38e265
3632ee
33b361
3183b9
2fc3f4
2e9411
2df40e
2e13eb
2ed3a9
304348
3242cb
34a235
37618b
3a30d2
3cf010
3f8f4e
41ae90
432ddd
43ed3c
43ccb1
42ac44
406bf7
3d1bce
389bcb
32fbee
2c4c35
24ac9d
1c3d20
132dba
09be65
000f1b
f65fd7
ece094
e3d14c
db61fb
d3c29c
cd132a
c773a2
c2f402
bfa449
bd6478
bc4491
bc2495
bce489
be6470
c0844e
c31425
c5d3fa
c8b3cd
cb63a2
cdc37b
cfc358
d1233b
d1f325
d21314
d1830a
d05305
ce8303
cc5304
c9c306
c71308
c4730a
c2030b
bff30a
be5309
bd6306
bd2304
bdd303
bf7304
c2230a
c5e314
cac325
d0933c
d72358
de637b
e613a2
ee13cd
f633f9
fe5425
06544e
0e2471
15948a
1ca495
233490
296478
2f244a
348406
3983aa
3e3337
4272af
463213
496166
4bf0ad
4ddfed
4f1f2b
4f9e6d
4f5dba
4e4d18
4c4c8c
495c1d
456bce
406ba3
3a5b9f
335bc2
2b8c0c
22ec7b
19bd0b
0ffdb8
05ee7c
fbcf4f
f1b02c
e7f108
def1dc
d6d2a0
cfd34c
ca33d9
c60441
c37481
c27496
c3247f
c5843c
c9a3cf
cf533c
d6928a
df21bf
e8d0e4
f34000
fe4f1c
097e41
148d76
1f3cc4
292c31
321bc3
39db81
402b6c
44eb86
480bcc
49ac3a
49dccc
48dd7a
46de3d
441f0e
40bfe5
3d10ba
394186
359240
3222e4
2f436b
2d13d3
2bc418
2b4439
2ba438
2cd415
2eb3d2
313371
3422f6
376264
3ac1c0
3e0111
40e05c
433fa7
44cef6
456e4d
44fdaf
437d1f
40ec9e
3d4c2f
38abd3
32fb89
2c4b51
24ab2b
1c3b15
133b0d
09bb11
000b20
f65b38
eceb59
e3db83
db6bb4
d3cbec
cd1c2a
c77c6f
c2fcbb
bfad0f
bd7d69
bc4dcc
bc2e36
bceea8
be5f1f
c07f9b
c3101b
c5e09d
c8b11f
cb719e
cdc21a
cfb28e
d112f7
d1f354
d243a2
d203de
d12409
cfc423
cdc42e
cb642a
c8a41a
c5d401
c313e0
c083b9
be738f
bce364
bc233b
bc4317
bd62fb
bfa2e9
c332e3
c802e9
cdf2fb
d4f318
dce33b
e56364
ee638f
f7b3b9
0103e0
0a5402
13441b
1bc42b
23a42e
2aa423
30d408
3623df
3a93a5
3e235c
40e305
42c2a1
43d231
4411b8
438138
4260b3
40b02c
3ecfa5
3c9f20
3a6ea0
383e26
362db3
344d48
32ace7
314c90
305c43
2fcc00
2f9bc9
2fcb9b
302b78
30cb5f
318b50
325b4b
333b50
341b5f
34fb78
35cb9b
367bc8
36fc00
372c43
371c90
36dce7
366d49
35ddb3
354e26
34cea0
345f20
341fa4
34002c
3410b3
345138
34c1b9
354231
35d2a1
366305
36d35d
3713a9
3723e7
36e416
367436
35c445
34f445
341435
333418
3253f0
3183c2
30c38f
30235c
2fc32b
2f92ff
2fc2db
3062c1
3182b4
3312b4
3502c4
3742e1
39930b
3bf33f
3e337b
4023ba
41c3fa
42f436
43946b
438494
42c4ae
4144b4
3ee4a2
3bb476
37b42e
32e3c9
2d634b
2742b5
20920c
198154
121092
0a7fcd
02cf0a
fb1e4f
f37da1
ec1d06
e4ec85
de0c22
d78be0
d17bc3
cbfbca
c6fbf6
c29c44
bebcb2
bb4d3c
b84ddc
b5be8f
b39f4d
b20010
b100d2
b0b18b
b14235
b2b2cb
b52349
b8a3a9
bd43eb
c2f40b
c9e40b
d1e3e9
dae3a8
e4d34a
ef62d5
fa824c
05d1b3
111111
1bf069
262fbe
2f5f16
371e73
3d3dda
417d4c
438ccd
436c5e
40fc01
3c4bb3
358b75
2cdb45
227b21
16db09
0a4afa
fd4af5
f04afa
e3bb09
d81b21
cdcb45
c54b75
bedbb3
badc01
b98c5e
badccd
bedd4c
c53dda
cdce73
d82f16
e3cfbf
f05069
fd4111
0a41b3
16c24b
2272d5
2cd34a
3583a8
3c53e9
40f40a
436408
4383e3
41639c
3d3336
3712b4
2f521b
263171
1c00bb
111000
05cf45
fa7e8f
ef6de5
e4dd4c
dafcca
d1fc63
c9ec1d
c2fbf8
bd3bf7
b89c18
b52c58
b2bcb6
b15d2b
b0ddb4
b11e4c
b20eef
b38f98
b5a042
b830ea
bb418d
bec226
c2a2b3
c6f333
cbb3a5
d0f408
d6945b
dcc49e
e364d2
ea84f8
f1f510
f9b51c
01b51b
09d510
11f4f9
19e4d8
21a4aa
28e471
2f842c
3543d9
3a237b
3de310
409298
423216
42e18a
42a0f7
41a05e
401fc4
3e0f2b
3b9e96
38fe09
364d87
33bd15
317cb5
2fbc6d
2e9c3f
2e3c2e
2e9c3b
2fbc66
317cac
33bd0d
364d83
38fe0c
3b9ea4
3e0f46
401fef
41b09a
42a142
42e1e2
423278
409300
3df377
3a53db
35c42b
305465
2a148b
23149c
1b949b
13848b
0b346d
02c446
fa4419
f1f3e7
e9f3b3
e26381
db4351
d49327
ce7305
c8c2ec
c3b2de
bf32db
bb52e0
b842eb
b5e2fb
b4630e
b3a322
b3b336
b4734a
b5e35b
b80369
bac374
be237a
c2137c
c6a37a
cbb375
d1436e
d72365
dd635d
e3f354
eab34c
f1a346
f8c341
000340
074341
0e6345
15534c
1c1354
22a35d
28d366
2ed36e
348375
39e37a
3ec37c
43137a
46c374
49a369
4bc35b
4cf34a
4d6336
4cf322
4bb30e
49a2fb
46c2eb
4322e0
3ed2db
39e2df
3482ec
2ed305
28d327
229351
1c1381
1563b3
0e73e7
074419
000446
f8c46d
f1948b
eaa49c
e3f49c
dd748a
d73465
d1342b
cb83de
c6237e
c1330d
bce28b
b941fa
b6615c
b450b4
b31006
b2af57
b31eac
b45e0c
b66d7b
b94cfc
bcfc94
c14c46
c62c13
cb8bff
d13c0a
d73c36
dd7c7f
e3fce5
eaad63
f1adf5
f8ce98
000f46
074ffa
0e60b0
156162
1c120a
2292a6
28d330
2ed3a7
348409
39e456
3ec48c
4314ac
46c4b5
49a4a9
4bb489
4cf458
4d641c
4cf3d8
4bb393
49a34f
46c311
4322dc
3ed2b2
39e295
348288
2ed28c
28d2a2
2292c7
1c12fa
156339
0e737e
0743c5
00040b
f8c44c
f19484
eaa4ae
e3f4c5
dd74c7
d734b0
d1347e
cb8431
c623c9
c13349
bce2b4
b9420c
b66155
b45094
b31fcf
b2af0a
b31e4d
b44d9f
b66d05
b94c85
bcfc23
c14be2
c62bc3
cb8bc7
d13bed
d73c36
dd6c9e
e3fd24
eabdc3
f1ae76
f8cf38
000000
0730c8
0e618a
15523d
1c12dc
22a362
28e3ca
2ec413
345439
39643d
3de41e
41e3dd
45437b
4812fb
4a2261
4b91b3
4c50f6
4c6031
4baf6c
4a1eab
47cdf4
44bd4c
40ecb7
3c4c37
370bcf
312b82
2aab50
23ab39
1c3b3b
147b52
0c7b7c
046bb4
fc4bf5
f44c3b
ec8c83
e51cc8
de0d06
d79d39
d1cd5e
ccbd73
c85d78
c4dd6b
c20d4f
c00d25
bebcef
be1cb1
be0c6d
be7c27
bf5be4
c08ba8
c1fb78
c39b58
c55b4b
c71b54
c8db74
ca8baa
cc0bf7
cd6c59
ce8cd1
cf8d5b
d03df6
d0ce9e
d11f4f
d15005
d160ba
d15169
d1220c
d0c29e
d0331b
cf7380
ce83ca
cd63f6
cc0404
ca83f5
c8e3c8
c7237f
c5531b
c3929f
c1f20d
c0716a
bf50ba
be7004
be0f4e
be1e9d
bebdf6
c00d5c
c20cd2
c4dc5a
c89bf7
cd2ba9
d29b72
d8bb53
df7b4b
e69b59
ee0b79
f5aba9
fd4be4
04fc26
0c8c6b
13fcb0
1b2cef
221d26
289d50
2e9d6b
341d74
390d6b
3d7d50
415d26
44ccef
47ccb0
4a5c6c
4c7c27
4e0be4
4f0ba9
4f4b79
4ecb58
4d5b4b
4aeb53
476b73
42dba9
3d1bf7
362c5a
2e2cd1
252d5b
1b3df6
10ae9d
058f4f
fa3005
eef0ba
e41169
d9e20c
d0b29e
c8f31b
c2d380
be93c9
bc83f5
bca401
bf13ee
c3c3bc
ca836d
d33304
dd9284
e931f2
f5b153
02c0a9
0fcffc
1c5f4e
27fea6
324e06
3acd73
413cf1
452c81
468c25
453bdd
414baa
3adb89
324b7b
27eb7d
1c3b8d
0fbba8
02cbca
f5dbf2
e94c1c
ddac46
d33c6f
ca7c95
c3acb7
bf1cd4
bcecec
bd0cfe
bf7d0a
c3fd11
ca5d14
d23d13
db5d10
e56d0b
effd06
faed00
05bcfa
103cf3
1a3cec
238ce3
2c0cda
33bcce
3a9cc0
409caf
45ac9c
49ec85
4d2c6d
4f8c52
511c38
51cc1e
51bc06
50fbf2
4f9be3
4d7bda
4aabdb
471be6
42cbff
3dac26
37bc5e
30fca7
298d01
216d69
18adde
0f7e5e
05fee5
fc5f71
f2b000
e9608f
e0811b
d871a2
d15222
cb6297
c6e2ff
c3f359
c2b3a2
c333da
c58401
c9941a
cf5425
d69426
df241d
e8d40e
f343fa
fe43e2
0983c8
1493ae
1f3393
29237b
321364
39e351
406340
456332
48e327
4ad31d
4b5314
4a730d
487306
457300
41c2fa
3da2f5
3952f1
3502ed
3112ec
2da2ef
2b02f6
295302
28c314
29532c
2b034a
2da36b
311391
3503ba
3953e4
3da40e
41c436
457459
486473
4a7483
4b5485
4ad476
48e456
456423
4063db
39e37f
32130f
29228d
1f31fa
14915a
0980b1
fe4004
f34f57
e8deae
df2e0e
d69d7c
cf5cfc
c99c92
c58c43
c33c13
c2bc03
c3fc14
c6ec45
cb6c93
d15cfc
d87d7b
e08e0d
e95ead
f2bf57
fc5005
0600b3
0f815b
18a1fa
21528c
29730e
30f37f
37d3de
3e042a
438463
484489
4c249c
4f249d
51448c
52746e
52d446
526417
5113e5
4f03b2
4c2381
485352
43b329
3e1305
37b2ea
3082d7
2892cd
2022cd
1732d4
0de2e1
0472f5
faf30c
f1b325
e8c33f
e07359
d8e370
d25384
ccf393
c8f39d
c673a2
c593a0
c6539a
c8d38f
cce37f
d2536d
d8f357
e08341
e8d32a
f1b314
fae301
0452f3
0dd2e8
1732e4
2032e6
28b2ef
3082fe
377314
3d9330
42c351
471374
4aa399
4d73be
4f93e2
510401
51b41c
51c42f
51043a
4f8439
4d242c
49e413
45b3ed
4083bb
3a537d
333335
2b32e2
225286
18d220
0eb1b0
043139
f980bc
eef03c
e4cfba
db3f39
d2aeb9
cb6e3d
c59dc6
c18d57
bf6cf0
bf5c93
c14c43
c55bff
cb7bc8
d35b9b
dccb79
e76b60
f2fb51
ff0b4b
0b2b50
170b5e
222b78
2c4b9b
34fbc9
3bdc01
40ac44
432c93
435cee
411d55
3cadc5
363e3d
2e0ebb
247f3b
19cfbb
0e503c
0290bb
f6c137
eb31af
e05220
d65288
cd72e5
c5d336
bfa37b
baf3b3
b7a3df
b5c3ff
b53415
b5d420
b76421
b9c41a
bca40b
bfe3f8
c333e0
c673c7
c973ab
cc238f
ce6373
d0335a
d1a343
d29331
d31324
d3231b
d2c314
d2030f
d0d309
cf6302
cdb2fa
cc02f3
ca62ee
c8f2eb
c7c2ec
c6e2f1
c642f8
c5e303
c5c311
c5e323
c6333b
c6d358
c7c37b
c8f3a2
ca63cd
cc03fa
cdb425
cf544e
d0c470
d1f489
d2c495
d33491
d32479
d2844a
d16402
cfb3a2
cd8329
cae29b
c7f1fb
c4d14d
c1a094
be8fd7
bbaf1b
b92e64
b75db9
b65d20
b64c9d
b75c36
b9bbef
bd5bcc
c25bce
c89bf6
d00c43
d88cb1
e1ed3c
ebedde
f66e91
011f4e
0ba010
15d0d1
1f5189
27d234
2f32cb
35334a
39a3ab
3c63ec
3d540b
3c9409
3a03e7
35e3a7
30334a
2932d6
21124d
1801b5
0e5111
045067
fa2fbd
f01f15
e65e73
dd2ddb
d48d4e
cc9ccd
c57c5b
bf3bf8
b9eba4
b59b61
b25b2e
b03b09
af2af1
af1ae5
affae5
b1aaf0
b41b06
b73b28
baeb56
bf2b8f
c3dbd5
c8ec27
ce6c85
d41cf0
da1d67
e03dea
e67e76
eccf09
f32fa2
f9903c
0000d5
06716a
0ce1f7
134279
1992eb
1fe34b
25f393
2be3c2
3173d5
36a3cc
3b63a7
3fc366
43c30b
475298
4a720f
4d1174
4f10cc
50601b
50df68
504eb7
4ebe0d
4c0d6f
483ce0
433c63
3d1bfa
35cbaa
2d5b71
240b52
19db4b
0f1b5a
040b7a
f8dbaa
edfbe4
e37c26
d9dc6a
d13caf
c9fcef
c45d27
c0ad51
beed6c
bf5d74
c1dd6a
c65d4f
ccbd25
d4ccef
de4cb0
e8dc6c
f43c27
000be4
0bdba8
173b78
21cb58
2b4b4b
335b54
39bb73
3e3baa
40bbf7
412c5a
3f7cd1
3bbd5b
361df6
2ede9e
263f4f
1c8005
1210ba
073169
fc120b
f0f29e
e6331b
dc0380
d2a3ca
ca53f5
c33401
bd53ed
b8a3bb
b5236d
b2b304
b14285
b0c1f3
b10153
b200a9
b39ffb
b5bf4e
b84ea5
bb4e06
bebd74
c29cf1
c70c81
cbfc25
d17bdd
d78ba9
de0b89
e4eb7b
ec1b7e
f37b8e
fb1ba8
02cbca
0a7bf1
121c1b
198c46
209c6f
274c95
2d6cb7
32ecd4
37bcec
3bbcfd
3eed09
414d11
42cd14
438d13
438d10
42ed0b
41cd06
402cff
3e3cf9
3bfcf2
399cec
373ce4
350cda
331ccf
318cc0
307caf
2fdc9b
2f9c85
2fcc6d
302c53
30cc39
317c1f
325c06
333bf1
342be1
350bd9
35cbdb
366be7
36ec00
373c26
375c5b
375c9f
373cf2
370d55
36bdc6
365e44
35fecc
357f5c
350ff0
34b085
346119
3441a9
343232
3442b1
345321
346381
3473cd
347405
34642a
34443c
34343e
344432
34641a
34a3f8
3503cf
3583a3
35f375
36634a
36b324
370305
3732ee
3762e0
3782dc
37a2e1
37b2ee
379305
374324
36a34a
35c375
34b3a2
3363cf
3213f9
30d41a
2fa432
2eb43e
2e143c
2dc429
2df406
2ea3d1
2fd389
31a32f
33e2c4
36924a
39a1c3
3ce133
40309b
436000
464f65
489ecd
4a3e3d
4addb6
4a4d3c
486cd1
452c76
406c2c
3a2bf2
329bc9
29bbb1
1fbbaa
14dbb4
095bcc
fd7bf1
f1bc20
e64c54
db9c8a
d1fcbe
c9dced
c36d14
befd33
bccd47
bced50
bf6d4c
c43d3c
cb1d1e
d3ccf5
ddecc1
e91c86
f4ec46
010c06
0d1bca
18ab95
234b6c
2cbb52
34ab4d
3abb5e
3ecb8a
40bbd2
40ac36
3e7cb5
3a7d4b
34adf4
2d6eac
24df6e
1b4033
1110f6
0681b2
fbd260
f152fa
e7337b
ddb3de
d4e41f
ccd43e
c5b439
bf8412
ba53c9
b62361
b2e2dc
b0823e
af018b
ae50c9
ae5000
af0f37
b07e75
b28dc2
b56d24
b8fc9f
bd4c37
c27bee
c85bc7
cf1bc2
d68be1
deac22
e76c85
f09d06
fa1da0
03ce4e
0d5f0a
16afce
1f7093
279154
2eb20c
34a2b5
39334b
3c23cb
3d5431
3cd47d
3a84af
3674c6
30b4c5
2974af
20e486
17344e
0cc40b
01c3c4
f6837b
eb7337
e0d2fa
d6e2c9
cdf2a4
c6228e
bfa286
baa28d
b722a4
b532c9
b4b2fa
b59337
b7937c
ba93c4
be440b
c2644d
c6c485
cb04af
cef4c5
d264c6
d504af
d6c47d
d78431
d733ca
d5d34b
d382b5
d0620c
cc8154
c84093
c3cfce
bf5f0a
bb2e4e
b7ada0
b51d06
b3bc85
b3ac22
b51be1
b82bc3
bcbbca
c2ebf6
ca8c44
d39cb2
dddd3c
e92ddd
f53e90
01cf4e
0e5010
1a90d2
25f18a
302235
38b2cb
3f6349
4403aa
4653eb
46540b
43f40a
3f43e8
3843a7
2f534a
2482d5
18524c
0b11b4
fd4111
ef8068
e24fbe
d60f16
cb4e73
c27dda
bbfd4d
b7fcce
b6ac5e
b81c00
bc5bb2
c32b75
cc4b45
d75b22
e40b0a
f1cafb
000af5
0e4af9
1c0b07
28bb20
33cb45
3ceb76
43bbb4
47fc00
496c5b
481cc5
441d3e
3d9dc7
34ce5d
2a0efe
1dcfa7
108054
02c101
f4f1a9
e7b249
db82dc
d0b35b
c7c3c2
c0d40a
bc1431
b9b432
b9b40e
bc03c4
c0a358
c752cd
cfe227
da116d
e570a5
f1bfd4
fe4f04
0ace3b
16ed80
223cdc
2c8c54
358bee
3d2bad
435b94
47eba5
4aebdf
4c6c40
4c5cc5
4afd68
486e23
44eeef
40bfc4
3c409a
37b16b
33722f
2fa2de
2c9373
2a43e8
28e437
28645e
28d45c
2a4432
2c93e3
2fa374
3372e8
37c246
3c4193
40b0d5
44e013
485f52
4afe99
4c5ded
4c6d52
4afcc9
47dc55
431bf7
3cabae
34bb7b
2b5b5d
20cb53
154b5c
093b76
fceb9b
f0abca
e4ebfe
da0c33
d06c67
c85c97
c22cc2
be1ce6
bc2d03
bc7d1a
beed29
c37d31
c9fd32
d24d2c
dc2d20
e75d0d
f37cf6
000cdb
0c9cc0
18bca5
23ec8f
2dcc7c
361c6e
3c9c64
412c5e
439c5c
43ec5d
41fc63
3dec6d
37bc7c
2fac8f
260ca7
1b2cc1
0f6cdb
032cf5
f6dd0c
eacd1f
df4d2c
d4bd33
cb5d32
c35d29
bcfd16
b83cfb
b51cd7
b3acae
b3bc7f
b51c4e
b7ac1b
bb2be9
bf5bba
c3cb92
c85b74
cc9b63
d06b64
d37b77
d5cb9d
d72bd6
d7ac22
d73c81
d5ccf2
d37d74
d06e06
cc9ea5
c84f4e
c3cffb
bf50a9
bb3153
b7b1f3
b51284
b3b304
b3a36d
b513bc
b823ed
bcf3fd
c363ed
cb63bc
d4c36d
df4304
eac284
f6d1f2
032152
0f60a9
1b2ffc
260f4e
2faea6
37be06
3ddd73
41fcf1
43ec81
439c25
412bdd
3c9ba9
361b89
2dcb7b
23db7e
18ab8e
0c9ba8
000bca
f37bf1
e76c1b
dc3c45
d24c6f
c9fc96
c36cb8
beecd4
bc7ce8
bc2cf5
be1cfc
c23cfe
c85cfc
d06cf9
da0cf7
e4ecf5
f0acf5
fcecf6
094cf7
154cfa
20ccfc
2b4cfd
34acfb
3cacf5
431ce8
47ecd4
4b0cb8
4c7c96
4c5c6f
4aec45
485c1a
44dbf1
40bbca
3c5ba8
37db8e
338b7e
2fab7b
2c8b89
2a2ba9
28dbdc
288c25
295c81
2b1cf2
2dbd74
311e06
350ea5
394f4e
3d9ffc
41c0a9
457153
4871f3
4a8284
4b5304
4ad36d
48d3bc
4553ec
4063fd
39e3ed
3223bc
29236e
1f3304
148284
0971f2
fe4152
f340a9
e8dffc
df3f4f
d69ea6
cf5e06
c99d73
c58cf1
c33c81
c2bc25
c3fbdd
c6ebaa
cb7b89
d15b7b
d86b7d
e08b8d
e95ba8
f2bbca
fc5bf2
060c1b
0f8c46
18ac6f
215c95
296cb7
30fcd3
37dce8
3e1cf6
439cfd
484cfe
4c2cfc
4f2cf9
513cf6
527cf5
52dcf5
526cf7
512cf9
4f1cfb
4c2cfc
485cfc
43acfb
3e1cf5
37bcec
308cdc
28acc6
202ca9
173c85
0dec5d
046c32
fafc06
f1bbdb
e8cbb3
e07b90
d8fb77
d25b6b
ccfb6f
c8eb87
c66bb6
c59bfe
c66c5e
c8ecd7
ccfd65
d25e05
d8feb4
e07f6c
e8c029
f1b0e5
faf19c
046247
0de2e0
173363
2023cb
28a412
308435
37b432
3e140a
43a3bd
48534f
4c22c4
4f1223
512170
5260b2
52dff0
527f2e
513e75
4f2dcb
4c2d35
484cb7
439c57
3e1c15
37dbf2
30fbef
297c0c
215c47
18ac9f
0f8d12
060d9b
fc5e36
f2bedf
e95f8f
e08041
d860f2
d1519d
cb623f
c6e2d4
c3f35a
c2b3cd
c3342d
c58478
c994af
cf54d5
d694ea
df34f2
e8d4ef
f344e0
fe44c8
0974a7
14847d
1f344c
292414
3223d5
39e38f
406341
4552ea
48d28a
4ad222
4b51b2
4a813e
4870c7
45704e
41cfd4
3d9f5b
394ee1
350e6a
311df7
2dbd8a
2b0d28
294cd1
288c89
28dc4e
2a3c21
2c8c00
2fabeb
338be0
37cbdf
3c4be6
40bbf5
44dc08
485c20
4aec3a
4c5c55
4c7c71
4afc8d
47eca7
431cc0
3cacd6
34bce9
2b5cf8
20cd03
154d0b
093d11
fced14
f0ad16
e4ed15
da0d12
d06d0c
c85d03
c22cf7
be1ce7
bc3cd5
bcacc0
bf6ca8
c44c8e
cb2c72
d3cc55
ddcc39
e8fc1e
f4dc07
010bf5
0d2be7
18cbe1
236be2
2cbbeb
348bff
3a8c1f
3ebc4d
40ec89
411cd3
3f5d29
3b9d8b
361df7
2eee69
265ee0
1c9f5a
121fd4
07204f
fbf0c8
f0e13f
e631b2
dc1220
d2b288
ca62e9
c33341
bd4390
b893d7
b51415
b2b44c
b1547c
b0d4a5
b114c7
b204e0
b384f0
b5a4f5
b834ec
bb44d5
beb4ae
c2a476
c7042c
cbf3d1
d17362
d772e2
ddf252
e4e1b3
ec110a
f38058
fb1fa3
02ceef
0a6e41
120d9e
197d0b
209c8f
275c2d
2d7be9
32fbc7
37bbc7
3babea
3edc2f
413c96
42cd1c
439dbe
43ae79
42ff45
41c01b
4010f3
3e11c5
3be288
399334
3743c4
351432
330479
314496
2fe487
2ee44b
2e63e3
2e4354
2e92a3
2f31d7
3020f9
314010
329f26
340e43
357d6f
36dcb3
380c17
38fba2
39ab59
3a0b3e
3a1b53
39db96
393c05
384c9c
371d54
35ae28
340f0f
325000
30b0f1
2f31d8
2e02ac
2d4364
2ce3fa
2cf469
2d74ae
2e64c5
2fd4af
31a46b
33f3fc
369364
3992ab
3cd1d7
4020f0
436000
465f10
48ae2a
4a4d55
4adc9c
4a3c04
485b94
452b52
409b3e
3abb5a
337ba4
2aec19
213cb3
167d6d
0aee40
feef25
f2b010
e6d0fb
dba1da
d182a5
c8c354
c1d3e1
bce448
ba3486
b9f49a
bc2483
c0c442
c7b3d9
d0b34c
db92a0
e7c1dc
f50108
02c02c
107f50
1dbe7c
29fdb9
34cd0b
3d9c7b
442c0c
482bc2
496b9f
47eba3
43bbce
3cec1d
33cc8c
28bd17
1c0db9
0e4e6d
000f2b
f1cfee
e400ae
d76167
cc4213
c312ae
bc4336
b813aa
b6c409
b85452
bcb486
c3a4a3
ccc4ad
d7b4a3
e3e48a
f0f464
fe5436
0b9403
1853ce
24039a
2e4369
36c33e
3d331a
4172fd
4362ea
4302df
4082dc
3c02e1
35b2eb
2dd2fa
24b30d
1ab321
101336
05234b
fa535c
efd36a
e5d374
dc8379
d4037b
cc637a
c5b378
bff376
bb3373
b75370
b4536b
b22366
b0935f
afa357
af5350
afa34b
b08347
b21344
b45343
b76344
bb4345
c01347
c5e34a
ccd34e
d4c353
dd9357
e7335b
f1735e
fbf360
069361
111361
1b3361
24b360
2d535e
34a35b
3a8357
3e9353
40b34f
40b34a
3ea347
3a9345
348344
2cb343
236344
18c347
0d234b
010350
f4d357
e8e35e
ddc365
d3c36b
cb3370
c45374
bf6376
bca378
bc237a
be037a
c21379
c85374
d0736a
da235d
e4f34b
f0a336
fcd321
09130c
1532fa
20c2eb
2b62e1
34c2dd
3ca2df
42e2ea
4752fd
4a1319
4b333e
4ae369
49539a
46c3ce
437403
3fa436
3b9464
379489
33e4a3
30b4ad
2e24a4
2c5486
2b5452
2b0406
2b83a2
2cc328
2eb29b
3131fb
34314d
377095
3adfd8
3e0f1b
40de63
432db8
44bd1f
456c9d
450c36
438bf0
40ebcb
3d1bca
381bee
320c35
2b0c9e
232d24
1abdc4
11be77
086f38
ff0000
f5b0c8
ecb189
e4323c
dc62dc
d56362
cf33cb
c9f412
c57436
c1e435
bf2410
bd43ca
bc3363
bbf2e1
bc8248
bda19d
bf50e5
c14028
c37f6b
c5aeb3
c7de05
c9ed65
cbccd7
cd7c5e
cefbfa
d03bae
d11b7a
d1ab5c
d1cb53
d18b5d
d0eb77
cffb9c
cecbca
cd6bfd
cc0c32
ca9c66
c93c97
c80cc2
c71ce6
c67d02
c63d16
c66d21
c70d24
c80d1f
c93d15
caad06
cc1cf3
cd7cde
ceccca
cfecb6
d0dca4
d17c96
d1cc8c
d1ac86
d12c85
d03c86
cefc8b
cd7c92
cbbc9a
c9dca3
c7dcac
c5bcb4
c38cba
c15cbe
bf5cc0
bdacbf
bc7cbb
bbfcb4
bc3cac
bd4ca3
bf3c9a
c1fc93
c57c8f
c9ec8e
cf3c92
d56c99
dc6ca4
e44cb1
ecccbf
f5bccd
ff0cdb
085ce8
11acf4
1aacfe
232d04
2b0d07
321d04
382cfb
3d1cec
40dcd7
437cbd
44fc9e
456c7d
44cc5a
433c36
40ec14
3e0bf5
3acbdb
376bc8
342bc0
313bc3
2ecbd3
2cdbf2
2b9c1f
2b0c5b
2b4ca6
2c4d01
2e2d69
30bdde
33fe5d
37aee5
3baf71
3fa000
43608f
46b11b
4941a2
4ae222
4b3297
4a2300
476359
42e3a2
3ca3d9
34b401
2b541a
20c425
154426
09241e
fcd40f
f0a3fa
e4e3e2
da13c7
d063ad
c85393
c2237b
be1365
bc3350
bca33c
bf632a
c44318
cb2309
d3c2fd
ddd2f4
e8f2ee
f4d2eb
0102ea
0d22ec
18b2ef
2352f5
2cb2fd
349308
3aa317
3eb32a
40b340
40a358
3e8373
3a738f
34a3ab
2d53c7
24c3e1
1b43f8
11140b
068419
fbe420
f1641f
e73415
dda400
d4d3e0
cce3b3
c5e377
c0032e
bb22d7
b75275
b45209
b22197
b0a120
afb0a6
af502c
af9fb1
b07f38
b20ec1
b45e4e
b76de0
bb4d77
c00d16
c5bcbb
cc5c68
d3ec1d
dc7bd9
e5db9d
efeb6b
fa7b42
054b23
101b0f
1a9b07
249b0b
2dcb1c
35bb3c
3c2b6b
40abab
431bfb
432c5b
40ecca
3c4d48
358dd1
2cde65
227f01
16dfa2
0a5045
fd40e5
f04180
e3b211
d81293
cdc303
c5435d
bee3a0
bad3c8
b943d5
ba53c6
bdf39a
c40353
cc52f3
d6827d
e231f4
eef15c
fc40ba
09b011
16cf67
22febf
2dee1e
373d87
3e7cff
438c88
461c25
464bd6
43fb9b
3f6b76
38bb64
302b64
25fb75
1a9b92
0e5bba
01cbe8
f53c1a
e92c4d
dddc7f
d39cae
ca9cd8
c2ecfb
bcbd16
b81d29
b51d32
b3ad33
b3bd2c
b52d1f
b7bd0b
bb3cf4
bf5cdb
c3bcc1
c83ca8
cc8c90
d06c7c
d38c6c
d5ec62
d73c5e
d78c60
d6bc66
d4fc72
d25c81
cefc93
cb1ca8
c6dcbf
c27cd6
be4cec
ba8cff
b78d0e
b58d18
b4bd1c
b54d19
b74d10
baad02
bf7cef
c59cd8
cd0cbd
d5bc9e
df6c7d
e9ec5a
f50c36
005c14
0babf5
168bdb
20bbc9
29dbc0
31bbc3
381bd3
3cabf1
3f5c1e
401c5b
3edca7
3bbd01
36cd6a
304dde
285e5d
1f4ee4
154f71
0a9000
ffb08f
f4c11c
ea41a3
e06222
d75296
cf32ff
c82359
c223a5
bd53e2
b9b40f
b7642d
b6443d
b64440
b75437
b93425
bba40b
be73ec
c193ca
c4d3a6
c7f383
caf362
cd9343
cfb328
d14311
d212fe
d252ef
d202e7
d152e4
d052e8
cf22f2
cde301
cca314
cb632a
ca4341
c96357
c8c36d
c87380
c8538f
c86399
c8839d
c8a39a
c8d390
c90381
c9536d
c9a356
ca133f
ca9329
cb0314
cb5302
cb92f4
cbc2e9
cbd2e4
cbc2e5
cbb2ee
cb92fe
cb6314
cb1331
cad351
ca9375
ca5399
ca23be
ca13e1
ca0401
c9f41c
c9f430
ca043a
ca2439
ca542c
ca9413
cae3ed
cb23ba
cb337b
cb232f
caf2d7
caa275
ca5209
ca1197
c9f120
c9f0a6
c9f02c
ca0fb1
ca1f38
ca3ec1
ca5e4e
ca8ddf
cacd77
cb1d17
cb6cbf
cb9c70
cbcc2a
cbdbeb
cbdbb4
cbbb83
cb8b5a
cb5b39
cb0b20
ca9b10
ca2b0c
c9bb15
c95b2b
c8fb52
c8cb89
c8abd3
c8bc2f
c8ec9e
c93d1e
c9adaf
ca4e4d
cb0ef6
cbefa7
ccd05c
cdb111
ce91c0
cf5263
cfe2f5
d04371
d063d3
d03416
cf9438
ce8436
ccf40f
cb03c5
c8d358
c672cd
c41227
c1d16c
bfe0a4
be4fd4
bd1f05
bc7e3c
bc7d82
bd4cdc
bedc53
c13bec
c45bad
c83b98
cccbad
d1ebed
d7ac54
de0cdc
e4fd81
ec6e3b
f43f04
fc4fd4
0460a4
0c816d
147227
1c32cd
239358
2a93c4
31040f
36d436
3bd438
401417
4393d3
465371
4872f5
4a0262
4af1bf
4b5111
4b105d
4a2fa8
489ef6
465e4d
437dae
3ffd1e
3bbc9e
36dc2f
312bd4
2abb8a
23bb52
1c3b2b
145b14
0c5b0c
044b10
fc4b20
f45b39
ec9b5b
e52b84
de0bb4
d78beb
d1bc29
ccac70
c85cbf
c4dd17
c22d78
c01de0
bebe4e
be0ec1
bdef38
be6fb1
bf502c
c090a6
c20120
c3a197
c55209
c70275
c8c2d7
ca732d
cc0377
cd73b3
cea3e1
cf8401
d03415
d0b41e
d1041f
d14418
d1640b
d163f9
d133e2
d0d3c8
d033ab
cf638e
ce7372
cd6359
cc4343
cb0333
c9b326
c8531c
c6d314
c5330e
c38307
c1e301
c062fa
bf12f5
be22f0
bda2ed
bdb2ec
be62ef
bff2f6
c26303
c5b314
ca032c
cf3349
d5636b
dc6391
e443ba
ecb3e5
f5b40f
ff0436
086458
11b472
1ab482
232485
2b0477
320457
381422
3d13d8
40e377
439302
450279
4561e2
44b141
432098
40dfee
3e0f46
3adea4
377e0d
343d83
313d0d
2ebcac
2ccc65
2b8c3a
2b0c2b
2b5c38
2c6c61
2e3ca3
30bcfd
33ed6d
379dee
3b9e7f
3faf1b
438fbc
46d05f
496100
4ae19b
4b222e
4a02b7
476336
4313a9
3d240e
35a463
2c94a8
2234db
16d4fc
0ab50d
fe350e
f1b501
e584e7
da24c1
cff48f
c75452
c0940d
bbf3c1
b9a371
b9b31d
bc22c6
c0e26d
c7d211
d0b1b1
db714e
e7a0e7
f4e07d
02c010
109fa3
1def34
2a1ec5
34ce56
3d7de9
43fd7f
481d1b
49acbf
488c6b
44ac21
3e3be1
354bac
2a3b80
1d8b5e
0f9b47
010b3b
f26b3a
e43b46
d6fb5f
cb3b84
c17bb5
ba2bf2
b5ac3b
b42c90
b5bcef
ba3d57
c18dc7
cb3e3d
d6eeb9
e41f38
f25fba
01003c
0fa0bd
1d913a
2a41b0
354220
3e2286
4492e2
487335
49a37d
4823bb
4413ed
3d8413
34c42c
2a0439
1dd439
10842f
02c41c
f4f402
e7b3e2
db83bf
d0b399
c7c374
c0d350
bc1331
b9b318
b9b306
bc02fc
c0a2f9
c752fc
cfe303
da130c
e57318
f1b325
fe4333
0ad341
16e34f
22335c
2c7367
35836e
3d2372
435371
47f36d
4af366
4c635d
4c5354
4af34c
485345
44d341
40b340
3c4342
37c346
33834c
2fa354
2c835d
2a3365
28d36e
288375
29437a
2b037c
2db37a
311374
350369
39435b
3d934a
41c336
457322
48730d
4a82fb
4b52eb
4ad2e0
48d2dc
4552df
4062ea
39f2fe
32231a
29233e
1f3369
148399
0973cd
fe4402
f34436
e8d464
df348a
d6a4a4
cf54ad
c994a3
c57485
c33452
c2b409
c3f3ab
c6f337
cb72ae
d15213
d86167
e070ae
e95fed
f2bf2b
fc6e6d
061dba
0f8d18
18ac8c
214c1d
296bce
30eba3
37db9f
3e1bc2
439c0c
484c7b
4c2d0b
4f1db8
512e7c
526f4f
52d02c
527108
5131dc
4f22a0
4c234c
4843d8
439441
3e1482
37d49a
30f487
297449
2153e1
18a354
0f82a4
0601d9
fc50fa
f2b010
e96f25
e08e41
d87d6e
d15cb3
cb6c18
c6eba4
c40b5b
c2eb42
c3bb5a
c65ba2
cacc17
d0dcb3
d83d6f
e0de43
ea4f27
f46010
fee0f9
0991d7
1412a3
1e2354
2793e3
30144b
378487
3db496
42a479
465432
48a3c4
49c334
49c288
48b1c5
46e0f3
44601b
418f45
3e6e79
3b3dbe
381d1c
352c96
328c2f
305bea
2eabc7
2d8bc7
2cebe9
2cdc2d
2d4c8f
2e1d0b
2f4d9e
30be41
325eef
33ffa3
359058
37110a
3841b3
393252
39d2e2
3a3362
3a43d1
3a242c
39c476
3924ae
3844d5
3714ec
35a4f5
3404f0
3254e0
30a4c7
2f34a5
2e047c
2d444c
2ce415
2cf3d7
2d7391
2e6341
2fd2e9
31a288
33e220
3691b2
39913f
3cd0c9
40204f
436fd4
464f59
48aedf
4a3e68
4addf7
4a3d8c
485d2a
452cd2
409c85
3aac45
336c12
2aebec
213bd4
167bc8
0aebc7
feebd1
f2bbe4
e6dbfe
db9c1d
d17c41
c8cc67
c1dc8c
bcecb0
ba3ccf
b9fce8
bc1cfa
c0bd04
c7bd07
d0bd04
db9cfe
e7dcf4
f50ce8
02ccdb
107ccd
1dbcbf
29fcb1
34cca4
3d9c99
442c92
482c8e
496c8f
47ec93
43ac9a
3ceca3
33ccac
28bcb4
1c1cbb
0e5cbf
000cc0
f1bcbe
e3fcba
d75cb4
cc4cac
c32ca3
bc5c9a
b82c92
b6ac8b
b7ec86
bbec85
c27c86
cb4c8c
d61c96
e24ca5
ef8cb6
fd4cca
0b0cde
184cf3
248d05
2f5d15
385d1f
3f4d24
43fd21
465d16
465d02
43fce6
3f6cc2
38bc97
302c66
260c32
1a9bfd
0e5bca
01cb9c
f53b76
e91b5d
dddb53
d39b5c
ca9b7a
c2ebaf
bcbbfa
b81c5d
b51cd7
b39d65
b3be05
b52eb3
b7bf6b
bb3029
bf50e5
c3c19c
c83247
cc82e0
d06363
d383ca
d5e411
d73435
d78432
d6b40a
d4f3bd
d2534f
cef2c4
cb0222
c6c170
c270b2
be4ff0
ba8f2f
b79e76
b58dcb
b4bd35
b53cb7
b73c56
babc14
bfabf5
c61bf6
cdec18
d6ec59
e0dcb6
eb8d2a
f69db3
01ce4c
0cceef
173f98
20d042
2960ea
30b18d
367226
3a92b3
3cd332
3d53a2
3c1400
39144e
34948b
2eb4bb
27a4de
1f94f6
16b505
0d550b
03a507
fa04f9
f084e0
e764bb
dec48a
d6a44c
cf1400
c833a5
c1f33b
bc72c2
b7c239
b3e1a3
b0f102
aed059
adafac
ad3eff
ad9e57
aeddb7
b0fd24
b3eca5
b7cc3e
bc7bf6
c1fbcf
c83bce
cf1bf2
d6ac3c
debca8
e76d33
f08dd9
fa0e93
03bf5b
0d502c
16b0fc
1f81c5
27a27f
2eb324
34a3ac
392412
3c1453
3d546c
3cd45b
3a8421
3673c0
30b33b
297298
20d1dd
173111
0cc03c
01cf65
f69e94
eb8dd1
e0dd22
d6ec8e
cdec19
c62bc9
bfab9f
babb9c
b73bc0
b53c09
b4bc75
b58cff
b79da1
ba9e58
be4f1b
c27fe4
c6c0ac
cb016e
cef223
d252c8
d4f358
d6c3d1
d78431
d73476
d5d4a1
d384b3
d064ae
cc8495
c8346b
c3b436
bf53fa
bb33ba
b7b37a
b5233f
b3b30b
b392e1
b502c4
b822b5
bcf2b4
c362c1
cb62db
d4c2ff
df432b
eab35c
f6c390
0323c2
0f63f0
1b2417
260434
2fa444
37b445
3dd436
41f416
43e3e6
4393a5
412355
3ca2f7
36128d
2dc21a
23d19f
18a11f
0c909d
00001b
f37f9b
e76f1f
dc3ea7
d24e36
c9edcc
c36d6a
befd0f
bcacbb
bcac6f
beec2a
c36bec
c9dbb4
d20b83
db9b5a
e64b38
f1bb20
fd7b11
094b0d
14cb15
1fbb2b
29cb52
32ab89
3a2bd3
402c2f
449c9e
478d1f
491daf
495e4d
489ef6
470fa7
44e05c
425111
3f91c0
3cd263
3a22f5
37b371
3583d3
33b416
325438
314436
30a410
3043c5
303358
3042cd
306227
30916c
30b0a4
30bfd4
30af05
308e3c
306d82
304cdc
303c53
305bec
30abad
314b98
324bad
33bbed
358c54
37bcdc
3a3d81
3cee3b
3faf04
425fd4
44e0a4
47016d
489227
4952cd
491358
4793c4
44a40f
402436
3a1438
329417
29b3d3
1fb371
14d2f5
095262
fd71bf
f1b111
e6405d
db9fa8
d1fef6
c9de4d
c36dae
befd1e
bcbc9d
bcac2c
beebcc
c35b7d
c9eb40
d24b15
dc4afb
e77af3
f38afa
000b0f
0c8b30
189b5a
23cb8c
2dcbc4
362c03
3cbc49
412c96
436ce9
435d43
410da1
3c9e03
363e67
2e1ecc
248f32
19df99
0e5000
028067
f6b0ce
eb3134
e05199
d651fd
cd825f
c5e2be
bfa31a
bae372
b793c4
b5c40f
b53452
b5e48d
b774be
b9d4e6
bca501
bfd510
c3250f
c664fd
c974db
cc34a6
ce7461
d0340c
d163a9
d20337
d232b9
d1f22f
d1519b
d060ff
cf405e
cdffbb
ccaf1b
cb5e80
ca3df0
c95d6e
c8ccfd
c87ca2
c86c5f
c86c37
c88c2b
c8ac3b
c8cc67
c90cad
c95d0d
c9bd82
ca2e0b
ca9ea3
cb0f46
cb5ff0
cb909b
cbb142
cbd1e2
cbd278
cbc2ff
cb9377
cb63db
cb142b
cac466
ca848b
ca549c
ca349b
ca148a
ca046d
c9f446
c9f419
c9f3e8
ca13b4
ca5381
caa350
cae326
cb2304
cb32ec
cb22df
cae2dc
caa2e0
ca52eb
ca22fb
ca030d
c9f322
c9f336
ca034b
ca135c
ca336a
ca5374
ca8379
cad37b
cb137a
cb6378
cb9376
cbc374
cbd370
cbd36b
cbb365
cb935e
cb5357
cb0350
ca934b
ca2347
c9b345
c95343
c8f343
c8c345
c8b347
c8b34a
c8e34f
c93353
c9a358
ca435b
cb035d
cbe35f
ccd360
cdb361
ce9361
cf5361
cfe35f
d0435b
d06356
d03352
cf934e
ce834d
ccf34e
cb0352
c8d356
c6735b
c4135e
c1d360
bfe361
be4361
bd2360
bc835f
bc835d
bd435b
bec358
c12353
c4534f
c8534a
cd2347
d2a345
d8c343
df7343
e69345
edf347
f5934b
fd4350
04f357
0c935e
13f365
1b236b
220370
288374
2e9376
341378
39037a
3d737a
415379
44c374
47c36a
4a635c
4c734b
4e0336
4f0321
4f430d
4eb2fa
4d52eb
4ae2e1
4772dc
42c2df
3cd2ea
35a2fe
2d531a
24033e
19d369
0f139a
0403cd
f8e402
edf436
e37464
d9c48a
d124a3
c9f4ad
c464a3
c0b486
bef452
bf2409
c153aa
c58336
cb82ae
d35213
dca167
e740ae
f2efed
ff0f2b
0b3e6d
171dba
223d18
2c4c8c
34ec1d
3bcbce
409ba4
432ba2
435bc9
412c18
3cbc8d
363d22
2e0dd1
246e95
19bf66
0e503c
029111
f6c1dd
eb4298
e0533b
d643c0
cd6421
c5d45b
bfa46c
baf453
b7b412
b5d3ac
b53324
b5c27f
b751c5
b9b0fc
bca02c
bfef5b
c34e93
c67dd9
c97d33
cc1ca8
ce5c3c
d03bf2
d1abce
d29bcf
d32bf6
d33c3f
d2cca5
d1fd24
d0ddb6
cf5e57
cdbeff
cc0fad
ca605a
c8f102
c7c1a3
c6d238
c632c1
c5e33c
c5c3a9
c5e408
c64459
c6d49d
c7c4d2
c8f4f9
ca6512
cc051d
cdb51b
cf550e
d0d4f7
d1f4d6
d2c4aa
d33473
d3142e
d283da
d16377
cfb307
cd8289
caf202
c7f173
c4d0de
c1a047
be8faf
bbaf1b
b93e8c
b75e07
b65d8e
b64d25
b75ccf
b9bc8f
bd5c66
c25c55
c89c5e
d00c80
d88cbb
e1ed0e
ebfd75
f67dee
011e77
0baf0a
15cfa5
1f4045
27d0e5
2f3183
35421b
39a2ab
3c532f
3d23a5
3c140c
393462
34a4a7
2eb4db
2794fc
1f750d
16a50f
0d5501
03b4e7
fa14c0
f0948e
e76452
deb40e
d693c2
cf1371
c8331d
c202c5
bc826c
b7c210
b3e1b1
b0e14e
aed0e8
ad907e
ad3010
adafa2
aeef32
b0fec4
b3ee56
b7bdea
bc6d81
c1fd1c
c83cbb
cf2c62
d6ac13
decbce
e76b94
f08b67
f9fb46
03ab32
0d5b2a
16bb30
1f9b44
27ab65
2ebb94
349bcf
391c15
3c0c63
3d2cb8
3c6d13
39cd72
355dd6
2f3e3f
27ceab
1f2f1b
15bf8d
0ba000
013073
f690e5
ec0155
e1e1c1
d8622a
cfe28e
c882ec
c28345
bde396
ba93de
b8941e
b7b454
b7e481
b8d4a2
ba84b9
bca4c5
bf24c6
c1b4ba
c464a2
c6f47c
c9544b
cb740d
cd33c5
ce8374
cf6319
cfd2b7
cfe24c
cfc1da
cf9161
cf60e1
cf505c
cf5fd4
cf7f4d
cf9ec7
cfbe47
cfcdcf
cfcd5f
cfacfb
cf5ca4
cecc5b
cdcc21
cc6bf7
ca9bdd
c85bd2
c5dbd6
c32be5
c06bff
bdbc20
bb3c47
b91c71
b78c9c
b6bcc5
b6fce9
b87d05
bb6d17
bfed1d
c5fd17
cd7d05
d65ce9
e05cc5
eb3c9c
f6bc71
028c47
0e5c20
19cbff
247be6
2e1bd6
363bd2
3cabdd
411bf7
434c22
432c5e
40acac
3bed09
350d72
2c4de6
222e61
16fee1
0b1f63
ff0fe5
f2f065
e770e1
dcc159
d351ca
cb6234
c55296
c142f2
bf5348
bf7398
c193e2
c5a426
cb6463
d2a496
db24bf
e4b4de
eef4f1
f994f9
0444f4
0eb4e3
18d4c4
225496
2b2456
332405
3a53a2
40932d
45c2aa
49f21b
4d2183
4f70e5
50f045
51bfa5
51bf0a
511e77
4fadee
4d8d75
4aad0e
470cbb
42bc80
3d9c5e
37bc55
310c66
299c8f
217ccf
18ad25
0f6d8e
05ee07
fc4e8c
f2bf1b
e97faf
e0a047
d880de
d15173
cb5202
c6c28a
c3f308
c2e37b
c3c3e1
c6643a
cad485
d0d4c2
d834f1
e0c512
ea3526
f4652d
fef527
09a513
1424f2
1e24c2
278484
300439
3763e1
3d837d
42330f
459296
478215
48518a
4810f8
471060
457fc5
436f2b
410e95
3e7e07
3bcd86
391d15
369cb7
347c6f
32cc3f
318c2b
30bc32
305c57
303c99
304cf5
306d6a
308df3
30ae8e
30bf34
30bfe4
309096
307148
3041f3
302293
304322
30939e
314402
32544d
33c480
35949a
37b49d
3a148e
3cc46e
3f9441
42540b
44f3d0
472393
48a358
495322
4902f5
4772d2
4492bc
4062b4
3aa2b9
3382cc
2af2eb
213313
166343
0ac377
fec3ad
f2b3e0
e6e40e
dbb432
d1944b
c8c456
c1c450
bcd438
ba240f
b9f3d4
bc3389
c0d32d
c7c2c3
d0b24a
db71c4
e7b134
f4f09c
02c000
109f64
1ddecc
2a1e3c
34cdb6
3d8d3d
440cd3
482c77
49ac2c
487bf1
44abc8
3e2bb0
354baa
2a4bb5
1d8bce
0fabf2
010c20
f26c53
e42c89
d6fcbd
cb3ced
c17d15
ba3d34
b5ad47
b42d4c
b5ad44
ba3d2d
c18d0b
cb3cde
d6fca8
e42c6d
f26c30
010bf5
0fabbe
1d8b91
2a4b72
354b63
3e2b67
449b81
486bb2
496bfa
47ac5a
433cd0
3c5d5a
334df6
286e9e
1c3f50
0f2005
01b0ba
f46168
e7b20b
dc029e
d1c31b
c94381
c2d3ca
be93f5
bca401
bcf3ed
bf83bb
c4036c
ca5304
d23285
db51f3
e55153
eff0a9
faeffb
05bf4e
103ea5
1a3e06
237d74
2bfcf2
33bc82
3a9c25
409bdc
45bba9
49eb89
4d2b7b
4f8b7e
510b8e
51cba8
51bbca
510bf1
4f9c1b
4d7c45
4aac6f
471c96
42ccb8
3dacd4
37bce8
30fcf5
298cfc
216cfd
18acfc
0f7cfa
05fcf7
fc4cf5
f2bcf5
e96cf6
e09cf8
d87cfa
d15cfc
cb6cfd
c6dcfb
c3fcf5
c2ece8
c3bcd4
c66cb8
cacc96
d0dc6f
d83c45
e0cc1a
ea4bf0
f46bca
fefba9
099b8f
141b7f
1e2b7b
279b88
301ba8
376bdd
3d8c28
423c8a
458cff
478d87
485e1e
481ebf
471f67
457011
4360ba
40f15c
3e61f4
3bb27d
3912f3
36a354
34839a
32c3c5
3183d2
30b3c1
305393
30334b
3042eb
306279
3091f7
30a16a
30b0d5
30a03c
309fa2
306f09
304e76
303dea
304d67
30acf0
314c85
325c27
33cbd5
358b8f
37bb56
3a2b28
3cdb06
3f9af0
425ae5
44eae5
471af0
48ab08
495b2e
490b61
478ba5
44abf8
406c5b
3aaccd
337d4e
2afddb
213e73
166f15
0adfbd
fed068
f2b111
e6e1b4
dbb24d
d182d6
c8c34a
c1c3a7
bcd3e7
ba340a
b9f40b
bc23ec
c0c3ab
c7b34a
d0b2cb
db8234
e7c18a
f4f0d1
02c010
108f4e
1dce91
2a0dde
34cd3c
3d9cb1
441c43
481bf6
496bce
47fbcb
43cbef
3cfc36
33cc9d
28ad20
1bfdb9
0e4e64
000f1b
f1cfd7
e41094
d7614d
cc41fb
c3129b
bc3329
b813a2
b6c402
b8644a
bcc479
c3a491
ccc495
d7a489
e3d470
f0e44e
fe5425
0ba3fa
1863ce
2413a3
2e437b
36b358
3d333b
417324
439314
43830a
415305
3d2303
371304
2f6306
264308
1c030a
11130b
05c30b
fa6309
ef5307
e4d304
daf302
d1f304
c9d30b
c2c318
bcb32d
b7c348
b4036a
b15391
afc3bb
af43e5
afb40f
b0f436
b2f458
b59472
b8b482
bc4485
c04477
c4a457
c96423
ce93d8
d42377
da0301
e02279
e671e2
ecd141
f33099
f9afee
000f46
066ea4
0cde0c
133d83
199d0d
1fecac
260c65
2bec3a
317c2b
36ac38
3b6c61
3fcca3
43ccfd
475d6d
4a7def
4d1e7f
4f1f1b
506fbc
50d05f
504100
4eb19b
4c022e
4832b7
434336
3d43a9
36340d
2e2463
2514a7
1b34db
10a4fc
05950d
fa450e
eef501
e404e7
d9d4c0
d0b48e
c8f452
c2d40d
bea3c1
bc7371
bc731d
be92c6
c2e26d
c95211
d1c1b1
dbf14e
e790e7
f4507d
01b010
0f3fa3
1c4f34
287ec5
334e56
3c4de9
432d80
47ad1c
496cbf
487c6b
44ac21
3e3be1
354bac
2a3b80
1d8b5e
0f9b47
010b3b
f26b3a
e43b46
d6fb5e
cb3b84
c17bb5
ba2bf3
b5ac3b
b42c8c
b5ace7
ba3d49
c18db4
cb3e26
d6ee9f
e42f1f
f26fa4
01002c
0fa0b3
1d8139
2a41b9
354231
3e22a0
44a304
48635d
4963a9
47a3e7
433416
3c5436
334445
287444
1c3434
0f2418
01b3f0
f463c2
e7a38f
dc035c
d1c32b
c952ff
c2e2da
bea2c1
bca2b4
bcf2b5
bf72c4
c402e1
ca530b
d2333f
db537a
e563ba
eff3fa
fad437
05b46c
103495
1a34ae
2384b3
2c04a1
33a476
3a5431
4013d2
44d359
48b2c8
4bb223
4df16d
4f70ab
506fe3
50bf1b
506e58
4f8da2
4dfcff
4bbc75
48ac09
44cbbf
400b9b
3a5b9f
33bbc9
2c1c1a
239c8e
1a3d22
102dd0
05ae93
fadf64
eff03c
e56112
db61df
d24299
ca533b
c3f3bf
bf641f
bd045a
bce46e
bf245a
c3b41f
ca83bf
d3333b
dd9299
e941df
f5c112
02c03c
0fbf64
1c4e93
27fdd0
324d22
3acc8e
413c1a
453bc9
468b9f
453b9b
413bbf
3adc09
324c75
27ecff
1c4da2
0fbe58
02cf1b
f5cfe3
e940ac
dd916d
d33223
ca82c8
c3b359
bf03d3
bca435
bc847e
bea4ae
c2d4c5
c8f4c5
d0b4af
d9d487
e4044e
eef40b
fa43c3
05937b
10b337
1b32fa
2512c9
2e12a5
36328e
3d4286
43528d
4842a4
4c12c8
4eb2fa
504337
50c37c
5053c4
4f140b
4d144d
4a8485
4754af
43c4c5
3fb4c6
3b54af
36a47d
31a431
2c63ca
26e34b
2112b5
1b120c
14d154
0e6093
07cfce
010f0a
fa3e4e
f34da0
ec5d06
e56c85
de9c22
d80be1
d1bbc3
cbbbca
c64bf6
c14c44
bcfcb2
b94d3c
b66ddd
b44e8f
b30f4d
b2a010
b310d2
b4618b
b67235
b942cb
bce349
c133aa
c633eb
cbb40b
d1b40a
d813e8
dea3a7
e5634a
ec42d5
f3224c
fa21b4
010111
07e068
0e8fbe
14ff15
1b1e73
210dda
26cd4d
2c5ccd
31dc5b
371bf8
3c2ba5
40eb62
452b2e
48eb08
4bfaf0
4e6ae4
501ae5
50faf0
50eb07
4fdb29
4dbb56
4a7b8f
462bd4
40dc26
3a9c85
337cf1
2b8d68
22edea
19be76
0fff09
05efa1
fbb03b
f1b0d5
e8016a
df01f8
d6d279
cfd2eb
ca234a
c60392
c373c0
c2b3d2
c3a3c6
c6639b
cad354
d0d2f3
d8227c
e0b1f3
ea315b
f460ba
fef012
09af68
142ec0
1e2e1e
278d86
300cfe
377c89
3dbc28
42bbde
466ba9
48bb89
49cb7b
49bb7e
48ab8d
46dba8
446bca
419bf2
3e7c1c
3b4c46
381c6f
351c95
326cb7
305cd4
2eccec
2dfcfe
2dbd0a
2e0d11
2ebd14
2fbd13
30ed0f
322d0b
336d06
34ad00
35bcfa
369cf3
374cec
37ace3
37ccd9
37acce
375cc0
36ecb0
366c9c
35dc86
354c6d
34cc52
346c37
341c1e
340c06
341bf2
346be3
34cbdb
354bdb
35dbe6
366bfe
36ec26
375c5e
37aca8
37cd01
37ad69
374dde
369e5d
35bee4
34af70
336000
322090
30e11c
2fb1a3
2eb222
2e0296
2dc2fe
2df359
2ea3a5
2fe3e2
31a40f
33e42d
36943d
39943f
3cd437
402425
43640b
4653ed
48b3cb
4a43a7
4ad383
4a3361
485342
452328
409314
3ab306
3372fe
2ae2fa
2132fc
166301
0ad30a
fed316
f2b325
e6e334
dbb343
d18351
c8c35c
c1c365
bcd36c
ba4372
ba2375
bca376
c19375
c8d371
d2236b
dd1364
e9435d
f65356
03c350
11234c
1de348
299345
33b343
3bf343
420344
45b346
46e34a
45a34f
41f354
3be358
33b35b
29a35d
1df35e
11235f
03c361
f64362
e93361
dd035f
d2235b
c8e356
c1a351
bc934d
b9f34d
b9b34f
bbf353
c09357
c7535b
cff35e
da235f
e58360
f1b361
fe3361
0ac361
16d35f
22335b
2c8356
359351
3d334e
43534d
47e34f
4ae352
4c6357
4c535b
4af35e
486360
44e361
40b361
3c4361
37b360
33735e
2fa35b
2c9356
2a4352
28e34e
28834d
29434e
2af352
2da357
31135b
35035e
395360
3da361
41c361
457361
486360
4a735e
4b535b
4ad357
48e352
45634e
40634d
39e34e
321351
291356
1f335b
14935f
098361
fe5361
f34361
e8c360
df135f
d6835e
cf535b
c9a357
c59353
c3334f
c2734d
c3634e
c60351
ca3356
cfd35b
d6d35f
def361
e80362
f1b361
fbb360
05e35e
0ff35d
19b35b
22f358
2b8354
33634f
3a534a
405347
455344
495343
4c4343
4e4345
4f6348
4fa34b
4f1350
4dd357
4be35e
495365
46336b
427370
3e4374
398377
345378
2ea37a
28837a
220379
1b2374
13f36a
0c935d
04f34b
fd4336
f5a321
ee030d
e692fa
df72eb
d8b2e1
d292dc
cd22df
c892ec
c4d304
c20325
bff350
beb381
be13b4
be03e8
be741a
bf5446
c0746c
c1e489
c3949a
c5549c
c7248c
c8e467
ca842c
cc03db
cd5376
ce82ff
cf7278
d031e2
d0c142
d1209b
d15ff0
d16f46
d15ea3
d11e0a
d0cd82
d03d0d
cf8cae
ce8c67
cd6c3b
cc0c2b
ca8c37
c8dc5f
c71ca2
c55cfd
c39d6e
c1fdf1
c08e81
bf5f1b
be7fbb
be005d
be10fe
beb19b
c0022f
c202b9
c4e336
c893a5
cd2405
d28454
d8b494
df74c4
e6a4e5
ee14f6
f5a4fa
fd44f1
04f4dd
0c84be
13f495
1b2463
221427
2893e4
2e9399
341348
3902f1
3d6295
415233
44c1ca
47d15a
4a60e3
4c8066
4e0fe5
4eff62
4f3edf
4ebe60
4d5de6
4aed74
477d0a
42ccac
3cdc5b
35ac19
2d5be9
240bc9
19dbbb
0f1bbd
040bcd
f8ebe9
edfc10
e37c3d
d9cc70
d13ca3
c9fcd5
c46d02
c0ad26
beed40
bf5d4c
c1cd4b
c65d3b
ccbd1e
d4ccf5
de4cc1
e8ec86
f44c46
000c06
0bcbc9
172b94
21cb6b
2b4b52
335b4d
39cb5f
3e4b8b
40bbd2
412c36
3f6cb5
3bad4b
361df4
2edead
264f6e
1c9033
1210f6
0721b1
fc025f
f0f2fa
e6337b
dc13de
d2b420
ca543e
c2f439
bcd412
b7d3c9
b40361
b152dc
afc23e
af418b
afb0c9
b0f000
b2ff37
b59e75
b8bdc3
bc4d24
c04c9f
c4ac37
c96bef
ce9bca
d42bca
da0bee
e02c35
e67c9d
ecdd20
f33dba
f9ae65
000f1b
066fd6
0cd093
13414c
1991fb
1fe29c
26032a
2be3a2
317402
36a449
3b6477
3fc490
43c495
47548a
4a7471
4d144f
4f1425
5063f9
50d3cc
5043a1
4eb37b
4c0359
48333c
434324
3d4311
363302
2e22f7
2512f0
1b32ec
10a2ec
0592ef
fa32f4
eef2fa
e41301
d9e308
d0b30e
c8f314
c2d31c
be9326
bc8332
bca343
bf1359
c3c372
ca838e
d333ab
dd93c8
e933e2
f5b3f9
02c40b
0fc419
1c541f
27f41f
324415
3ac401
4123e1
4533b4
46c37b
45b335
4212e3
3c0286
33b220
2981b0
1dd139
1110bc
03c03c
f65fba
e95f38
dd1eb9
d22e3d
c8ddc7
c19d57
bc9cef
ba2c90
ba4c3b
bcebf2
c1cbb5
c8cb84
d18b5f
dbbb47
e6db3b
f2bb3b
fedb46
0adb5d
166b7f
213bac
2afbe2
337c22
3abc6c
409cbf
452d1b
485d7f
4a3de9
4ade56
4a4ec5
48bf35
465fa3
436010
40207c
3cc0e5
39914d
3691b1
33f212
31b26e
2fd2c6
2e631a
2d736a
2ce3b5
2cd3fb
2d443c
2e1476
2f44a8
30b4d2
3254f1
340505
35a50b
371503
3844eb
3934c1
39d484
3a2435
3a43d4
3a2362
39c2e1
392250
3841b3
37110b
35a05a
340fa4
325eef
30ae40
2f3d9c
2e0d0a
2d4c8f
2cec2e
2cfbeb
2d7bc8
2e6bc7
2fdbe8
31ac2d
33ec95
369d1c
399dbf
3cde7a
402f46
43601b
4640f2
48a1c3
4a3287
4ad334
4a43c5
486433
45147a
406496
3a2486
329449
29b3e2
1fb354
14d2a4
0951d8
fd80fa
f1b010
e64f25
db9e42
d1fd6e
c9dcb3
c36c18
befba3
bcbb5b
bcab42
beeb5a
c35ba2
c9ec17
d24cb3
dc4d6f
e77e43
f38f26
000010
0c80f9
1891d7
23c2a3
2dc354
3623e3
3ca44a
412487
436496
436479
411432
3ca3c4
363334
2e1287
2471c4
19c0f3
0e501b
029f45
f6ce79
eb4dbf
e05d1c
d64c95
cd6c2e
c5ebea
bfebca
bb7bce
b88bf6
b6fc3f
b6bca5
b77d24
b90db6
bb2e56
bdbeff
c07fad
c3305a
c5e102
c851a3
ca8239
cc52c1
cdc33b
cef3a5
cfe400
d0944c
d1048a
d144bb
d144df
d114f8
d0c506
d0650b
cff506
cf84f7
cf24de
cec4bb
ce448b
cdb44d
ccf401
cc03a5
caf33a
c9b2c0
c85238
c6d1a3
c53103
c3905b
c1ffae
c06eff
bf1e55
be1db5
bd9d23
bdbca5
be7c40
c00bf7
c26bcf
c5bbca
c9fbe9
cf3c2d
d55c94
dc6d1c
e44dc0
ecce7b
f5bf46
ff001b
0850f2
11a1c3
1aa286
232334
2b03c5
321434
38147a
3d1496
40e486
438449
44f3e2
456354
44b2a4
4331d9
40e0fa
3e0010
3acf25
377e42
343d6e
313cb3
2ebc18
2cdba3
2b9b5b
2b0b42
2b4b5a
2c5ba2
2e2c17
30bcb3
33ed6f
379e43
3b9f26
3fa010
4370f9
46c1d8
4952a3
4ae354
4b33e3
4a144a
476488
43149a
3d2481
35943f
2c83d7
22334c
16d2a1
0ab1de
fe3109
f1b02c
e58f4e
da2e7a
cffdb7
c75d0b
c09c7d
bbfc0e
b9abc2
b9bb9b
bc2b9a
c0dbbf
c7cc09
d0bc75
db7cff
e7ada2
f4ee58
02cf1b
109fe3
1dd0ab
2a116d
34c223
3d82c9
440359
4823d3
49a435
48747d
44a4ad
3e24c5
3544c5
2a44b0
1d8487
0fa44f
01040b
f263c3
e4237a
d6e336
cb32fa
c182ca
ba32a5
b5a28f
b42286
b5a28d
ba32a3
c172c8
cb32fa
d6f338
e4337d
f263c5
01040b
0f944d
1d8484
2a34ae
3544c5
3e34c7
44a4b0
48647e
496431
47a3c9
433349
3c52b4
33420c
287155
1c4094
0f3fcf
01bf0a
f46e4d
e7ad9f
dbfd05
d1cc85
c95c24
c2ebe2
beabc3
bcabc7
bcfbed
bf7c35
c3fc9e
ca5d24
d23dc4
db5e77
e56f38
eff000
fad0c8
05a189
10323c
1a32dc
238362
2c13cb
33a412
3a5436
400435
44d410
48a3c9
4bb363
4df2e1
4f8248
50619d
50b0e5
506028
4f8f6a
4dfeb2
4bbe05
48ad66
44ccd8
400c5e
3a5bfa
33bbae
2c1b79
238b5c
1a3b53
102b5e
05ab77
fadb9d
effbca
e56bfd
db6c32
d24c66
ca5c97
c3fcc3
bf6ce7
bd0d03
bced16
bf2d20
c3bd23
ca8d1f
d33d15
dd9d06
e94cf4
f5ccdf
02ccca
0fbcb5
1c4ca4
27fc96
324c8c
3acc87
413c85
454c87
46cc8b
45bc92
420c9a
3bfca3
33bcac
299cb5
1decbb
112cbf
03ccc0
f65cbe
e94cba
dd0cb4
d22cac
c8eca4
c1ac9b
bc9c94
b9fc8f
b9cc8d
bc0c91
c09c98
c75ca4
cffcb2
da2cc0
e58cce
f1bcdb
fe3ce7
0accf3
16ecfd
223d04
2c8d08
359d05
3d3cfb
435ce8
47ecce
4aecaf
4c6c8b
4c5c67
4afc42
486c1f
44ebff
40bbe4
3c4bd0
37bbc6
337bc6
2fabd4
2c8bee
2a4c14
28ec46
288c83
294cca
2b0d1d
2dad79
311de0
350e50
395ec8
3daf44
41cfc4
457045
4860c6
4a7146
4b51c3
4ad23a
48e2aa
456311
40636d
39e3bc
321400
291438
1f3465
149488
0984a1
fe54b0
f344b5
e8c4b0
df14a1
d68488
cf5465
c9a438
c59400
c333bd
c27370
c36318
c602b7
ca324d
cfd1da
d6d161
def0e1
e8005c
f1bfd4
fbbf4c
05eec7
0ffe47
19bdcf
22fd60
2b8cfc
336ca3
3a5c57
405c19
455be9
495bca
4c4bbb
4e4bbc
4f5bcc
4f9be9
4f1c10
4ddc3d
4bec70
495ca3
463cd5
427d02
3e4d26
399d3f
348d49
2f2d43
295d2e
233d0b
1cacde
15aca7
0e3c6c
066c30
fe5bf5
f62bbf
ee0b92
e60b72
de6b63
d73b67
d0ab81
cacbb2
c5bbfa
c19c5a
be9cd0
bc9d5a
bbbdf6
bbde9e
bcdf50
be9005
c100ba
c3d168
c7020b
ca329e
cd531b
d02381
d263ca
d403f5
d4c401
d4b3ed
d3b3bb
d1e36c
cf5304
cc2285
c861f3
c47153
c060a9
bc9ffb
b94f4d
b6bea5
b52e06
b4dd74
b5fcf2
b8ac82
bcfc25
c2ebdc
ca7ba8
d37b89
dddb7b
e93b7e
f55b8e
01dba9
0e5bca
1a8bf1
25ec1a
301c45
38bc6f
3f7c96
441cb8
465cd4
461ce8
437cf5
3e6cfb
372cfd
2decfc
230cfa
16dcf8
09ccf6
fc4cf5
eeecf5
e22cf7
d67cf9
cc5cfc
c41cfe
be0cfc
ba6cf5
b94ce8
baccd3
bedcb7
c53c95
cdcc6f
d81c46
e3cc1b
f05bf1
fd4bca
0a4ba8
16cb8d
226b7e
2cdb7b
359b89
3c5ba9
40fbdd
432c25
430c81
409cf1
3c1d73
35be06
2ddea6
24bf4f
1aaffc
1010a9
053152
fa51f2
efd284
e5d304
dc836e
d403bd
cc53ed
c573fd
bf83ec
ba63bb
b6236d
b2e304
b07285
aef1f3
ae4153
ae50a9
af1ffb
b07f4d
b29ea5
b56e06
b8fd75
bd4cf3
c26c82
c85c22
cf1bd6
d68b9c
deab76
e76b64
f09b64
fa1b74
03bb92
0d5bba
16abe8
1f7c1a
279c4d
2ebc7f
34acaf
392cd9
3c0cfb
3d2d14
3c5d22
39bd26
354d21
2f3d15
27cd04
1f3cf1
15ccdd
0bacca
012cb7
f68ca5
ebfc97
e1ec8c
d87c86
cffc84
c89c86
c28c8b
bdec92
ba9c9b
b89ca4
b7bcac
b7ecb4
b8ecba
ba8cbf
bcacc0
bf1cbf
c1bcbb
c46cb4
c6fcac
c95ca3
cb7c9a
cd4c92
cecc8b
cfdc86
d09c84
d11c86
d14c8c
d13c97
d10ca5
d0bcb6
d06cca
cffcde
cf9cf2
cf2d05
cecd15
ce4d20
cdad25
ccfd22
cc0d14
cafcfb
c9bcd9
c85caf
c6dc7f
c53c4d
c39c19
c1fbe8
c06bba
bf1b92
be2b75
bd9b64
bdbb64
be7b76
c00b9c
c26bd5
c5bc22
c9fc82
cf3cf3
d55d75
dc6e06
e44ea4
eccf4d
f5bffb
ff00a9
085153
11a1f3
1aa285
232304
2b136c
3213bb
3803ec
3cd3fd
4063ee
42b3bd
43d36e
43e304
431283
4191f1
3f8152
3cf0a9
3a3ffc
376f4f
34bea6
324e06
304d73
2edcf0
2e1c80
2dfc25
2e9bdd
2fcbaa
318b8a
33bb7b
363b7d
38eb8d
3b8ba7
3e0bca
402bf2
41bc1c
42bc46
42ec6f
423c95
409cb7
3decd3
3a2ce8
355cf6
2f8cfd
28ecfe
21acfc
19ecf9
11ecf6
09ccf5
01bcf5
f9ccf7
f1fcf9
ea8cfb
e36cfc
dcccfc
d69cfa
d0ecf5
cbbcec
c70cdc
c2acc6
becca9
bb4c85
b83c5d
b59c32
b38c06
b20bdb
b11bb3
b0db91
b15b78
b2bb6b
b51b6f
b89b87
bd3bb6
c2fbfe
c9ec5f
d1fcd7
dafd65
e4de05
ef6eb3
fa7f6b
05c028
1110e5
1c019d
263248
2f62e1
371363
3d23ca
416410
439435
439436
417412
3d23cb
36b362
2e42dc
24123c
186189
0ba0c8
fe5000
f0ef38
e3ce77
d79dc4
cccd24
c3bc9e
bcdc35
b86bee
b6abca
b7abcb
bb6bf0
c1ec36
cacc9d
d5cd1f
e28db8
f06e63
ff0f1b
0dbfd8
1be095
29214d
34d1fb
3e829b
45d329
4a63a1
4c2402
4ae44a
46b479
3fc491
364495
2ab489
1d746f
0f044d
000425
f103fa
e293ce
d553a3
c9c37b
c05357
b9533a
b51324
b3b314
b5230b
b96305
c05304
c9c304
d54305
e28308
f0f30a
00030b
0f130b
1d830a
2ac307
364304
3fb302
46a304
4ae30a
4c5318
4af32d
46b349
3fc36a
364391
2ab3bb
1d73e5
0f040f
000436
f10458
e29472
d55482
c9c485
c04477
b95457
b52422
b3e3d8
b5a377
ba4301
c18279
cb31e2
d6e141
e41099
f25fee
010f46
0faea4
1d9e0c
2a4d83
354d0d
3e2cac
449c65
487c3a
49ac2b
482c38
441c61
3d8ca3
34ccfd
2a0d6d
1dddef
108e7f
02cf1b
f4ffbc
e7b05f
db8100
d0b19b
c7b22e
c0d2b7
bc2336
b9f3a9
ba340d
bcd463
c1c4a7
c8c4db
d184fc
dbb50d
e6e50f
f2b501
fed4e7
0ad4c0
16648e
213452
2af40d
3383c2
3aa371
40631d
44a2c6
47726c
490210
4951b1
48a14e
4720e7
44f07d
425010
3f9fa2
3ccf33
3a1ec4
37be56
359dea
33cd80
324d1b
311cbb
302c63
2f7c13
2f0bce
2ecb94
2edb66
2f0b45
2f5b31
2fab2a
301b31
307b45
30eb66
314b94
31cbce
326c14
332c63
340cbb
351d1b
365d80
37bdea
393e56
3adec4
3c8f33
3e2fa2
3fa010
40f07d
41e0e7
42614e
4251b1
419210
40126d
3da2c6
3a531d
361371
30d3c1
2aa40d
23a452
1bc48f
1354c1
0a54e7
010501
f7a50e
ee650c
e564fc
dce4db
d504a8
ce0463
c7f40d
c2f3a5
bf232e
bc82aa
bb021b
baa183
bb50e6
bce046
bf3fa6
c20f0a
c53e76
c89ded
cbdd74
cedd0e
d15cbd
d34c82
d47c5f
d4cc53
d44c5e
d2ec82
d0bcbc
cded0e
ca8d74
c6dded
c30e76
bf5f0a
bbffa6
b92046
b720e6
b63183
b6621b
b802aa
bb232e
bfe3a5
c6240c
cde463
d6d4a8
e0d4db
eb84fc
f6950d
01c50f
0cc501
1734e7
20d4c0
29748e
30b452
36740e
3a83c3
3ce371
3d931a
3c92bf
39f260
35c1fe
303199
294134
2120cd
181067
0e5000
044f99
fa0f32
f00ecc
e65e67
dd3e02
d49da0
ccad41
c57ce6
bf2c8f
b9dc3d
b58bf2
b25bae
b04b72
af3b40
af2b19
affaff
b19af1
b3faf3
b72b04
baeb25
bf3b59
c3fb9d
c8fbf4
ce3c5b
d3acd1
d93d56
defde5
e4fe7d
eb2f1b
f19fbb
f8305a
ff00f6
05d18a
0cc212
13b28b
1aa2f2
217344
28037f
2e43a2
3413ab
39539b
3df371
41f331
4542db
480272
4a21f9
4b9174
4c50e5
4c6051
4bafba
4a1f22
47ce8d
44bdfe
40ed76
3c4cf9
370c89
311c27
2a9bd3
239b8e
1c3b56
147b2a
0c7b08
046af1
fc4ae5
f44ae3
ec7aee
e50b07
de0b2e
d7ab63
d1dba6
ccbbf8
c83c57
c46cc5
c14d40
beddc8
bd4e5d
bc7efd
bc6fa6
bd0053
be4101
bff1aa
c1f24a
c422dc
c6735b
c8b3c1
caf409
ccf430
cec432
d0240e
d123c5
d1a358
d1c2cd
d17227
d0d16c
cfe0a4
cecfd4
cd7f05
cc0e3c
ca9d81
c93cdc
c80c54
c71bed
c66bac
c60b94
c5fba5
c63be0
c6dc41
c7ccc5
c8fd67
ca6e22
cc0eee
cdbfc4
cf509b
d0d16d
d1f230
d2c2de
d32372
d313e6
d29437
d1a461
d03465
ce5441
cc13f7
c9738b
c67301
c3325e
bfe1a8
bca0e5
b9b01d
b75f54
b5ce92
b53ddd
b5dd38
b7bca7
baec2d
bf7bcb
c55b82
cc9b52
d52b3b
dedb3b
e99b51
f52b79
013bb2
0d5bf5
193c3d
246c85
2e8cc9
374d06
3e3d37
432d5b
45dd72
461d7a
43ed73
3f4d5c
385d38
2f5d06
247cc9
184c84
0b0c3c
fd4bf5
ef8bb3
e24b7b
d60b51
cb4b3b
c27b3a
bbeb51
b7eb83
b6abcf
b81c36
bc5cb5
c32d4b
cc4df4
d75eac
e40f6d
f1c032
0000f6
0e41b2
1c0260
28a2fa
33c37b
3cf3de
43c41f
47f43d
494436
47b40a
4353bc
3c634e
3342c4
286224
1c2171
0f20b3
01bff0
f46f2e
e7be75
dc0dca
d1cd35
c94cb8
c2dc57
be8c15
bc7bf2
bc8bef
bebc0c
c2ec47
c8fc9f
d0ad12
d9cd9b
e3fe36
eefedf
fa5f8f
05a041
10b0f2
1b319d
25123f
2e12d4
36235b
3d43d1
435434
484484
4c14c1
4eb4eb
504503
50c50b
505504
4f14f1
4d14d2
4a84a8
475476
43c43c
3fc3fb
3b53b5
36936a
31731a
2be2c6
26126e
1ff212
1991b1
13314d
0cc0e6
06607c
000010
f9afa3
f34f34
ecdec5
e67e56
e02de9
d9fd7f
d40d1b
ce6cbf
c90c6b
c3ec21
bf3be1
baebac
b72b80
b3fb5e
b19b47
affb3b
af2b3a
af4b46
b04b5e
b25b84
b58bb5
b9cbf3
bf3c3b
c5bc8c
cd2ce7
d57d49
de6db4
e7de26
f1ae9f
fbaf1f
059fa4
0f602c
18b0b3
213138
28c1b9
2f2231
3432a1
37e305
3a135c
3ad3a5
3a23df
37f409
344423
2f242e
28b42a
21241b
18a401
0f63e0
05a3b9
fbb38f
f1b364
e7d33b
de5317
d552fb
cd12e9
c5b2e3
bf42e9
b9e2fb
b59317
b2533b
b03364
af238f
af13b9
aff3e0
b1a401
b4141a
b7342a
bae42e
bf2423
c3d409
c8e3de
ce63a2
d42354
da12f7
e0328e
e6721a
ecc19f
f3211f
f9909d
00001b
067f9b
0cef1f
134ea7
199e36
1fddcc
25fd6a
2bed0e
31acb8
372c68
3c4c1e
40fbda
452b9d
48db6a
4bfb41
4e6b22
501b0f
50fb08
50fb0c
4fdb1d
4dbb3c
4a7b6a
462baa
40dbfb
3a9c5e
337cd3
2b8d56
22ede5
19be7d
0fff1b
05efbb
fbb05a
f1b0f6
e8018a
def212
d6d28b
cfd2f2
ca3344
c6037f
c363a2
c273ab
c3339b
c59372
c9a331
cf52db
d68272
df11f9
e8c174
f340e5
fe5051
098fba
149f22
1f3e8d
292dfe
321d76
39dcf9
402c89
44fc27
481bd3
49bb8e
49db56
48cb29
46cb08
440af1
40bae5
3d2ae4
395aef
35ab08
322b2e
2f3b62
2d0ba6
2bcbf9
2b7c5b
2c2ccc
2dbd4d
2ffdda
32be73
35cf16
38ffbe
3c2068
3f0111
4181b4
43524c
4452d5
44534a
4353a8
4153e9
3e640a
3a9408
35d3e3
30539c
2a1336
2312b4
1b821b
138171
0b30bc
02c000
fa5f44
f20e8f
ea0de5
e26d4c
db3cca
d48c64
ce7c1c
c90bf5
c43bef
c01c0b
bc9c46
b9bc9f
b77d12
b5ed9c
b4fe37
b4bedf
b51f8e
b60041
b790f2
b9b19d
bc723f
bff2d4
c4335b
c933d1
cf0434
d57484
dc74c1
e3d4eb
eb9504
f3850c
fba505
03c4f1
0bd4d1
13a4a8
1b1475
22043c
2863fc
2e23b5
335369
37d317
3bb2be
3ed261
4131fe
42c199
439133
4390cc
42f066
41c000
402f9a
3e2f34
3bfecd
399e67
373e02
350da0
331d42
318ce9
307c97
2fdc4a
2f9c04
2fcbc4
302b8b
30cb59
317b2f
325b0f
333afb
342af4
350afc
35cb15
366b40
36db7c
372bcb
375c2c
375c9d
374d1f
371daf
36be4d
365ef5
35efa7
35705c
350111
34b1c0
347263
3452f5
343371
3433d3
344416
347437
34a436
34f410
3543c5
358358
35b2cd
35d226
35f16c
3600a4
361fd4
361f05
361e3c
35fd82
35bcdc
356c53
352bec
34ebad
34db98
34ebae
352bed
356c54
35bcdc
35ed81
360e3b
361f04
361fd4
3600a5
35f16d
35d227
35b2cd
358358
3533c4
34f40f
34a436
347438
345417
3443d4
343371
3452f4
347262
34b1bf
350111
35705d
35efa8
365ef7
36be4d
370dae
373d1d
376c9d
378c2f
37abd4
37bb8a
379b52
374b2b
36ab14
35cb0b
34ab10
336b20
322b39
30db5b
2fbb84
2ebbb4
2e0bea
2dcc29
2dfc6f
2eccbf
304d17
326d78
350de0
381e4e
3b4ec1
3e8f37
419fb0
44602c
46d0a7
48a121
49b198
49c209
48b274
4662d6
42b32e
3db37b
3773bb
3003ee
278414
1e242c
142438
09a438
ff042e
f4641c
ea3402
e0b3e3
d823bf
d0d399
cad373
c67350
c3b331
c2b318
c37306
c5f2fc
ca22f9
cfd2fc
d6e302
df030c
e80318
f1b325
fbb333
05e341
0ff34f
19b35c
22f367
2b836e
337372
3a9371
40d36d
462366
4a735d
4db354
4fd34c
50e345
50f341
501340
4e6341
4bf346
48e34c
452354
40e35d
3c2365
37136d
31d371
2c5372
26c36f
210367
1b135c
14f34f
0e8341
07e333
010325
fa2318
f3230c
ec4303
e562fc
dea2f9
d812fc
d1c305
cbb314
c6232a
c13344
bce362
b94383
b673a6
b463c9
b313ec
b2a40b
b30426
b44439
b66441
b9443d
bcf42c
c1440d
c643e2
cbb3a9
d1b362
d8030d
de92aa
e5623a
ec51bc
f34134
fa30a5
010010
07df7b
0e7ee7
14ee56
1b1dce
211d4f
26dcdf
2c6c7f
31dc33
370bfb
3c1bd6
40dbc4
452bc2
48fbce
4c1be6
4e8c08
501c31
50ec5d
50cc8b
4fbcb6
4dbcdc
4a8cfb
464d12
40dd20
3a5d24
32ed20
2a9d12
21acfb
183cdc
0e6cb6
046c8b
fa6c5d
f0ac31
e76c08
dedbe6
d74bce
d0ebc2
cbcbc4
c81bd6
c5fbfb
c55c33
c65c7f
c8ecdf
ccfd4f
d25dce
d8fe57
e08ee7
e8df7b
f1b010
fae0a4
045134
0dd1bc
17323a
2032ab
28b30e
308361
3773a5
3d93da
42c400
472419
4aa425
4d7427
4f941f
51040f
51b3fa
51c3e1
5103c7
4f83ad
4d2393
49e37b
45b365
408351
3a5340
333331
2b3326
22531c
18d314
0eb30d
043307
f98301
eef2fa
e4c2f5
db32f0
d2a2ed
cb62ec
c592ef
c182f6
bf6303
bf5314
c1432c
c56349
cb736b
d35391
dcb3ba
e763e4
f2f40e
ff0436
0b2458
170473
223483
2c4485
34f477
3bd457
40a423
4323db
43537f
41130f
3ca28d
3631fa
2e015a
2460b2
19c004
0e5f57
029eae
f6ce0e
eb4d7c
e05cfc
d64c93
cd6c44
c5ec13
bfec03
bb7c13
b88c44
b6fc93
b6bcfc
b77d7c
b90e0e
bb2eae
bdbf57
c06004
c330b2
c5e15a
c851fa
ca828d
cc530f
cdc37f
cec3db
cf6423
cfb457
cfd477
cfc485
cfa482
cf8473
cf6458
cf5436
cf640f
cf73e5
cfa3ba
cfc391
cfd36b
cfc349
cf632d
cec318
cdb30a
cc5304
ca8302
c85304
c5e307
c3330a
c0630b
bdb30b
bb230a
b90308
b77305
b6b304
b6f304
b88305
bb730b
bfe314
c5e324
cd633a
d64358
e0537b
eb43a3
f6c3ce
0293fa
0e5425
19c44e
247470
2e0489
363495
3ca491
411479
43644a
436402
4123a2
3ca329
36229b
2dc1fb
23d14c
18a094
0c8fd7
000f1b
f38e64
e76db9
dc3d20
d24c9d
c9ec36
c36bef
beebcb
bcabce
bcabf6
befc43
c36cb1
c9dd3c
d20ddd
db9e90
e64f4e
f1b010
fd70d1
09418a
14c235
1fb2cb
29c349
32a3aa
3a23eb
40240b
44940a
4783e8
4903a7
49534a
4892d6
47124c
44e1b4
425111
3f9068
3cdfbe
3a2f16
37be73
359dda
33cd4d
324cce
311c5e
302c00
2f7bb3
2f0b75
2ecb45
2ecb22
2efb09
2f4afb
2faaf5
301af9
308b08
30eb21
314b45
31cb76
325bb4
332c00
343c5b
359cc5
372d3f
38edc7
3abe5d
3c7efe
3e2fa6
3f9053
40b101
4191aa
41f24a
41f2dc
41535b
4013c1
3e0409
3b3431
377436
32e416
2d73d2
27536b
2092e4
197241
120186
0a60ba
02cfe5
fb1f0e
f38e3d
ec1d7a
e4eccc
ddfc3b
d77bcc
d17b86
cbfb6c
c70b80
c29bc3
bebc30
bb4cc4
b84d77
b5be42
b39f1d
b20000
b100e3
b0c1be
b14289
b2b33c
b523d0
b8a43d
bd3480
c2f494
c9e47a
d1e434
dae3c5
e4d334
ef6286
fa81c3
05d0f2
11101b
1bff46
262e7a
2f5dbf
371d1c
3d3c95
417c2e
438bea
436bca
40fbcf
3c5bf7
358c3f
2cdca5
227d23
16ddb6
0a4e56
fd4eff
f04fad
e3c05a
d81102
cdc1a3
c54238
bed2c1
bad33b
b983a5
bad400
bed44c
c5348a
cdc4bb
d814df
e3c4f8
f05506
fd450b
0a4506
16d4f7
2274de
2cd4bb
35848b
3c544d
40f400
4363a2
438333
4162b4
3d3226
37118d
2f50ea
263042
1bff97
111eef
05de4d
fa7db5
ef6d2b
e4dcb6
daec58
d1ec17
c9ebf6
c2fbf8
bd3c1d
b89c64
b52cca
b2bd4c
b15de5
b0ce8f
b10f44
b20000
b390bc
b5a171
b8321b
bb42b4
beb336
c2a39c
c703e4
cbf40b
d17411
d773f5
ddf3ba
e4e361
ec12ee
f38264
fb11c9
02c121
0a6072
11ffc0
197f0e
209e63
275dc1
2d7d2c
32eca6
377c33
3b2bd4
3e0b88
400b51
415b2b
41fb16
420b0d
419b11
40bb20
3f8b38
3e1b59
3c7b82
3abbb4
38fbec
373c2b
358c70
340cbb
32ad0e
318d69
308dcc
2fde36
2f4ea8
2eff20
2ebf9c
2ea01b
2eb09c
2ee11e
2f419e
2fd21a
30928e
3182f8
329355
33c3a2
3503de
366408
37c423
39342e
3ad42b
3c741b
3e1402
3fa3e0
40f3b8
41f38e
427363
42533b
419318
4002fc
3da2e9
3a52df
3612e1
30e2ed
2ab304
23a324
1bc34b
134376
0a43a3
0103cf
f7b3f7
ee7419
e56431
dce43e
d4f43d
cdf42b
c7f406
c333cd
bfa380
bd6321
bc32b1
bc2232
bcf1aa
be711a
c08085
c31ff0
c5df5c
c8aecc
cb5e44
cdcdc6
cfcd55
d13cf2
d1fc9f
d21c5b
d17c26
d04c00
ce8be7
cc5bdb
c9dbd9
c72be1
c47bf1
c20c06
bfec1f
be5c39
bd6c53
bd2c6d
bddc84
bf7c9b
c22cb0
c5ecc4
cabcd6
d08ce8
d72cf7
de6d03
e62d0c
ee2d12
f64d15
fe5d16
064d15
0e1d11
158d0b
1cad03
234cf8
297ce9
2f2cd6
345cc0
390ca7
3d5c8d
414c71
44cc55
47dc39
4a7c1f
4c8c08
4e0bf5
4efbe7
4f3be0
4ebbe1
4d5beb
4afc00
477c20
42cc4e
3cdc89
35acd2
2d5d28
23fd8b
19ddf7
0f1e6a
040ee1
f8ef5a
edffd4
e3704e
d9c0c7
d1313e
c9f1b2
c46221
c0a289
bef2ea
bf5341
c1c390
c643d6
ccb415
d4c44c
de447d
e8e4a6
f444c8
0004e0
0bc4ef
1714f3
21b4eb
2b44d5
3364af
39c477
3e342c
4083cd
40a35a
3e92d5
3a823f
34a19d
2d40f2
24b041
1b3f8e
111edf
069e37
fbfd9b
f16d12
e73c9f
ddac47
d4cc0b
ccdbef
c5ebf2
c01c15
bb4c58
b75cb8
b45d35
b21dca
b08e74
afaf2e
af5ff0
afa0b3
b09171
b21224
b452c4
b7534e
bb33bc
c0140a
c5e436
ccd43d
d4c420
dda3de
e7337b
f162fa
fbe25f
0691b2
1110f6
1b4032
24cf6d
2d5eac
34adf4
3a8d4b
3e8cb5
40ac36
40bbcf
3ebb83
3aab51
349b3a
2cbb3b
235b51
18bb7b
0d2bb2
010bf5
f4ec3c
e90c84
dddcc9
d3cd06
cb1d37
c43d5c
bf6d73
bced7a
bcbd72
beed5c
c35d37
c9dd06
d20cc9
dbac85
e64c3d
f1bbf5
fd7bb2
094b7a
14cb51
1fbb3b
29cb3b
32ab52
3a3b82
406bcb
451c2d
485ca7
4a3d38
4adddd
4a4e92
48af54
46501d
4360e5
4021a8
3cc25e
399301
36938b
33f3f7
31b441
2fd465
2e6461
2d7437
2ce3e6
2cd372
2d42de
2e1230
2f416d
30b09c
325fc4
340eee
35ae21
371d67
384cc5
393c41
39dbe1
3a2ba6
3a4b92
3a2ba6
39cbe1
392c41
384cc5
371d67
35be21
340eee
325fc4
30a09c
2f316d
2e0230
2d42de
2ce372
2cf3e6
2d7437
2e6461
2fd465
31a441
33e3f7
36938b
399301
3cd25e
4031a8
4360e5
46401d
489f55
4a3e93
4adddd
4a4d38
486ca7
452c2e
406bcf
3a2b8a
329b5f
29bb4d
1fbb52
14db6b
095b94
fd8bc9
f1bc06
e63c47
db8c86
d1fcc1
c9dcf5
c36d1e
bf0d3b
bcbd4b
bcad4c
beed3f
c35d26
c9ed02
d24cd5
dc4ca4
e77c70
f38c3e
000c10
0c8be9
189bcc
23cbbc
2dcbbb
362bca
3cbbe9
412c1a
436c5b
435cab
410d09
3cad73
363de6
2e1e61
248ee0
19df62
0e5fe5
028065
f6b0e2
eb3159
e051ca
d65233
cd7296
c5e2f2
bfa348
bae398
b7a3e3
b5c426
b53463
b5d496
b764bf
b9c4de
bca4f1
bfd4f9
c334f4
c674e3
c974c4
cc2496
ce6456
d03405
d1a3a2
d2932d
d312aa
d3221b
d2c183
d200e5
d0d045
cf6fa6
cdbf0a
cc0e76
ca6dee
c8fd74
c7cd0e
c6dcbc
c64c81
c5fc5e
c60c53
c65c5f
c70c82
c80cbd
c93d0e
ca9d74
cc0ded
cd7e76
cecf0a
cfefa6
d0d046
d170e6
d1c183
d1a21b
d122aa
d0232d
cec3a2
ccf405
caf457
c8b496
c674c4
c424e3
c1f4f4
bff4f8
be44f1
bd14de
bc64c0
bc7496
bd4463
bed426
c133e2
c46398
c85348
cd12f3
d29297
d8b234
df71ca
e69158
ee00e1
f5a065
fd4fe5
04ff63
0c8ee2
13fe62
1b2de6
221d72
289d08
2e9cac
341c5e
390c22
3d6bf7
415bdd
44cbd2
47dbd6
4a6be5
4c8bfe
4e0c20
4efc47
4f3c72
4ebc9c
4d5cc5
4afce8
477d04
42cd17
3cdd21
35ad1f
2d5d13
23fcfc
19dcdc
0f1cb6
040c8a
f8ec5d
edfc31
e37c08
d9cbe6
d13bce
c9fbc2
c46bc4
c0abd6
befbfa
bf5c2f
c1cc78
c64cd2
ccad3c
d4cdb6
de5e3c
e8fecd
f44f65
000000
0bc09c
171133
21b1c4
2b424a
3362c3
39c32e
3e3389
4083d4
40940e
3e9437
3a844f
34a456
2d544c
24c433
1b440e
1113e0
0683ac
fbe377
f16343
e73313
dda2eb
d4d2cd
ccd2ba
c5b2b4
bf82bc
ba62d2
b622f5
b2e322
b08359
af0394
ae43d1
ae540b
af0441
b0746d
b2948d
b5649d
b8f49a
bd4480
c2644e
c85402
cf139d
d68322
dea292
e761f3
f09148
fa1097
03bfe4
0d5f34
16ae8d
1f8df3
279d69
2ebcf5
34ac99
392c58
3c1c33
3d5c2b
3cdc3f
3a8c6e
367cb6
30bd15
297d87
20ee08
173e96
0ccf2b
01cfc5
f6905f
eb80f7
e0d18a
d6e216
cde298
c6330f
bfe37b
bb23da
b8042c
b66471
b634aa
b734d7
b934f9
bbf510
bf551b
c2f51c
c6c510
ca74f8
cde4d2
d0c49e
d2f45b
d43408
d493a5
d3e333
d262b3
d02225
cd518d
ca30eb
c70043
c3ef98
c10eef
be9e4c
bccdb3
bbcd2a
bbbcb6
bcac59
be9c18
c1abf6
c5bbf5
cabc15
d09c56
d73cb7
de6d35
e61dcb
ee1e76
f63f2f
fe5ff0
0650b2
0e2170
159223
1ca2c4
23434f
2963bd
2f140a
345432
391435
3d6412
4143cb
44c363
47d2e0
4a6246
4c819b
4e00e5
4ef029
4f3f6d
4ebeb4
4d5e05
4afd64
477cd6
42cc5e
3cdbfe
35abb7
2d5b88
240b70
19db6b
0f1b76
040b8f
f8ebb2
edfbdb
e37c07
d9cc34
d13c5e
c9fc85
c46ca7
c0acc4
beecdc
bf5cef
c1ccfe
c64d09
ccbd10
d4cd14
de4d14
e8ed11
f44d0c
000d06
0bccff
172cf9
21ccf2
2b4cec
335ce4
39ccdb
3e4ccf
40bcc0
412caf
3f6c9b
3bac85
361c6d
2edc53
264c39
1c9c1f
121c06
072bf1
fc0be2
f0fbd9
e63bdb
dc0be7
d2bc00
ca6c26
c33c5b
bd4c9f
b89cf3
b51d56
b2bdc6
b15e44
b0decc
b11f5b
b20ff0
b38086
b5a11a
b831aa
bb4232
beb2b0
c2a321
c70381
cbf3d1
d1640e
d77438
ddf450
e4e456
ec244b
f39433
fb240e
02c3e0
0a63ac
11f377
196343
209313
2752eb
2d82cc
32e2b9
3772b0
3b22b4
3e02c5
4002e2
41530b
41f33e
420379
4193b9
40b3fa
3f8437
3e146c
3c7495
3ab4ae
38f4b3
3734a1
359476
340431
32a3d2
317359
3082c8
2fd223
2f516d
2ef0ab
2ebfe3
2eaf1b
2ebe58
2eeda2
2f4cff
2fdc75
309c09
318bbf
32bb9b
340b9f
358bc9
372c1a
38ec8e
3abd22
3c7dd0
3e2e94
3f9f65
40b03c
419112
41f1de
41e299
41533b
4013bf
3e1421
3b345b
37746c
32d454
2d6413
2743ac
209324
19727f
1201c5
0a70fc
02c02c
fb1f5c
f37e93
ec0dd9
e4ed33
de0ca8
d78c3b
d16bf1
cbbbca
c68bc8
c1cbea
bd8c2d
b9dc8f
b6bd0b
b43d9d
b24e40
b0feef
b06fa4
b0a059
b1b10a
b3c1b3
b6c251
bab2e2
bfb363
c5b3d4
cca434
d47483
dd14c0
e654eb
f02504
fa350d
045506
0e54f1
1804d1
2104a7
292475
30343c
35e3fc
3a13b6
3c936a
3d5317
3c52be
399260
3531fe
2f3199
27e134
1f50cd
15d067
0ba000
010f99
f65f33
ebeecc
e1ee67
d88e02
d01da0
c89d41
c25ce6
bd5c8f
b9ac3d
b75bf2
b64bae
b65b72
b76b40
b93b19
bbaaff
be7af1
c18af3
c4cb04
c7fb25
cb0b59
cdab9d
cfcbf4
d14c5b
d21cd2
d24d56
d20de5
d15e7d
d05f1b
cf3fbb
cde05a
cca0f6
cb618a
ca4212
c9628b
c8c2f2
c87344
c8537f
c863a2
c883ab
c8a39b
c8d372
c90331
c952db
c9a272
ca11f9
ca9174
cb00e5
cb5051
cb9fba
cbcf22
cbde8d
cbcdfe
cbbd76
cb9cf9
cb6c89
cb1c27
cadbd3
ca9b8e
ca5b56
ca2b29
ca0b08
c9faf1
c9fae5
c9fae4
ca0aef
ca2b07
ca5b2e
ca9b63
cadba6
cb2bf8
cb6c57
cb9cc5
cbbd40
cbcdc8
cbde5d
cbcefd
cb9fa5
cb5052
cb0101
ca91aa
ca124b
c9a2dd
c9535b
c903c0
c8d409
c8a431
c88436
c86416
c853d3
c8736c
c8c2e4
c96240
ca4186
cb60ba
ccafe5
cdef0e
cf3e3d
d05d79
d15ccc
d20c3b
d25bcd
d21b86
d14b6a
cfcb7a
cdabb7
cb0c1e
c7fcac
c4cd5c
c19e27
be7f06
bbaff0
b930db
b761be
b65292
b6434d
b753e8
b9a45d
bd54a6
c254c2
c894ae
d0046b
d883fc
e1e364
ebe2ab
f661d7
0110f0
0ba000
15df10
1f5e29
27dd55
2f3c9c
353c04
39ab95
3c5b52
3d2b3e
3c1b5a
393ba3
34bc18
2ebcb3
278d6e
1f6e42
16af25
0d5010
03c0fa
fa21d9
f092a4
e76354
dea3e2
d67449
cf0486
c85496
c2747a
bd5433
b8f3c5
b56334
b28287
b061c3
af00f2
ae501b
ae5f46
af0e7a
b08dbf
b2ed1c
b62c95
ba5c2e
bf8bea
c5bbca
ccdbcf
d4dbf7
ddbc3f
e73ca5
f15d23
fbddb5
068e56
111eff
1b4fad
24c05a
2d5103
34a1a3
3a7238
3e82c1
40933a
4083a5
3e4400
39d44d
33648a
2b44bb
21b4df
1714f8
0bb506
00050b
f45506
e8f4f8
de54df
d4c4bb
cca48a
c6344d
c1b400
bf53a5
bef33a
c0b2c0
c46238
c9f1a3
d12103
d9b05a
e36fad
edfeff
f8ee56
041db5
0f2d23
19dca5
23fc40
2d4bf7
35bbcf
3d1bca
434bea
484c2d
4c1c94
4ebd1c
503dc0
50be7b
505f46
4f101b
4d10f2
4a81c3
475286
43c334
3fb3c6
3b5434
36947a
317494
2bf47f
26143d
1ff3d0
19933c
13328a
0cc1bf
0660e3
000000
f9af1d
f34e41
ecdd76
e67cc4
e01c30
d9fbc3
d42b81
ce9b6c
c97b86
c4bbcc
c04c3a
bc4ccc
b8bd7a
b58e3d
b2ff0e
b0ffe5
afb0ba
af4185
afc240
b152e4
b3f36c
b7c3d3
bcb417
c2c436
c9e431
d1f409
daf3c0
e4d35b
ef52dd
fa624b
05c1ab
111101
1c0052
264fa5
2f6efd
371e5d
3d2dc8
415d40
438cc5
439c57
418bf8
3d3ba6
36cb63
2e4b2e
240b07
185aef
0baae4
fe5ae5
f0eaf1
e3db08
d7ab29
cccb56
c3ab8e
bcbbd3
b85c27
b6cc89
b81cf9
bc3d76
c31dfd
cc4e8d
d76f23
e41fba
f1c052
0000e5
0e4173
1bf1f8
28a271
33c2db
3cf331
43c372
47f39a
4963a7
48139a
441372
3d8331
34c2db
2a0272
1dd1f9
108174
02c0e5
f4f051
e7bfba
db8f22
d0be8d
c7cdfe
c0dd76
bc1cf8
b9bc85
b9bc1f
bc0bc6
c09b7b
c75b3e
cfeb0f
da1aee
e58ada
f1bad3
fe3ad9
0acaed
16eb0e
223b3e
2c8b7c
359bc7
3d2c1f
431c83
476cf1
4a1d6a
4b3deb
4aee76
495f08
46cfa0
43703b
3fa0d5
3b916b
3791f9
33e27a
30b2eb
2e2349
2c5391
2b43c1
2b03d5
2b93ce
2cd3a9
2eb367
31330b
342296
37620d
3ac172
3e00cc
40e01c
433f6a
44ceb8
456e0d
44fd6d
438cde
40dc62
3d1bfe
381bb3
321b80
2b0b66
232b63
1aab72
11ab92
085bbf
ff0bf5
f5bc30
eccc6d
e44ca8
dc6cde
d55d0b
cf2d2e
c9fd44
c5bd4c
c26d47
c00d34
be7d15
bdbced
bd9cbd
be1c89
bf1c53
c06c20
c1fbf2
c39bcd
c54bb5
c6dbaa
c84bb1
c9abc8
cafbf1
cc4c2c
cd7c77
ce8cd3
cf7d3d
d03db6
d0ce3c
d12ecc
d15f64
d16000
d1509c
d11134
d0c1c4
d0324a
cf82c3
ce932d
cd6389
cc03d4
ca840f
c8d438
c7144f
c55456
c3944b
c1f433
c0840e
bf53e0
be73ad
bdf377
be1343
beb313
c002eb
c202cc
c4d2b9
c852b4
cca2bc
d1c2d2
d792f5
de0322
e51358
ec8394
f443d0
fc440b
045441
0c646e
14648e
1c349d
23a49a
2aa480
31144e
36d402
3bc39e
400322
438292
4651f3
488148
4a1097
4b0fe4
4b5f34
4b0e8d
4a1df2
488d69
465cf5
438c99
3ffc58
3bcc32
36dc27
311c37
2abc61
23aca3
1c3cfd
146d6d
0c6dee
045e7f
fc4f1b
f45fbc
ec905f
e510ff
de019b
d7822e
d1b2b8
cca335
c853a5
c4d406
c21456
c01495
beb4c4
be04e4
bdf4f5
be64f9
bf54f1
c084dd
c204bf
c3a495
c55463
c71427
c8c3e3
ca7397
cc0345
cd62ea
ce9289
cf8221
d031b2
d0b13f
d110c8
d1404f
d16fd4
d16f5a
d13ee1
d0de69
d03df7
cf6d8b
ce7d29
cd6cd2
cc4c89
cb0c4e
c9bc20
c85c00
c6dbeb
c53be1
c38be0
c1ebe7
c06bf5
bf2c08
be2c1f
bdac39
bdbc55
be6c71
bffc8d
c27ca7
c5ecc0
ca7cd6
d00ce9
d69cf8
dded03
e5ed0b
ee5d11
f71d14
000d16
08fd16
11bd13
1a2d0d
222d03
297cf7
300ce7
359cd6
3a2cc4
3d9cb0
401c9b
41ac85
425c6d
426c53
41ec38
40ec1e
3fac06
3e2bf2
3c8be2
3adbda
393bdb
37bbe6
365bff
350c26
33cc5e
32aca7
319d01
30ad69
2fddde
2f3e5d
2edee5
2eaf71
2ea000
2ec08f
2ef11c
2f51a3
2fd222
308297
3172ff
32a359
3403a5
3593e1
37440f
38f42d
3ab43d
3c6440
3e0437
3f8425
40b40b
41a3ec
4213ca
4203a6
415383
3ff361
3df343
3b3329
37b314
336305
2e52fd
2882fa
2202fc
1af302
13730c
0bb317
03c325
fbb333
f3a341
eba34f
e3d35c
dc5367
d5536e
cef372
c93371
c4436d
c01366
bc935d
b9b354
b7834c
b5f345
b50341
b4b340
b50341
b60346
b7834c
b9b354
bc835d
c00366
c4436d
c93371
cef372
d5636f
dc6367
e3d35c
eba34f
f3a341
fbb333
03c325
0bc318
13830c
1af302
2202fc
2872f9
2e42fc
335305
37b314
3b432a
3e0344
400362
415383
41f3a6
4203c9
4193ec
40b40b
3f8426
3e1438
3c7441
3ab43d
38e42c
37340e
3593e2
3433a9
332362
32530d
31b2aa
31423a
30e1bc
308134
3010a5
2fa010
2f4f7b
2efee6
2ece56
2ecdce
2f0d4f
2f7cdf
302c80
311c33
324bfa
33bbd6
358bc3
37bbc2
3a2bcf
3cdbe7
3f9c08
425c31
44ec5d
471c8a
489cb6
495cdc
490cfc
478d13
449d20
402d24
3a2d1f
32ad11
29ccfb
1fbcdc
14ccb7
094c8c
fd7c5e
f1bc31
e64c07
dbabe5
d20bcd
c9dbc2
c35bc5
beebd7
bcbbfa
bcec2f
bf6c77
c43cd1
cb1d3c
d3cdb6
ddde3d
e90ece
f4ef65
010000
0d109b
18a132
2351c3
2cb24a
3492c4
3aa32f
3eb38a
40b3d4
40a40e
3e8436
3a744e
34a456
2d644c
24d434
1b440f
1113e0
0683ab
fbd375
f15342
e73313
ddb2ec
d4d2ce
ccd2b9
c5b2b0
bf82b4
ba52c4
b622e1
b2e30b
b0833f
af037a
ae43ba
ae53fa
af0436
b0746b
b28494
b564ae
b8f4b4
bd44a2
c26476
c8542e
cf13c9
d6834b
dea2b5
e7620c
f09154
fa1093
03cfce
0d5f0a
16ae4e
1f7da0
279d06
2ebc85
34ac23
392be1
3c0bc2
3d2bc7
3c5bee
39bc36
354c9f
2f3d24
27ddc3
1f3e76
15cf37
0ba000
0120c9
f6818a
ebf23d
e1e2dc
d87362
cff3ca
c89412
c28436
bde436
ba9411
b893ca
b7b363
b7e2e1
b8e247
ba819c
bca0e5
bf1029
c1bf6b
c46eb3
c6fe05
c95d65
cb7cd7
cd4c5d
cecbfa
cfdbaf
d09b7a
d10b5c
d14b53
d13b5d
d10b76
d0cb9c
d06bca
cffbfe
cf8c33
cf2c67
cecc97
ce4cc2
cdbce6
cced02
cbdd16
ca7d21
c8ed24
c72d20
c55d15
c39d05
c1ecf2
c07cde
bf5cca
be7cb6
be0ca5
be1c97
bebc8c
c00c86
c20c84
c4cc86
c85c8b
ccbc92
d1dc9b
d79ca4
de0cac
e50cb4
ec7cba
f44cbe
fc4cc0
046cbf
0c7cbb
147cb5
1c3cac
239ca3
2a9c9a
311c93
370c8f
3c5c8f
40ec92
44bc9a
47cca4
4a1cb0
4bacbe
4c6ccd
4c5cdb
4b9ce9
4a2cf5
480cfe
454d04
41ed06
3ded03
395cfa
341cec
2e5cd7
281cbd
217c9f
1aac7d
13bc59
0cbc36
05dc13
ff0bf5
f84bdb
f1abc9
eb3bc0
e4fbc3
deebd3
d92bf1
d3ac1e
ce6c5b
c96ca7
c4bd02
c05d6a
bc4dde
b8ae5d
b58ee4
b2ef70
b0f000
afb090
af511c
afd1a3
b15222
b3f296
b7c2ff
bcc359
c2f3a5
ca53e2
d2c40f
dc142d
e6343d
f0e440
fbf437
072425
12140b
1c93ec
2643ca
2ee3a6
361383
3ba362
3f5343
411328
40b311
3e42fe
39c2f0
3362e7
2b42e4
21b2e8
1722f1
0bc301
000314
f4432b
e8e342
de5358
d4c36d
cca37f
c6438e
c1c399
bf53a0
bef3a2
c0b39e
c46394
c9f384
d12370
d9c358
e3733f
edf325
f8e30c
0412f5
0f22e2
19d2d4
23f2cc
2d42cd
35b2d7
3d12ea
434306
484329
4c1353
4eb381
5043b2
50c3e5
505417
4f1446
4d146f
4a848d
47549d
43c49c
3fc489
3b5463
36942a
3173de
2be37f
26130e
1fe28c
1991fa
13315b
0cc0b2
066005
000f57
f9aead
f34e0d
ecdd7c
e67cfc
e02c93
da0c44
d42c13
ce9c03
c97c13
c4ac44
c04c93
bc4cfc
b8bd7c
b59e0e
b2feae
b0ff57
afb004
af40b1
afc15a
b151fa
b4028d
b7c30f
bcb37f
c2c3db
c9d423
d1f456
daf477
e4d485
ef5483
fa7473
05c458
111436
1c040e
2633e4
2f53ba
371391
3d336b
416349
43832c
436314
410302
3c52f6
3582ef
2cd2ec
2272ed
16c2f0
0a42f5
fd42fa
f05301
e3c307
d8130e
cdc314
c5431c
bed326
bac333
b94343
ba6358
be0372
c4138e
cc53ab
d673c8
e223e2
eee3f9
fc440b
09c418
16d41f
23041e
2de415
372401
3e63e1
4363b3
461377
46532d
4412d6
3f8274
38b209
301197
25d120
1a80a7
0e502c
01dfb1
f55f37
e93ec1
ddde4e
d37de0
ca6d78
c2ed16
bcfcbb
b8ac68
b60c1c
b4ebd9
b52b9d
b6ab6b
b93b42
bc8b23
c06b0f
c47b06
c87b0a
cc2b1c
cf5b3c
d1db6b
d3abab
d4bbfb
d50c5b
d48cca
d34d47
d15dd1
cede65
cbdf01
c89fa2
c53045
c200e5
bf3180
bce210
bb5293
baa303
bb035e
bc73a0
bf23c9
c2f3d5
c7f3c6
ce039a
d50353
dce2f3
e5527d
ee51f4
f7a15c
0100ba
0a5011
135f67
1bdebf
23ae1e
2aad87
30ccff
360c89
3a5c28
3dbbdd
401ba8
41ab88
425b7b
426b7e
41db8e
40eba9
3fabca
3e2bf1
3c8c1b
3aec45
393c6f
37bc96
364cb8
350cd5
340cec
332cfd
327d09
31dd10
314d14
30dd14
306d11
300d0c
2fad06
2f5cff
2f1cf8
2eecf2
2eccec
2efce4
2f6cdb
302cce
314cbd
32dca7
34ac8e
36cc72
391c55
3b9c39
3e4c1e
40ec07
436bf5
459be7
474be1
483be1
485beb
476bff
456c20
422c4d
3dbc89
380cd2
310d29
28dd8b
1fadf7
15ae69
0b1ee0
003f5a
f57fd4
eae04f
e0f0c8
d7d13f
cfc1b2
c92221
c43289
c122e9
c03341
c14390
c453d6
c94415
cfc44c
d7b47d
e0d4a6
ead4c7
f574e0
0054f0
0b34f4
15c4eb
1fa4d5
28b4ae
30d477
37e42c
3de3cd
42b35b
4642d5
48a240
49c19d
49c0f1
48b040
46ef8d
446edf
418e37
3e7d9d
3b3d13
381c9f
351c46
327c0a
305bee
2ecbf5
2dfc1c
2dbc65
2e0ccb
2ebd4c
2fbde4
30ee8e
322f44
336000
34a0bc
35b172
36a21c
3742b4
379335
37b39c
37b3e3
378408
37640a
3733ea
3703a8
36b34a
3662d4
35f24b
3581b3
350111
34a069
346fbf
344f17
343e73
344dd9
346d4c
347ccd
347c5e
346c01
345bb4
344b76
343b45
344b21
346b08
34aafa
350af5
358afa
35fb09
366b22
36bb45
370b75
373bb3
376c00
378c5e
37accd
37bd4c
379dda
374e73
36af16
35cfbe
34b068
336111
3211b4
30d24c
2fa2d5
2eb34a
2e13a8
2dc3e8
2df40a
2ea40b
2fe3eb
31a3aa
33e349
3692cb
399235
3cd18b
4020d2
436010
464f4d
48ae8f
4a3ddd
4add3c
4a3cb2
485c44
452bf6
409bca
3abbc3
337be1
2aec22
213c85
167d06
0aeda1
fede4f
f2bf0a
e6dfcd
dba092
d18154
c8c20c
c1d2b5
bce34b
ba43ca
ba242e
bc9476
c194a2
c8d4b4
d224ae
dd1494
e9546b
f65436
03c3fa
1113ba
1dd37a
29833f
33b30b
3bf2e1
4202c4
45b2b4
46e2b0
45a2b9
41f2cd
3be2ec
33b313
29a342
1df376
1133ac
03c3e0
f6440f
e93434
dd044c
d22456
c8f44f
c1b437
bca40e
b9f3d4
b9b38a
bbf32f
c082c4
c7524a
cff1c3
da2133
e5809b
f1b000
fe3f65
0abecd
16de3d
223db6
2c8d3c
359cd1
3d3c77
435c2f
47dbfa
4aebd6
4c5bc4
4c5bc2
4b0bce
487be6
44ec08
40bc31
3c3c5d
37bc8b
336cb6
2facdc
2c9cfc
2a5d12
28ed1f
286d21
28dd18
2a3d05
2c8ce8
2facc5
337c9c
37cc72
3c4c47
40bc20
44ebff
485be5
4afbd6
4c5bd2
4c6bdd
4afbf7
47ec21
435c5b
3d2ca4
358cfb
2c7d5f
223dcf
16ee47
0adec7
fe4f4d
f1bfd4
e5705c
da10e1
cfe161
c751da
c0a24c
bc02b7
b9b319
b9b374
bc13c5
c0c40e
c7c44b
d0b47c
db84a1
e7b4ba
f4f4c6
02c4c5
1084ba
1dd4a3
2a0481
34c454
3d841e
4413de
482395
49a345
4862ed
44928e
3e122a
3541c1
2a5155
1da0e5
0fb073
010000
f25f8d
e41f1b
d6eeab
cb3e3f
c19dd6
ba4d72
b5ad13
b3ecbb
b52c6b
b94c22
c04be2
c9cbac
d55b7f
e2ab5d
f10b46
000b3b
0f0b3b
1d7b47
2abb5f
364b84
3fcbb5
46bbf2
4afc3b
4c5c90
4aecef
469d57
3fadc7
364e3d
2aceb9
1d9f39
0f1fba
00003c
f0f0bc
e27139
d541b0
c9c220
c06287
b972e3
b52335
b3b37b
b513b4
b953e0
c04400
c9c415
d5541f
e29420
f10419
00040b
0f03f9
1d73e1
2ab3c7
3643ab
3fc38e
46b372
4ae358
4c2340
4a632b
45c318
3e8309
34d2fd
2922f4
1bf2ee
0db2eb
ff02ea
f062eb
e272ef
d5c2f5
cac2fd
c1e308
bb7317
b7a32a
b6a340
b85359
bcc373
c3b38f
ccc3ab
d7a3c6
e3d3e0
f0e3f8
fe540b
0ba41a
185421
240420
2e4415
36c400
3d33df
4173b3
43637b
430336
4082e5
3c0287
35b220
2dd1af
24c137
1ab0bb
10103c
052fbb
fa5f3a
efceba
e5de3d
dc9dc6
d41d55
cc5cef
c57c93
bf7c44
ba5c00
b62bc8
b2eb9b
b08b78
af0b5f
ae4b50
ae5b4b
af0b50
b07b5f
b29b78
b56b9b
b8fbc8
bd4c00
c26c43
c85c90
cf1ce7
d68d49
deadb3
e76e26
f09ea0
fa1f1f
03cfa4
0d502c
16a0b3
1f7139
2791b9
2eb231
34a2a0
393304
3c135d
3d23a9
3c53e7
39b416
354436
2f3445
27d444
1f3434
15c418
0ba3f0
0123c2
f6738f
ebf35c
e1e32b
d872ff
cff2da
c892c1
c282b4
bdd2b5
ba92c4
b892e1
b7b30b
b7e33f
b8e37a
ba83ba
bca3fa
bf1437
c1b46c
c46495
c6f4ae
c954b3
cb74a1
cd4476
cec431
cfd3d2
d09359
d112c8
d14223
d1316d
d100ac
d0bfe3
d06f1b
cffe58
cf9da2
cf2cff
cecc75
ce4c09
cdabbf
ccfb9a
cc0b9b
cafbc2
c9bc0d
c85c7c
c6dd0b
c53db7
c39e7a
c1ff4e
c0602c
bf1109
be21dd
bda2a1
bdb34c
be73d8
c00440
c26482
c5b49a
c9f487
cf3449
d563e2
dc6354
e442a4
ecc1d9
f5b0fa
ff0010
086f25
11ae42
1aad6e
232cb3
2b0c18
320ba3
381b59
3d1b3e
40eb52
438b96
450c05
456c9c
44bd55
432e29
40ef0f
3e0000
3ad0f1
3771d8
3432ac
313364
2eb3fb
2cc46a
2ba4ae
2b44c5
2bc4af
2d246b
2f53fb
322364
3592ab
3941d7
3d10f0
40b000
441f10
46de29
48dd55
49dc9c
49ac04
480b95
44eb52
402b3e
39db5a
322ba3
292c18
1f3cb3
148d6e
097e41
fe4f25
f34010
e8d0fa
df21d9
d692a4
cf5354
c9a3e2
c58449
c32486
c27496
c3747a
c60434
ca33c5
cfd334
d6d286
def1c3
e7f0f2
f1b01b
fbcf46
05ee7b
0ffdc0
19bd1c
22ec94
2b8c2d
335be9
3a5bca
405bd0
456bf8
495c40
4c4ca5
4e4d23
4f5db4
4f9e55
4f1eff
4ddfae
4bf05c
495104
4631a3
427237
3e32bf
39933b
3483a9
2f2409
29645b
23349e
1ca4d2
1594f8
0e2510
06651c
fe551b
f62510
ee04f9
e614d8
de64aa
d73471
d0a42b
cac3d9
c5b37b
c1a310
be9299
bc9216
bbb18a
bbd0f7
bcd05e
be9fc4
c10f2b
c3de96
c6fe09
ca3d88
cd5d15
d02cb5
d26c6d
d3fc3f
d49c2e
d43c3b
d2ec66
d0ccad
cded0d
ca7d83
c6ce0c
c2fea3
bf5f46
bbffef
b9309a
b73142
b631e2
b66278
b80300
bb2377
bfe3db
c6342b
cde466
d6e48b
e0d49c
eb849b
f6948a
01c46d
0cc446
173419
20e3e8
2973b4
30b381
367350
3a8326
3ce304
3d92ec
3c92df
39f2db
35d2e0
3032eb
2942fb
21230d
181322
0e5336
04434a
fa135c
f0036a
e65374
dd2379
d4937b
cca37a
c57378
bf3376
b9d373
b59370
b2536b
b04366
af335f
af2357
aff350
b1934b
b40347
b72344
bae343
bf3344
c3f345
c8f347
ce334a
d3a34f
d93353
df0358
e4f35b
eb235d
f1935f
f83360
ff0361
05e361
0cc360
13c35e
1aa35b
217356
280352
2e434e
34134d
39534e
3df352
41f356
45435b
48035f
4a1361
4b9361
4c5361
4c6360
4bb35f
4a235d
47c35b
44a358
40d353
3c534f
37434a
31a347
2b7345
24d343
1da343
161345
0e1347
05c34b
fd4350
f4d357
ec735e
e47365
dcf36b
d60370
cfb374
ca3376
c57378
c1937a
bea37a
bca379
bbb374
bbb36a
bcb35d
be834b
c10336
c3e321
c7130d
ca42fa
cd52eb
d012e1
d252dc
d3f2df
d4c2ea
d4b2fd
d3c31a
d1f33e
cf5369
cc139a
c853cd
c46402
c06436
bca464
b9548a
b6c4a3
b524ad
b4d4a3
b5e485
b89452
bcf409
c2f3aa
ca8337
d382ae
ddd213
e92167
f540ae
01cfed
0e5f2b
1a9e6d
25fdba
302d18
38bc8c
3f6c1d
440bce
465ba4
465ba2
43fbc9
3f4c19
385c8d
2f5d22
248dd1
184e95
0b1f65
fd403c
ef8111
e241dd
d60298
cb433b
c273bf
bbe420
b7e45b
b6a46e
b8145a
bc541e
c323be
cc433b
d7529a
e401df
f1b113
00003c
0e5f64
1c0e92
28bdd0
33cd22
3cec8f
43bc1b
47ebca
496b9f
482b9b
442bbf
3d9c08
34cc75
2a0cff
1dcda2
108e58
02cf1b
f50fe3
e7c0ab
db816d
d0b223
c7b2c8
c0c359
bc23d3
b9f435
ba347d
bce4ad
c1d4c5
c8c4c5
d184b0
dba487
e6d44f
f2b40b
fed3c3
0ad37a
166336
2132fa
2af2c9
3372a5
3aa28e
406286
44a28d
4782a3
4902c8
4952fa
48a337
47137c
44f3c4
42540b
3f944d
3cc485
3a24af
37b4c5
3594c6
33c4af
32447f
311435
3023d2
2f7358
2f02c7
2ec223
2ec16e
2ef0ad
2f4fe4
2faf1b
301e57
307da0
30ecfe
314c75
31cc0a
325bc1
331b9b
340b9b
351bc1
365c0c
37bc7b
393d0b
3addb8
3c7e7c
3e1f4f
3fa02c
40f108
41e1dc
4272a0
42534c
4193d9
400442
3da482
3a5496
36147f
30d43b
2ab3ce
23a33c
1bc28b
1341c0
0a50e4
010000
f7bf1c
ee6e40
e56d75
dcecc4
d50c32
cdfbc5
c7fb81
c2fb6a
bf2b7e
bc8bbf
bb1c27
baacb4
bb5d60
bcde24
bf2ef8
c20fd4
c540b1
c89185
cbe248
ced2f5
d15384
d333f3
d4743f
d50465
d4c465
d3b440
d1e3f7
cf538b
cc2302
c8625f
c471a9
c060e5
bc901c
b94f54
b6be92
b52ddd
b4dd38
b5fca8
b8bc2e
bd2bcf
c36b8a
cb4b5f
d4bb4d
df4b52
eadb6b
f6eb94
033bc9
0f6c06
1b1c47
25fc86
2f9cc2
37bcf5
3ded1e
420d3b
43dd4c
436d50
40ad47
3bbd33
34ed15
2c4ced
224cbe
172c89
0b3c54
ff0c20
f2ebf2
e74bcd
dcabb5
d35baa
cb8bb0
c58bc8
c15bf2
bf2c2f
befc7f
c0bce0
c47d50
c9fdce
d12e56
d9bee6
e36f7a
edf010
f8e0a5
041135
0f21bc
19d23a
23f2aa
2d430d
35b362
3d13a9
4343e2
48440e
4c142c
4eb43d
503441
50b438
505426
4f140b
4d23ec
4a83c9
4763a6
43c383
3fb362
3b5344
36a32a
31a314
2c6305
26e2fc
2112f9
1b12fc
14d302
0e630c
07c318
010325
fa3333
f34341
ec534f
e5635c
de9367
d8036f
d1c372
cbf371
c6b36d
c21366
be135d
bac354
b8034c
b5e346
b47341
b3b340
b3a341
b45345
b5e34c
b84354
bb635d
bf3366
c3b36d
c8c371
ce6372
d4936e
db3367
e2635c
ea034f
f20341
fa4333
02c325
0b3318
13830c
1b8302
2312fc
2a12f9
3052fc
35c305
3a5314
3df329
408343
423362
42e383
42b3a6
41b3ca
4023ec
3e040b
3b8426
38e438
363440
33b43d
31842c
2fc40e
2e93e2
2df3a9
2e1361
2ed30d
3042aa
32423a
34a1bd
376135
3a30a5
3cf010
3f8f7a
41aee6
432e56
43edce
43cd50
42ace0
406c80
3d1c33
389bfa
32ebd5
2c4bc3
24abc2
1c3bcf
133be8
09bc09
000c31
f65c5c
ecdc89
e3ccb5
db6cdc
d3dcfc
cd2d13
c77d1f
c2cd21
bf2d17
bc9d04
bb1ce8
baacc5
bb4c9d
bccc72
bf2c48
c20c20
c54bfe
c8abe4
cbebd5
cedbd2
d14bdd
d33bf8
d47c23
d50c5e
d4ccab
d3cd08
d1ed72
cf5de6
cc1e62
c86ee2
c46f64
c06fe5
bca064
b950e1
b6b158
b521ca
b4d234
b5f297
b8b2f3
bd2348
c36398
cb53e2
d4b426
df4463
ead496
f6e4c0
0334de
0f64f1
1b14f8
25f4f3
2f94e3
37b4c4
3de496
420457
43d405
4363a2
40a32d
3bc2a9
34e21b
2c4183
2240e6
171046
0b3fa6
ff0f0a
f2ee76
e74ded
dcad74
d35d0e
cb8cbd
c57c82
c15c5f
bf2c53
befc5e
c0cc81
c47cbc
c9fd0e
d12d75
d9bdee
e36e76
edff0a
f8efa6
041045
0f20e5
19d183
23f21b
2d42aa
35b32d
3d13a2
434405
484456
4c1496
4eb4c4
5034e3
50b4f4
5054f9
4f14f1
4d24de
4a84bf
476496
43c463
3fb427
3b53e3
36a399
31a348
2c62f2
26e296
211233
1b11ca
14d159
0e60e2
07c066
010fe5
fa3f62
f34ee0
ec5e61
e56de6
de9d73
d80d09
d1ccab
cbfc5b
c6bc1a
c21be9
be1bc9
bacbbb
b80bbc
b5ebcd
b47be9
b3bc10
b3ac3d
b45c70
b5eca3
b84cd5
bb6d02
bf3d26
c3bd3e
c8cd49
ce6d43
d49d2f
db3d0c
e26cde
ea0ca7
f20c6c
fa4c2f
02cbf5
0b3bbf
138b93
1b8b73
231b63
2a1b66
305b7f
35cbb2
3a5bfe
3dfc63
409cdf
423d6e
42ee0d
42beb7
41bf69
40201c
3e00cc
3b9173
38e20e
363297
33b30b
318366
2fc3a7
2e83ce
2df3d9
2e13c9
2ee3a0
30435d
324303
34a293
375211
3a3180
3cf0e5
3f8045
41afa2
432f01
43ee65
43cdd1
42ad48
406cca
3d1c5b
389bfb
32fbab
2c4b6b
24ab3c
1c3b1c
132b0a
09bb07
000b0f
f65b23
eceb42
e3db6b
db6b9d
d3cbd9
cd1c1c
c77c68
c2fcbb
bfad16
bd6d78
bc4de0
bc2e4e
bceec0
be6f37
c08fb0
c3102c
c5d0a7
c8b121
cb6198
cdc209
cfc274
d122d6
d1f32e
d2137b
d183bb
d053ee
ce8414
cc542c
c9c438
c72439
c4742f
c2041c
bff402
be53e2
bd63bf
bd2399
bdd374
bf7350
c22330
c5e314
cac2ff
d082ef
d722e6
de62e4
e622e8
ee22f2
f63301
fe5314
06532a
0e1341
158357
1ca36d
23437f
29738f
2f139a
3453a0
3913a2
3d639d
414393
44c384
47d370
4a7359
4c833f
4e0325
4ef30b
4f32f5
4eb2e1
4d52d4
4af2cd
4772ce
42c2d7
3cd2ea
35a305
2d5329
23f352
19d381
0f13b2
0403e5
f8e418
edf446
e3746e
d9c48c
d1349c
c9f49c
c4648a
c0a464
bef42a
bf53de
c1c37e
c6430d
ccb28b
d4c1fa
de415b
e8e0b3
f44005
000f57
0bcead
172e0d
21cd7b
2b4cfc
336c94
39cc45
3e3c13
408bff
40ac0b
3e9c36
3a8c80
34ace5
2d4d62
24bdf5
1b3e98
111f46
069ffb
fbf0b1
f16162
e7320a
dda2a5
d4c32f
ccd3a6
c5e409
c01456
bb348d
b754ac
b454b5
b214a8
b09488
afa458
af541c
afa3d9
b08393
b2134f
b45311
b762db
bb32b1
c00295
c5b288
cc628d
d402a3
dc82c8
e5d2fa
efd338
fa637c
0533c4
10140b
1aa44d
24b485
2dd4af
35b4c5
3c04c6
4094af
43147e
436435
4173d2
3d3358
36c2c7
2e4223
24016e
1850ac
0bafe4
fe5f1b
f0ee57
e3dda1
d7acfe
cccc75
c3ac09
bccbc0
b86b9c
b6cb9f
b81bc9
bc3c19
c30c8e
cc4d22
d76dd0
e41e94
f1df65
00003c
0e3112
1bf1de
28a299
33c33b
3d03bf
43d420
47f45b
49446e
47a45a
43441f
3c63bf
33433b
286299
1c31df
0f2112
01b03c
f46f64
e7be93
dc0dd0
d1cd22
c94c8e
c2dc1a
be9bca
bcaba2
bcfba3
bf8bcd
c40c1c
ca5c8c
d23d19
db5dbc
e55e6e
efff2b
faefec
05b0ac
103166
1a3213
2382af
2c0338
33b3ac
3a9409
408451
45a484
49e4a2
4d24ad
4f94a5
51148c
51c466
51b436
50f401
4f83cb
4d7398
4aa369
472340
42c31c
3d92fe
3772e6
3072d6
28a2cd
2032cd
1732d4
0dd2e1
0452f5
fae30c
f1b325
e8d33f
e08358
d8f370
d25384
cce394
c8e39e
c663a2
c593a0
c6639a
c8e38e
ccf37f
d2536d
d8e358
e07341
e8c32a
f1b314
faf301
0462f2
0de2e8
1732e4
2022e7
28a2f0
3082ff
37b314
3e1330
43a350
485374
4c2399
4f13bf
5123e3
526402
52d41c
52742e
513438
4f2438
4c242c
484414
4393ef
3e13bb
37d37b
30f32e
2972d6
215274
18a209
0f8198
060121
fc50a7
f2b02c
e95fb0
e08f36
d87ec0
d15e4e
cb6de1
c6ed79
c40d17
c2ecbb
c3ac67
c65c1c
cacbd8
d0db9d
d84b6c
e0db43
ea5b24
f46b0f
feeb06
098b0a
140b1b
1e2b3c
27ab6c
302bab
377bfb
3d8c5b
422cca
457d47
477dd1
485e65
482f02
473fa3
458045
4360e5
40e180
3e4210
3ba293
391303
36b35e
3493a0
32c3ca
3143d9
3023cd
2f63a7
2ef366
2ec30b
2ed298
2f020f
2f5174
2fa0cc
30001b
306f68
30deb7
314e0d
31dd6f
326cdf
332c63
340bfe
351bb1
364b7f
37bb65
393b63
3aeb73
3c8b94
3e2bc0
3fabf5
40ec2e
41dc6b
426ca6
425cde
41ad0c
402d2f
3dad44
3a2d49
358d3e
2ffd25
297d01
222cd5
1a3ca4
11cc70
08fc3e
000c10
f71be9
ee4bcc
e5dbbc
ddebbb
d69bca
d01bea
ca7c1a
c5bc5b
c1fcab
bf1d09
bd3d72
bc3de6
bc0e61
bc9ee1
bdbf63
bf5fe5
c14065
c360e1
c5a158
c7d1ca
c9e234
cbd297
cd82f2
cef345
d02390
d103d5
d19414
d1c44c
d1847d
d0e4a7
cff4c8
cec4e0
cd64ef
cbf4f3
ca84eb
c934d5
c814af
c72477
c6642c
c603cd
c5e35a
c622d5
c6c23f
c7c19d
c900f1
ca8040
cc1f8e
cdbedf
cf4e37
d0bd9c
d1ed12
d2cc9f
d34c46
d33c0a
d29bef
d16bf5
cfac1c
cd7c64
caecca
c7fd4c
c4ede4
c1be8e
be9f44
bba000
b920bc
b74172
b6321b
b642b4
b77336
b9c39c
bd63e4
c2240b
c82411
cf33f5
d753ba
e06361
ea52ee
f4d264
ffb1c9
0a9121
153072
1f3fbf
285f0e
304e63
36cdc1
3bbd2c
3edca5
401c2f
3f5bcc
3cab7c
381b3f
31bb15
29eafd
20baf5
168afb
0bab0f
005b2e
f4fb58
e9eb8a
df6bc4
d5bc05
cd1c4b
c5bc96
bface6
bb2d3a
b80d92
b67dee
b63e4f
b72eb3
b92f1a
bbff84
bf5ff0
c2f05d
c6c0cc
ca713b
cde1aa
d0b217
d2e281
d432e5
d49341
d3f395
d263df
d0241f
cd5454
ca3480
c704a2
c3d4b9
c104c5
be94c6
bcc4ba
bbc4a2
bbb47c
bca44b
be940d
c193c5
c57374
ca3319
cfc2b7
d6024c
dcf1da
e47161
ec70e1
f4c05c
fd4fd4
05cf4d
0e1ec8
161e48
1dadcf
24cd5f
2b7cfb
318ca4
370c5b
3bec21
400bf7
438bdd
465bd2
487bd5
4a0be5
4afbfe
4b5c20
4b0c47
4a2c72
489c9c
465cc5
437ce8
3ffd04
3bdd18
370d21
319d1f
2b8d12
24ecfc
1dacdc
160cb6
0dfc8a
05bc5d
fd4c31
f4ec08
ec9be6
e48bce
dcfbc2
d5fbc4
cfabd6
ca3bfb
c5bc33
c22c7f
bf8cde
bded4f
bd2dce
bd5e57
be4ee7
bfef7b
c20010
c480a4
c72133
c9d1bb
cc523a
ce82ab
d0430e
d16362
d1d3a5
d183d9
d063ff
ce9418
cc5425
c9b427
c70420
c46410
c203fa
c003e0
be73c6
bd73ac
bd2393
bdc37c
bf6366
c21351
c5e33c
cad329
d0a317
d73308
de62fd
e612f5
ee02ef
f622ec
fe52ea
0662eb
0e22ed
1592f3
1ca2fd
233309
295319
2f232a
34833c
399350
3e3365
42737b
463393
4953ad
4be3c8
4dd3e2
4f13fa
4f940e
4f641e
4e4426
4c4425
49541a
455401
4053d9
3a53a2
336359
2b9300
22f297
19b222
0ff1a2
05e11b
fbb08f
f1b000
e80f71
df0ee5
d6ee5e
cfddde
ca2d69
c60d01
c37ca7
c2bc5e
c3ac26
c66bff
cadbe6
d0dbdb
d83bda
e0cbe3
ea3bf2
f46c06
fefc1e
099c38
141c52
1e2c6d
279c85
300c9c
376caf
3d8cc0
423cce
458cda
478ce3
485cec
481cf3
471cf9
457cff
436d06
40fd0b
3e6d10
3bbd13
391d14
36ad11
348d0a
32bcff
314cef
303cdb
2f7cc3
2f0ca7
2ecc85
2ecc5f
2efc35
2f4c08
2fabdb
301bb1
308b8e
30eb76
314b6b
31bb71
325b89
332bb7
343bfa
359c55
373cc8
38ed51
3abded
3c7e9b
3e1f54
3f8014
40b0d5
419192
420245
41f2e7
415374
4003e4
3df433
3b345d
37b45e
336436
2e43e7
287373
2202de
1af22f
13816c
0bb09b
03cfc4
fbbeef
f3ae22
ebad68
e3dcc5
dc6c40
d56bdf
cefba5
c93b94
c44bac
c00bed
bc8c54
b9bcdc
b78d81
b5fe3b
b50f04
b4bfd4
b500a4
b5f16d
b78227
b9b2cd
bc8358
c003c5
c4340f
c90436
ce7438
d49416
db33d3
e26371
ea02f5
f20263
fa41c0
02c111
0b305c
139fa7
1b9ef6
231e4d
2a0daf
305d1e
35dc9d
3a9c2c
3e7bcb
416b7d
436b40
445b15
444afc
435af4
418afb
3f0b0f
3c2b2f
38fb59
35cb8b
32bbc4
2ffc04
2dbc4a
2c1c97
2b4ce9
2b5d42
2c4da0
2e1e02
30be67
33fecd
37af33
3baf9a
3fa000
437066
46c0cd
495133
4ae199
4b31fe
4a1260
4762be
431317
3d2369
3593b6
2c83fc
22343c
16d475
0ac4a7
fe34d1
f1b4f1
e58505
da250c
cff504
c754eb
c094c1
bbf484
b9c434
b9f3d1
bc935b
c1a2d4
c8e23f
d2219d
dd00f2
e94041
f65f8e
03cedf
112e36
1ded9b
299d12
33bc9f
3bfc47
420c0b
45bbef
46cbf2
454c15
413c58
3accb8
324d35
27fdca
1c5e74
0fcf2e
02cff0
f5c0b3
e93171
dd9224
d332c4
ca834e
c3b3bc
bf140a
bca436
bc843d
bea420
c2d3de
c8f37b
d0b2f9
d9d25f
e401b1
eef0f6
fa4033
059f6e
10aead
1b3df4
251d4b
2e1cb5
363c36
3d4bd2
435b8b
484b5f
4c1b4d
4ebb52
504b6b
50cb95
505bca
4f1c06
4d1c46
4a8c86
475cc1
43ccf5
3fbd1e
3b5d3c
36ad4c
31ad50
2c6d47
26ed33
211d14
1b1ced
14dcbe
0e6c8a
07cc54
010c20
fa3bf2
f34bcd
ec5bb4
e56baa
de9bb1
d7fbc9
d1bbf2
cbfc2c
c6bc77
c22cd2
be2d3d
bacdb6
b80e3c
b5eecc
b47f64
b3b000
b3a09c
b46134
b5f1c4
b8424a
bb52c3
bf232e
c3b389
c903d4
cef40e
d57437
dc744f
e3d456
eb944c
f38433
fba40e
03c3e0
0bd3ac
139377
1b0343
220313
2862eb
2e22cc
3352ba
37d2b4
3bb2bc
3ed2d2
4132f5
42c322
439358
43a393
42f3d0
41c40b
401441
3e146e
3be48e
39949d
37449a
351480
33044f
314406
2fe3a5
2ef32f
2e62a5
2e420a
2e9162
2f30b1
302ffb
314f46
32ae97
341df4
357d62
36dce5
37fc80
38fc37
39ac0a
3a0bfc
3a2c0b
39dc37
393c80
384ce5
370d62
359df4
33fe97
325f46
30bffb
2f40b2
2e1163
2d420a
2cd2a5
2ce32f
2d73a6
2ea409
305456
32948d
3524ac
3814b5
3b24a8
3e5488
418458
44641c
46e3d9
48c394
49c350
49c311
48a2db
4642b1
42a295
3de288
37f28d
30e2a3
28c2c8
1fa2fa
15b338
0b337c
0053c4
f5740b
ead44d
e0d485
d7c4ae
cfc4c5
c934c6
c444af
c1347f
c03435
c133d2
c44357
c932c7
cfc223
d7c16e
e0e0ad
eaefe4
f57f1b
004e57
0b2da0
15bcfe
1fac75
28cc0a
30ebc1
37fb9b
3deb9b
42abc1
463c0c
489c7b
49cd0b
49ddb8
48de7c
46ff4f
44602c
417108
3e51dc
3b22a0
38134c
3533d9
329441
306482
2ea496
2d747f
2cd43b
2cc3cf
2d433c
2e228a
2f51c0
30c0e4
325000
33ff1c
358e41
370d76
384cc4
394c31
39ebc4
3a2b81
3a0b6c
399b85
38ebcb
37fc3a
36dccc
358d7a
341e3e
32af0e
314fe5
3010ba
2f2185
2e8240
2e42e4
2e736c
2f03d3
2ff418
314439
32f438
350415
3733d2
399371
3bf2f6
3e3264
4021c0
41c111
42e05c
438fa6
438ef5
42ce4d
414daf
3efd1f
3bbc9f
37bc2f
32ebd3
2d5b89
274b51
209b2b
198b15
122b0d
0a7b11
02cb20
fb0b38
f36b59
ec0b83
e4ebb4
de1bec
d79c2a
d17c71
cbbcbf
c67d16
c1bd76
bd8ddf
b9de4e
b6cec2
b43f39
b24fb2
b0f02c
b060a5
b0911f
b1b196
b3c209
b6c276
bac2d8
bfb32e
c5b377
cca3b2
d473df
dd1400
e65415
f02420
fa3421
04541a
0e540b
17f3f8
2103e0
2923c6
3033ab
35e38f
3a1373
3c9359
3d5340
3c532a
399317
353308
2f32fd
27e2f5
1f52ef
15d2ec
0ba2ea
0102ea
f662ee
ebe2f4
e1e2fd
d88309
d00319
c8932b
c25340
bd5358
b9a372
b7538e
b643ab
b653c8
b763e2
b933f9
bba40b
be7418
c1941f
c4d41e
c7f415
caf401
cd93e1
cfc3b3
d16377
d2832d
d312d6
d32274
d2c209
d1f197
d0d121
cf50a7
cdb02c
cc0fb0
ca6f37
c8fec0
c7ce4e
c6ede0
c64d78
c5ed16
c5ccbb
c5ec68
c63c1c
c6dbd8
c7cb9d
c8fb6c
ca6b43
cc0b24
cdbb0f
cf5b06
d0cb0a
d1fb1b
d2cb3c
d33b6c
d32bac
d29bfb
d1ac5b
d03cca
ce5d47
cc1dd1
c97e65
c67f02
c34fa3
bfe045
bca0e5
b9b17f
b75210
b5c292
b53303
b5d35e
b7b3a1
bae3c9
bf73d5
c553c5
cc9399
d51353
ded2f3
e9a27e
f531f5
01315d
0d50ba
193010
246f66
2e8ebe
374e1e
3e3d88
432d00
45dc89
461c25
43ebd5
3f4b9a
385b75
2f5b64
248b65
184b76
0b1b93
fd4bba
ef8be7
e23c19
d60c4d
cb4c7f
c28caf
bbfcd9
b7ecfc
b66d16
b79d28
bb7d31
c1ed32
cacd2c
d5cd20
e27d0d
f06cf6
ff0cdb
0dbcc0
1bfca6
292c8f
34dc7c
3e8c6e
45cc64
4a6c5e
4c2c5c
4aec5e
46bc63
3fcc6d
364c7c
2abc8f
1d7ca6
0f0cc0
000cdb
f10cf5
e29d0c
d55d1f
c9cd2c
c05d33
b95d32
b51d29
b3bd1a
b52d03
b96ce5
c05cc1
c9cc97
d54c67
e28c34
f0fbfe
000bca
0f1b9b
1d8b75
2acb5c
364b53
3fbb5d
46ab7b
4aebaf
4c5bfa
4afc5d
46bcd6
3fbd64
364e05
2abeb4
1d7f6d
0f0029
0000e5
f1019b
e29246
d552e0
c9c363
c043cb
b95412
b52435
b3e432
b5a409
ba43bc
c1834e
cb32c4
d6e223
e41171
f250b3
010ff0
0faf2e
1d9e74
2a4dca
354d35
3e2cb8
449c58
487c15
49abf2
482bef
441c0b
3d8c47
34cc9f
2a1d12
1ddd9c
109e37
02cedf
f4ff8e
e7b040
db70f1
d0b19d
c7c23f
c0d2d5
bc235a
b9b3cd
b9b42c
bc0477
c094af
c754d5
cfe4eb
da14f3
e574ef
f1b4e0
fe44c8
0ac4a6
16e47d
22344c
2c8415
3583d6
3d3390
435341
47e2e9
4ae289
4c6221
4c51b2
4af13f
4860c8
44e04f
40bfd4
3c3f5a
37bee0
337e69
2fadf7
2c9d8b
2a5d29
28ecd2
286c89
28dc4d
2a4c20
2c8c00
2fabeb
337be1
37cbe0
3c4be7
40bbf5
44dc07
485c1f
4aec39
4c5c55
4c6c72
4afc8d
47eca8
431cc0
3cacd6
34ace8
2b4cf7
20cd03
154d0c
093d12
fced15
f0ad16
e4ed15
da0d12
d06d0c
c85d03
c23cf7
be1ce8
bc2cd7
bc7cc4
beecaf
c37c9a
c9fc84
d24c6d
dc3c54
e75c3a
f37c1f
000c06
0c9bf1
18bbe1
23dbd9
2dcbdb
361be7
3c9c00
412c27
439c5b
43ec9f
41fcf2
3ddd55
37bdc6
2fae45
260ecd
1b2f5c
0f6ff0
032085
f6d119
eac1aa
df4232
d4b2b1
cb5321
c37382
bd23d1
b8a40d
b5e437
b4c44f
b52456
b6c44c
b95433
bca40e
c063e0
c463ac
c85376
cc1342
cf5313
d1f2ec
d3c2cd
d4b2b9
d4c2b0
d3f2b4
d252c4
d012e1
cd530b
ca433f
c7137a
c3e3ba
c103fa
be9436
bcc46b
bbc494
bbb4ae
bca4b4
bea4a2
c1a476
c5b42e
cab3c9
d0934a
d732b5
de620c
e61154
ee1093
f63fce
fe5f0a
065e4e
0e1da0
159d06
1cac85
234c23
296be1
2f1bc3
345bc7
391bed
3d6c36
414c9e
44cd24
47ddc3
4a6e76
4c8f38
4e0000
4ef0c8
4f4189
4eb23d
4d52dc
4ae362
4773cb
42d412
3d1436
362435
2e2411
2513ca
1b3363
10a2e1
059248
fa319d
eef0e5
e40028
d9df6b
d0beb3
c8fe05
c2dd65
beacd7
bc8c5e
bcabfa
bf1bae
c3bb7a
ca8b5c
d33b53
dd9b5d
e93b77
f5cb9c
02cbca
0fbbfd
1c4c32
27fc66
324c97
3accc2
413ce7
453d03
468d16
453d21
413d23
3add1f
324d15
27fd06
1c4cf4
0fbcdf
02ccca
f5ccb5
e94ca3
dd9c96
d33c8c
ca8c87
c3bc85
bf2c86
bcec88
bd0c8a
bf6c8d
c3fc90
ca5c95
d24c9a
db6ca1
e56ca9
effcb0
fadcb5
05acba
102cbc
1a3cbd
239cbc
2c1cbb
33bcba
3a5cb9
400cb9
44ccba
48acbc
4bbcbd
4dfcbc
4f8cba
507cb6
50bcb0
506ca8
4f7ca1
4dec9a
4bbc95
48bc90
44dc8d
400c8b
3a2c8b
333c8d
2b4c92
226c9a
18dca4
0eacb0
042cbe
f97ccd
eefcdb
e4dce8
db4cf4
d2bcfe
cb6d04
c58d07
c17d04
bf7cfb
bf8cec
c1dcd6
c63cbc
ccac9e
d4cc7d
de5c5a
e8fc37
f45c14
000bf5
0bbbda
171bc7
21bbbf
2b4bc3
336bd4
39dbf3
3e3c1e
408c57
409c9e
3e8cf3
3a8d56
34adc6
2d5e44
24cecc
1b4f5b
111ff0
068085
fbe11a
f161aa
e73232
dda2b1
d4d321
ccd381
c5b3cd
bf9405
ba642a
b6243c
b2e43e
b08432
aef41a
ae43f8
ae53cf
af13a3
b07375
b2934a
b56324
b8e305
bd42ee
c272e0
c892dc
cf92e0
d752ee
dfd305
e8d324
f2334a
fbb375
0523a3
0e53cf
1733f8
1f841a
271432
2db43e
33243c
37242a
39a405
3a73cd
39a381
372321
3312b1
2db232
2721aa
1f911a
174085
0e5ff0
051f5b
fbaecc
f22e44
e8ddc6
dfed56
d76cf3
cf8c9e
c85c57
c1fc1e
bc6bf3
b7bbd4
b3ebc3
b0fbbf
aeebc7
adabda
ad3bf5
adac14
aedc37
b0fc5a
b3ec7d
b7bc9e
bc6cbc
c1fcd6
c85cec
cf8cfb
d76d04
dfed07
e8dd04
f22cfe
fbacf4
051ce8
0e5cdb
174ccd
1f9cbf
271cb1
2dbca4
331c99
372c91
39ac8e
3a7c8f
39ac93
372c9a
331ca3
2dbcac
271cb4
1f8cba
173cbf
0e5cc0
051cbf
fbacbb
f23cb4
e8dcac
dfdca3
d76c9a
cf9c93
c89c8f
c27c8e
bd3c92
b8ec99
b56ca4
b29cb1
b08cbf
af1ccd
ae5cdb
ae4ce8
aefcf4
b07cfe
b2ed04
b63d07
ba6d04
bf8cfb
c57cec
cc5cd7
d40cbd
dc8c9e
e5dc7d
efdc5a
fa5c36
053c14
101bf5
1aabda
24bbc8
2ddbc0
35bbc3
3c1bd4
409bf2
430c1e
432c57
40fc9f
3c5cf4
359d56
2cddc6
226e43
16cecb
0a4f5b
fd4ff0
f05086
e3c11b
d821ab
cdc232
c532b0
bec320
bad381
b983d1
bad40e
bed438
c54450
cdc456
d8144b
e3c432
f0440d
fd43e0
0a43ad
16d377
227343
2cd313
3582eb
3c52cc
40f2b9
4362b4
4382bc
4162d2
3d32f5
371322
2f5358
262393
1bf3d0
11140b
05d441
fa846e
ef648e
e4d49d
dae49a
d1e480
c9e44e
c2f402
bd339e
b89322
b52292
b2b1f3
b15148
b0c097
b10fe4
b20f34
b38e8d
b5adf2
b83d69
bb4cf5
bebc99
c2ac58
c6fc32
cbbc27
d0fc37
d6ac61
dccca3
e36cfd
ea7d6d
f1edef
f9be7f
01bf1b
09dfbc
11f05f
19f0ff
21a19b
28d22e
2f72b8
355335
3a53a5
3e6406
417456
436495
4454c4
4444e4
4344f5
4174f9
3f04f1
3c24dd
3904be
35c495
32b463
2ff427
2db3e3
2c1398
2b4345
2b52ea
2c4289
2e1220
30b1b2
33f13f
37b0c8
3ba04f
3fafd4
436f5a
46bee0
494e69
4aedf7
4b4d8b
4a2d29
476cd2
42ec89
3cac4d
34bc20
2b5c00
20cbeb
154be1
092be0
fcdbe7
f0abf5
e4fc07
da1c1f
d06c39
c85c55
c22c72
be0c8e
bc3ca8
bcacc0
bf6cd6
c44ce8
cb2cf7
d3cd03
ddcd0c
e8fd12
f4dd15
010d16
0d2d15
18bd11
236d0c
2cbd03
348cf8
3a9ce8
3ebcd6
40ecc0
411ca8
3f4c8d
3b9c71
361c55
2eec39
265c1f
1cac08
121bf5
071be7
fbfbe0
f0ebe1
e63beb
dc1c00
d2cc20
ca5c4d
c2fc85
bcccca
b7cd1c
b3fd79
b15de0
afde51
af5ec8
afbf44
b0ffc4
b2e045
b580c7
b8a146
bc41c3
c0523a
c4b2aa
c96312
ce6370
d3a3c4
d9240d
dee44b
e4f47c
eb34a1
f1a4ba
f844c6
ff04c5
05d4b9
0cb4a2
13b480
1aa454
21741e
2813df
2e5396
341345
3952ec
3df28e
41f22a
4541c1
480155
4a20e6
4b9074
4c5000
4c6f8c
4baf1a
4a2eaa
47ce3f
44bdd7
40ed73
3c5d13
374cb8
319c62
2b7c14
24cbce
1dab94
161b66
0e1b45
05cb31
fd4b2a
f4cb31
ec7b45
e47b66
dcfb94
d60bcf
cfcc14
ca3c62
c57cb8
c19d13
be9d73
bcadd7
bbbe3f
bbceaa
bccf1a
be9f8c
c10000
c3e074
c700e6
ca4155
cd51c1
d0222a
d2628e
d3e2ec
d49345
d43396
d2f3df
d0c41e
cde454
ca7481
c6c4a2
c2f4b9
bf54c5
bbf4c6
b934ba
b734a1
b6347c
b6644b
b8040e
bb23c4
bfe370
c63312
cde2aa
d6e23a
e0d1c3
eb8147
f690c7
01c046
0ccfc4
173f44
20dec8
297e50
30bde0
367d79
3a8d1c
3cdccb
3d5c85
3c1c4c
392c20
34ac00
2ebbeb
279be1
1f8be0
16abe7
0d5bf5
03bc08
fa1c1f
f09c39
e76c55
deac72
d68c8d
cf1ca7
c85cbd
c26cce
bd4cdb
b8fce5
b56cec
b29cf2
b07cf8
af0cfe
ae5d06
ae4d0c
af0d11
b08d14
b2ed14
b62d10
ba5d09
bf8cfe
c5bcef
ccdcdc
d4dcc5
ddaca8
e73c85
f16c5e
fbec33
068c07
111bdb
1b4bb2
24cb90
2d5b77
34ab6b
3a8b6f
3e8b88
409bb7
408bfe
3e3c5e
39dcd6
336d64
2b4e05
21beb4
171f6c
0bb029
0000e5
f4519c
e8f247
de52e0
d4c363
cca3ca
c63411
c1d436
bf8436
bf7412
c183ca
c58362
cb62dc
d2b23d
db4189
e4c0c8
eef000
f98f38
042e77
0eadc3
18dd24
226c9e
2b3c36
333bee
3a5bca
408bca
45abef
49ec36
4d2c9d
4f8d1f
510db9
51ce64
51bf1b
50ffd7
4f9094
4d714d
4aa1fb
47129b
42c329
3da3a3
37b406
30f451
298485
2164a3
18a4ad
0f74a3
05f48a
fc5465
f2b436
e95402
e083cd
d87399
d15369
cb633f
c6e31b
c3f2fd
c2b2e6
c332d7
c582ce
c992cd
cf52d4
d692e1
df32f4
e8d30b
f34325
fe433f
097359
148371
1f3384
293393
32239d
39e3a2
4023a0
44e39a
48038f
49a37f
49d36d
48e357
46e341
44132a
40b314
3d0301
3932f2
3582e8
3222e4
2f52e7
2d22ef
2bc2fd
2b4311
2b9328
2cc344
2eb362
313383
3433a6
3773c9
3ad3ec
3e040b
40e426
433438
44b440
45643d
44f42c
43840e
40f3e2
3d43a9
389361
32d30c
2c32aa
24a23a
1c41bd
134135
09c0a6
000010
f64f7a
eccee5
e3ce55
db6dce
d3dd51
cd3ce0
c77c7f
c2cc2f
bf1bf2
bc8bc7
bb1bb0
baabaa
bb5bb5
bcdbcf
bf2bf3
c20c20
c53c53
c89c88
cbdcbc
cedced
d15d16
d34d35
d47d47
d4cd4c
d44d43
d2ed2d
d0bd0a
cdecde
ca8ca8
c6dc6e
c30c30
bf5bf5
bbfbbe
b92b91
b72b71
b63b63
b66b67
b81b81
bb3bb2
bfebfa
c62c5a
cdecd0
d6dd5a
e0ddf6
eb8e9f
f6af50
01d006
0cc0ba
172168
20d20a
29629d
30b31b
367381
3a93cb
3ce3f6
3d5401
3c13ed
3913ba
34936c
2eb304
27a286
1f91f4
16b154
0d50a9
03affa
f9ff4c
f08ea4
e76e06
decd75
d6acf4
cf2c82
c83c22
c1fbd5
bc7b9b
b7cb76
b3eb64
b0fb64
aeeb75
adab93
ad3bba
ad9be7
aedc19
b0ec4d
b3ec7f
b7ccaf
bc7cd9
c1fcfb
c83d14
cf1d21
d69d25
debd20
e76d15
f08d05
fa0cf2
03bcde
0d5cca
16bcb6
1f8ca5
279c96
2ebc8c
34ac87
392c85
3c0c85
3d2c88
3c6c8a
39bc8d
354c90
2f3c95
27cc9a
1f3ca1
15cca8
0bacb0
012cb6
f68cba
ebfcbc
e1ecbd
d87cbc
cfecbb
c89cb8
c28cb6
bdecb2
ba9cae
b89ca9
b7bca5
b7eca2
b8eca0
ba8c9f
bcac9f
bf1ca0
c1bca1
c46ca3
c6fca5
c95ca8
cb7cac
cd4cb1
ceccb6
cfdcb9
d09cbc
d11cbd
d14cbd
d13cbb
d10cb8
d0bcb5
d06cb0
cffca9
cf9ca3
cf2c9b
cecc95
ce4c8f
cdac8c
ccdc8a
cbdc8b
ca7c8e
c8ec93
c72c9a
c55ca4
c38cb0
c1ecbd
c07ccc
bf5cdb
be7ce9
be1cf6
be2cff
bebd04
bffd06
c1fd02
c4dcfa
c89cec
cd2cd8
d29cbe
d8bc9f
df7c7d
e69c59
ee0c35
f5ac13
fd4bf5
04fbdb
0c8bc9
13fbc1
1b2bc3
220bd3
289bf1
2eac1e
345c5b
398ca7
3e3d02
427d6a
463dde
495e5d
4bfee3
4ddf70
4f1000
4f9090
4f511d
4e31a3
4c4222
496296
4562fe
405359
3a23a5
32d3e2
2aa40f
21b42d
18343d
0e543f
045437
fa6425
f0a40b
e763ed
dee3cb
d743a7
d0e383
cbc361
c82343
c5e329
c53314
c5f306
c822fd
cbd2fa
d0e2fc
d74302
ded30b
e76317
f0a325
fa6333
046342
0e6350
18335c
21b366
2aa36e
32d371
3a2371
40536e
457367
49635e
4c4354
4e334b
4f4344
4f8341
4f1340
4de342
4bf346
49634c
463354
42635c
3e2365
39836d
348375
2f237a
29637c
23437a
1ca374
159369
0e235b
06534a
fe5336
f63322
ee130e
e612fb
de62eb
d732e0
d092db
cab2df
c5b2ea
c1a2fe
be931b
bca33f
bbb369
bbc399
bcc3cd
be9402
c10436
c3e465
c7048b
ca44a4
cd54ad
d024a3
d26485
d3f452
d4c409
d4b3ab
d3c337
d1f2ae
cf5213
cc1167
c860ae
c46fed
c06f2b
bc9e6d
b94dba
b6bd18
b52c8c
b4dc1d
b5fbce
b8aba3
bcfb9f
c2ebc2
ca7c0c
d38c7b
dddd0b
e93db8
f54e7c
01df4f
0e502c
1a8108
25e1dc
3012a0
38b34c
3f73d8
440441
464483
46149a
437486
3e6448
3723e1
2de354
2302a5
16c1da
09b0fb
fc4010
eeef25
e22e41
d67d6d
cc5cb3
c40c19
bdfba4
ba5b5a
b94b3e
bacb52
bedb94
c54c04
cdcc9c
d81d55
e3be2a
f04f10
fd4000
0a40f0
16d1d6
2272ab
2cd364
3583fc
3c546b
40e4ae
4324c2
4314a6
40a45c
3c13e8
35b34d
2dc292
24a1bf
1aa0db
101ff0
053f06
fa6e27
efed5c
e5dcac
dc7c1e
d3fbb7
cc5b7a
c5bb6a
c00b86
bb4bcc
b76c3b
b45ccc
b21d79
b08e3d
afaf0e
af5fe5
afa0ba
b09186
b21241
b452e4
b7536b
bb33d3
bff418
c5b439
cc6438
d40415
dc83d2
e5d371
efd2f6
fa5264
0531c0
101111
1aa05c
24bfa6
2ddef5
35be4d
3c0daf
409d1f
431c9e
436c2c
416bcb
3d3b7c
36cb3f
2e4b15
240afd
186af4
0baafb
fe5b0f
f0eb2e
e3db58
d79b8a
cccbc4
c3bc05
bcdc4b
b86c96
b6ace6
b7ad3a
bb7d92
c1edee
cace4f
d5ceb3
e27f1a
f06f84
ff0ff0
0db05d
1be0cb
29213b
34d1aa
3e8217
45d281
4a62e5
4c2341
4ae395
46b3df
3fc41f
364454
2ab480
1d74a2
0f04b9
0004c5
f104c6
e294ba
d554a2
c9c47c
c0544b
b9540d
b513c5
b3b374
b52319
b962b7
c0524c
c9c1da
d54161
e280e1
f0f05c
000fd4
0f1f4d
1d7ec7
2abe47
364dcf
3fbd60
46acfc
4aeca4
4c2c5b
4a7c21
45dbf7
3e8bdd
34dbd2
292bd6
1bebe6
0dbbff
ff0c20
f06c47
e27c71
d5cc9c
caccc5
c1ece9
bb6d05
b79d17
b66d1d
b7ed16
bc0d04
c28ce8
cb4cc5
d5fc9c
e22c72
ef7c48
fd4c20
0b2bfe
186be4
249bd5
2f5bd2
384bde
3f2bf8
43ec22
465c5b
466ca3
441cfa
3f7d5f
38bdcf
301e48
25eec9
1a8f4e
0e5fd4
01d05b
f550df
e93160
ddd1da
d3824e
ca72b8
c2e319
bcf370
b8a3bd
b5f3ff
b4d437
b52465
b6b489
b944a2
bc94b1
c064b5
c474af
c864a0
cc2487
cf5465
d1e439
d3b401
d4b3bd
d4c36d
d40310
d262a9
d02239
cd51c3
ca3147
c700c7
c3d046
c10fc4
be9f43
bcdec7
bbde50
bbbde0
bc9d7a
be9d1e
c1accb
c5bc83
cacc45
d0ac13
d73bed
de6bd4
e61bc7
ee0bc7
f62bd1
fe5be4
066bfe
0e2c1e
159c41
1cac67
233c8c
295cb0
2f1ccf
345ce8
391cfa
3d7d04
415d07
44cd04
47ccfd
4a5cf4
4c7ce8
4e0cdb
4f0ccd
4f4cbf
4eccb1
4d5ca4
4aec99
476c92
42cc8e
3d1c8f
363c93
2e3c9a
252ca3
1b3cac
109cb5
058cbb
fa3cbf
eefcc0
e41cbe
d9ecba
d0ccb4
c8fcac
c2cca4
be9c9b
bc7c92
bcac8b
bf1c86
c3cc84
ca9c86
d33c8c
dd8c97
e92ca5
f5bcb6
02ccca
0fccde
1c6cf2
280d05
324d15
3abd20
412d25
453d22
46cd14
45ccfb
422cd9
3c0caf
33bc7f
298c4c
1dcc19
111be7
03cbba
f66b93
e95b76
dd1b65
d22b64
c8db75
c18b9a
bc9bd5
ba2c25
ba4c89
bced00
c1dd88
c8ce1e
d18ebe
dbaf66
e6d011
f2b0ba
fed15d
0ae1f5
16727e
2132f3
2ae353
33739a
3ab3c6
4093d5
4523c9
4853a0
4a335e
4ad303
4a4293
48b210
465180
4360e5
402045
3cdfa2
399f01
369e65
33fdd1
31ad48
2fdcca
2e6c5b
2d7bfb
2cfbab
2ceb6b
2d4b3c
2e0b1c
2f3b0b
30ab07
325b0f
340b23
35ab41
371b6a
384b9d
392bd9
39cc1d
3a2c68
3a4cb8
3a2d0e
39dd6a
393dcd
384e36
371ea7
35af1e
340f9b
32501b
30b09d
2f311f
2e119f
2d421a
2cd28e
2ce2f7
2d7354
2e63a2
2fd3de
31b409
33f423
36942e
39942a
3cc41b
402401
4363e0
4653b9
48b38e
4a4364
4ad33b
4a3318
4852fc
4522e8
4092df
3ab2e1
3372ed
2af304
213324
16634a
0ad376
fed3a3
f2b3cf
e6d3f8
dbb419
d18431
c8c43e
c1c43d
bce42a
ba4406
ba23cd
bc9380
c19321
c8d2b1
d22232
dd11aa
e9511a
f65085
03cff0
111f5b
1ddecc
298e44
33bdc6
3c0d56
421cf3
45bc9e
46cc57
453c1e
412bf3
3acbd4
324bc3
27fbbf
1c5bc7
0fcbda
02cbf5
f5bc15
e93c37
dd9c5b
d33c7d
ca8c9e
c3ccbc
bf1cd7
bcacef
bc8d03
be9d11
c2dd1a
c8fd1c
d0bd18
d9ed0e
e41cff
eefcec
fa3cd6
059cbf
10aca9
1b3c93
252c80
2e2c71
363c66
3d4c60
434c5f
483c63
4c0c6d
4ebc7c
504c8f
50dca7
506cc0
4f1cdb
4d0cf5
4a6d0c
475d1f
43cd2c
3fcd33
3b6d32
36ad29
317d1a
2bed03
260ce5
1fecc1
199c97
134c67
0cdc34
067bfe
000bca
f99b9b
f33b75
eccb5c
e67b53
e02b5d
da0b7b
d41bae
ce6bf7
c8fc55
c3dcc9
bf2d52
baeded
b72e9a
b40f52
b19013
aff0d5
af1193
af3246
b042e8
b25374
b583e3
b9d432
bf445d
c5b461
cd243e
d563f4
de5385
e7d2f5
f1a248
fba184
05a0b1
0f6fd4
18aef8
213e23
28cd60
2f2cb4
344c28
37ebbf
3a2b7e
3adb66
3a1b79
37ebb7
343c1e
2f2cac
28cd5c
213e27
18af06
0f6ff0
05a0db
fba1be
f1a292
e7d34d
de63e8
d5645d
cd24a5
c5b4be
bf34a6
b9d45e
b583e9
b2534d
b04291
af41be
af20da
affff0
b19f06
b3fe28
b71d5c
baecac
bf3c1e
c3fbb6
c8fb79
ce3b66
d3ab7e
d93bc0
df0c28
e4fcb4
eb2d5f
f19e22
f83ef7
ff0fd4
05e0b2
0cd186
13c249
1aa2f5
216384
2803f3
2e543e
345465
39d466
3ed441
4323f7
46c38b
49a301
4bb25f
4cf1a8
4d60e5
4cf01c
4bbf54
49ae92
46cddd
432d38
3ecca8
39dc2d
345bcb
2e5b82
280b52
216b3a
1aab3b
13cb51
0ccb7a
05dbb2
ff0bf5
f83c3c
f1ac85
eb3cc9
e4fd06
defd38
d93d5c
d3ad72
ce6d78
c96d6c
c4bd50
c05d26
bc4cef
b8bcb0
b58c6b
b2fc26
b0fbe4
afbba9
af4b7a
afcb59
b15b4b
b3fb53
b7cb72
bccbaa
c2fbfa
ca5c62
d2bcdf
dc1d6f
e63e0d
f0eeb7
fbff68
07201b
1210cc
1c9174
26420f
2ed298
36130b
3ba366
3f63a7
4113ce
40b3d9
3e43c9
39c3a0
33535d
2b4303
21c293
172211
0bc181
0000e5
f44044
e8efa1
de4f01
d4ce65
ccbdd2
c64d48
c1ccc9
bf5c57
befbf3
c0ab9e
c46b59
c9fb25
d13b03
d9caf2
e37af1
edfaff
f8eb19
040b40
0f1b72
19dbae
23fbf2
2d5c3e
35ac8f
3cdce3
42cd3b
477d94
4afdf0
4d5e4f
4ebeb1
4f3f18
4eff82
4e0ff0
4c805e
4a70ce
47d13c
44c1aa
414216
3d627f
3902e4
345345
2f239e
2973ed
234433
1ca46c
158499
0e14ba
0654ce
fe54d6
f634d0
ee24bc
e6249b
de646c
d72431
d083eb
cac39d
c5e348
c222ed
bf728e
bdd22a
bd21c1
bd6155
be50e5
bff073
c20000
c47f8d
c72f1b
c9ceab
cc5e3f
ce8dd6
d04d72
d18d14
d21cbb
d1fc6b
d12c22
cfcbe2
cdcbac
cb6b7f
c8ab5d
c5db46
c31b3b
c08b3b
be6b46
bceb5f
bc2b84
bc4bb5
bd6bf2
bfac3c
c2fc90
c77cef
cd1d56
d3cdc7
db6e3d
e3deb9
ecdf39
f65fba
00003c
09b0bc
133138
1c31b0
24a220
2c4287
32f2e4
389335
3d137b
4063b3
42a3e0
43c400
43e415
43241f
41a421
3f8419
3cf40b
3a33f8
3763e1
34a3c7
3243ab
30438f
2ed373
2e1359
2df340
2e932a
2fc317
318308
33b2fd
3632f5
38e2ef
3b82ec
3e02ea
4022eb
41c2ee
42b2f4
42e2fd
422309
408319
3de32a
3a533c
35d350
306365
2a137b
231393
1b83ad
1373c7
0b33e2
02c3fa
fa540e
f2041e
ea0426
e26425
db341a
d48401
ce73d9
c903a2
c43359
c01300
bc9297
b9b222
b781a2
b5f11b
b5008f
b4b000
b51f71
b60ee5
b78e5d
b9bdde
bc8d69
c00d01
c44ca6
c93c5b
cefc1f
d56bf1
dc6bd3
e3dbc3
ebabc0
f3abc9
fbbbdb
03cbf5
0bcc14
138c36
1afc5a
220c7d
287c9f
2e4cbd
336cd7
37bcec
3b3cfa
3e0d03
400d06
415d04
41fcfe
421cf5
419ce9
40bcdb
3f8ccc
3e1cbe
3c7cb0
3abca4
38fc9a
373c93
358c8e
340c8b
32ac8b
318c8c
309c90
2fdc95
2f4c9b
2efca2
2ebca9
2eacb0
2ebcb5
2eecb9
2f4cbb
2fdcbd
309cbc
318cbb
32acb9
340cb6
358cb1
373cad
38fca9
3abca5
3c7ca2
3e1ca0
3f8c9f
40bc9f
419c9f
420ca0
41fca2
415ca5
400ca9
3e0cad
3b4cb1
37bcb6
335cb9
2e4cbb
287cbc
220cbd
1b0cbc
138cb9
0bccb5
03ccb0
fbaca9
f39ca2
eb9c9b
e3dc95
dc7c90
d56c8c
cefc8a
c90c88
c3cc86
bf2c85
bb5c87
b84c8c
b5fc96
b46ca4
b3acb5
b3bcca
b46cdf
b5ecf3
b7fd06
bacd15
be2d1f
c22d23
c6ad21
cbbd16
d14d03
d72ce6
dd6cc2
e3fc97
eabc66
f1ac32
f8dbfd
000bca
074b9c
0e6b76
155b5d
1c1b53
22ab5d
28db7a
2edbae
348bf7
39ec56
3eccca
431d52
46cded
49ae99
4bcf52
4cf012
4d60d5
4cf193
4bb246
49a2e8
46c374
4323e3
3ed432
39e45c
34845e
2ed437
28d3e8
229373
1c12de
15622f
0e716b
07409a
000fc4
f8ceef
f19e23
eaad68
e3fcc5
dd7c40
d73bdf
d13ba5
cb8b92
c62ba6
c14be2
bcec42
b94cc5
b66d66
b44e20
b31eed
b2afc4
b3109c
b4516e
b66231
b942de
bce371
c133e5
c63436
cbb461
d1b465
d80442
dea3f8
e5638b
ec4300
f3325d
fa21a7
0100e5
07d01d
0e7f55
14ee93
1b1ddd
210d37
26cca6
2c6c2d
31dbcb
371b83
3c1b53
40db3b
452b3b
48eb50
4c0b79
4e7bb1
501bf5
50ec3d
50dc86
4fccca
4dbd06
4a8d36
463d5a
40ed71
3a9d7a
336d73
2b7d5d
22ed38
19bd06
100cc8
060c83
fbcc3b
f1bbf5
e7fbb3
deeb7c
d6cb52
cfdb3b
ca4b39
c61b50
c37b82
c27bcf
c32c36
c58cb7
c99d4c
cf5df4
d69eab
df3f6c
e8d031
f340f6
fe41b3
097261
1482fb
1f337b
2933dd
32241e
39e43d
402439
44d413
4803cb
49a362
49d2dc
48e23d
46e189
4410c8
40b000
3d0f38
393e77
358dc4
322d24
2f5c9e
2d3c35
2bcbee
2b4bca
2b9bcb
2ccbef
2eac36
313c9d
343d1f
378db8
3ade63
3e0f1b
40dfd8
432095
44b14d
4561fb
45029b
439329
40e3a2
3d1406
381452
320486
2b04a4
2324ad
1ab4a3
11b489
086464
ff0436
f5b403
ecb3ce
e4339a
dc6369
d5633e
cf431a
c9f2fd
c572e6
c1e2d7
bf22cf
bd42ce
bc32d4
bc02e0
bc82f3
bdb30a
bf5325
c14340
c3635a
c5a371
c7d384
c9e393
cbd39c
cd73a1
cec3a0
cfb39b
d04390
d07380
d0436d
cfe357
cf4340
ce8329
cdb314
ccd302
cbf2f3
cb12e9
ca42e4
c992e6
c922ee
c8e2fd
c8f311
c93329
c9a345
ca3363
cac383
cb43a5
cbb3c8
cbf3eb
cc040b
cbe427
cba439
cb4441
cac43d
ca342b
c9b40d
c933e1
c8f3a9
c8e362
c9130e
c992ab
ca423a
cb11bc
cbf134
cce0a4
cdb010
ce8f7b
cf3ee7
cfde57
d04dce
d07d4f
d04cde
cfac7f
ce8c33
ccfbfb
cafbd6
c8cbc4
c67bc2
c41bce
c1ebe6
bfec08
be4c31
bd1c5d
bc6c8b
bc7cb6
bd4cdc
bedcfb
c13d12
c45d1f
c83d24
ccbd20
d1ed12
d7acfb
de0cdc
e50cb6
ec7c8b
f43c5d
fc4c31
046c08
0c8be6
147bce
1c3bc2
239bc4
2a9bd6
311bfa
370c2f
3c5c78
40ecd2
44bd3c
47cdb6
4a1e3c
4baecd
4c6f65
4c5000
4b909c
4a2133
4801c4
45424a
41e2c3
3df32e
395389
3413d4
2e540e
281438
21744f
1aa456
13b44c
0cc433
05d40e
ff03e0
f833ac
f1a377
eb3343
e4f313
def2eb
d932cc
d3a2b9
ce32b4
c902bc
c3f2d2
bf32f5
bae322
b71358
b3f393
b193d0
aff40b
af2441
af346e
b0448e
b2549d
b58499
b9d47f
bf244e
c57406
cca3a5
d4932f
dd32a5
e6520a
f00162
fa00b1
043ffb
0e5f46
181e97
212df4
294d62
303ce5
35cc80
39fc37
3c9c0a
3d9bfc
3cec0b
3a8c37
367c81
30bce5
297d61
20ddf4
173e97
0ccf46
01cffc
f6a0b2
eb8163
e0d20a
d6d2a5
cde32e
c623a5
bfe406
bb344f
b80480
b6649a
b6349d
b7248d
b9246d
bbf441
bf540b
c303d1
c6d394
ca8359
cde322
d0b2f4
d2e2d1
d442bc
d4c2b7
d472c2
d342da
d152fe
ced32b
cbd35c
c89390
c533c2
c203f0
bf2418
bce434
bb5444
baa445
bb0436
bc8416
bf13e7
c2c3a9
c7735d
cd3305
d3d2a0
db6231
e3b1b9
ecc138
f640b3
00002c
09cfa4
134f20
1c5ea0
24ae26
2c3db3
32dd49
389ce7
3d4c90
40fc43
438c00
450bc8
456b9b
44bb78
432b5f
40db50
3e0b4b
3adb50
378b5f
343b78
313b9b
2eabc8
2ccc00
2b9c43
2b4c90
2bdce7
2d3d49
2f5db3
322e26
358ea0
393f20
3d0fa4
40b02c
4420b3
46f138
48e1b9
49d231
4992a0
47f305
44e35d
4063a9
3a63e7
330416
2a6436
20a445
162445
0b0435
ffa418
f463f0
e983c2
df538f
d6335c
ce532b
c7f2ff
c362db
c0b2c1
bff2b4
c132b5
c452c4
c942e1
cfc30b
d7b33f
e0d37a
ead3ba
f573fa
005436
0b346b
15b495
1fa4ae
28c4b3
30e4a2
37e477
3db431
4243d1
458358
4772c8
485223
48216e
4720ac
457fe4
436f1b
40fe57
3e6da1
3bbcfe
391c75
36ac09
348bc0
32cb9b
318b9b
30bbc1
304c0d
303c7c
304d0b
306db8
309e7b
30af4f
30b02c
30a108
3091dd
3062a0
30434c
3033d8
304441
30b481
318496
32c47f
34843c
36a3cf
39133c
3bb28a
3e61bf
40f0e4
436000
457f1c
471e41
482d76
485cc4
478c31
458bc3
423b81
3d8b6c
377b86
301bcc
279c3a
1e2ccc
141d7a
099e3d
feef0e
f46fe5
ea40ba
e0d185
d83240
d0d2e4
cac36c
c653d3
c3b418
c2e439
c3f438
c6d415
cb63d2
d15371
d872f6
e09264
e961c0
f2b111
fc405c
05ffa6
0f7ef5
18ae4d
216daf
298d1f
30fc9e
37bc2c
3dabcb
42cb7c
471b3f
4aab15
4d7afc
4f9af4
50fafb
51bb0f
51cb2f
511b58
4f8b8a
4d2bc4
49ec05
45ac4b
409c96
3a9ce6
33bd3a
2c0d92
237def
1a3e4f
103eb3
05bf1a
faef84
effff0
e5505d
db50cc
d2313b
ca51aa
c40217
bf7280
bcf2e4
bca341
be9395
c2d3df
c9441f
d1c454
dc0480
e7b4a2
f464b9
01b4c5
0f24c6
1c34bb
2874a2
33447c
3c544a
43340d
47a3c5
496374
48631a
4492b7
3e224d
3541da
2a4160
1d90e0
0fa05c
010fd4
f25f4d
e42ec8
d6ee48
cb3dcf
c18d5f
ba3cfb
b5aca4
b3ec5b
b52c21
b95bf7
c04bdd
c9cbd2
d55bd5
e29be5
f10bfe
000c20
0f0c47
1d7c71
2abc9c
364cc5
3fbce8
46ad05
4afd17
4c5d1d
4aed17
46ad05
3fbce9
364cc5
2acc9c
1d8c71
0f1c47
000c20
f0fbff
e29be6
d55bd6
c9cbd2
c05bdd
b95bf7
b52c22
b3ec5e
b59cac
ba3d09
c18d72
cb3de6
d6ee61
e42ee1
f25f63
010fe5
0fa065
1d90e1
2a4159
3541ca
3e2234
449296
4872f1
49a345
482391
4403d6
3d8415
34c44c
2a147d
1de4a6
1094c8
02c4e0
f4e4f0
e7a4f4
db74eb
d0b4d5
c7c4ae
c0d476
bc242d
b9b3d1
b9a362
bbf2e2
c09252
c751b3
cff10a
da2058
e58fa3
f1beef
fe3e41
0abd9e
16dd0b
223c8f
2c8c2d
359be9
3d2bc8
431bca
476bf1
4a1c3c
4b3ca8
4aed33
495dd9
46ce93
437f5b
3fa02c
3b90fc
37a1c5
33f27f
30b324
2e23ac
2c5412
2b5453
2b446c
2c045b
2da421
2fe3c0
32b33b
35c298
3901dd
3c2111
3f003c
417f65
433e95
444dd1
445d22
437c8d
417c19
3e6bc9
3a5ba2
355ba4
2f7bcd
28dc1c
21ac8c
19fd18
120dbb
09ee6e
01bf2b
f9bfed
f1e0ad
ea7166
e36213
dcd2af
d6a337
d0f3ab
cbb409
c6f452
c29485
beb4a3
bb44ad
b844a4
b5a48b
b39465
b20436
b10401
b0c3cc
b14398
b2b369
b5233f
b8a31b
bd32fd
c2f2e6
c9e2d7
d1e2ce
dae2cd
e4d2d4
ef62e1
fa82f4
05d30b
111325
1bf33f
262359
2f4370
371384
3d4393
41739d
4383a2
4363a0
40f39a
3c438f
35737f
2cd36d
228358
16e341
0a532a
fd4314
f04301
e3b2f2
d802e8
cdc2e4
c542e7
bee2ef
bad2fe
b94311
ba5328
bdf343
c40362
cc5383
d683a6
e233ca
eef3ec
fc440b
09b425
16b438
22f440
2de43d
37342d
3e740e
4363e1
45e3a5
45c35a
4332ff
3e4297
374222
2e81a3
24511c
19208f
0d5000
013f71
f53ee5
e9ae5d
deddde
d51d69
cc8d01
c56ca7
bfac5e
bb6c26
b89bff
b70be6
b6bbdb
b76bda
b8ebe3
bb1bf2
bdbc06
c07c1e
c34c38
c5fc52
c85c6d
ca7c85
cc4c9c
cdccaf
cefcc0
cfecce
d09cda
d10ce4
d14cec
d13cf3
d10cf9
d0ccff
d06d06
cffd0b
cf9d10
cf2d13
cecd14
ce4d11
cdad0a
ccecff
cc0cef
cafcdc
c9bcc4
c85ca7
c6dc85
c53c5f
c38c34
c1ec08
c06bdb
bf2bb1
be2b8e
bdab76
bdbb6b
be6b70
bffb89
c27bb7
c5ebfa
ca7c56
d00cc8
d69d51
ddeded
e5ee9a
ee5f53
f72013
0000d5
08e192
11b245
1a22e8
222374
2973e4
300433
35945e
3a2461
3d943e
4013f3
41a384
4252f5
426248
41e185
40e0b1
3fafd4
3e2ef8
3c8e23
3add60
393cb4
37bc28
365bbf
351b7e
340b66
331b79
326bb7
31cc1e
314cac
30ed5c
307e27
301f06
2faff0
2f40db
2ef1bf
2ec292
2ec34d
2f03e8
2f745c
3024a6
3114c2
3244ae
33c46b
3593fc
37b364
3a22ab
3cc1d7
3f90f0
425000
44ef10
471e29
48ad55
495c9c
490c04
478b95
449b52
402b3e
3a2b5a
32aba3
29cc18
1fbcb3
14cd6e
093e42
fd7f25
f1b010
e650fa
dba1d8
d202a4
c9d354
c353e2
bee44a
bcb486
bce496
bf647a
c43433
cb13c5
d3c334
ddd287
e901c4
f4e0f3
01001b
0d1f45
18ae7a
235dbf
2cbd1c
349c95
3aac2e
3ebbe9
40bbc7
40abc7
3e8bea
3a7c2d
34ac8f
2d6d0a
24dd9d
1b4e40
111eef
068fa4
fbd059
f1510a
e731b3
ddb251
d4d2e1
ccd363
c5b3d4
bf8435
ba5483
b624c0
b2e4eb
b08504
af050c
ae4505
ae54f1
af14d1
b074a7
b29475
b5643c
b8e3fc
bd43b6
c27369
c89317
cf92be
d75260
dfd1fe
e8d199
f23133
fbb0cd
052066
0e5000
173f9a
1f8f33
271ecd
2dbe67
332e02
372da0
39ad42
3a7ce9
39ac96
372c4a
331c04
2dbbc4
272b8b
1f9b59
174b2f
0e5b0f
051afa
fbaaf3
f22afc
e8db15
dfeb40
d76b7d
cf8bcc
c85c2c
c1fc9d
bc6d1e
b7bdaf
b3ee4d
b0fef6
aeefa7
ada05c
ad3111
ada1c0
aee263
b0f2f5
b3e371
b7b3d3
bc6416
c1f438
c85436
cf840f
d763c5
dfe358
e8d2cd
f22227
fba16d
0510a4
0e5fd4
174f04
1f9e3b
272d81
2dbcdc
331c54
371bed
39bbac
3abb94
3a2ba5
37fbe0
344c41
2f2cc5
28bd67
212e22
18aeee
0f6fc4
05a09b
fbb16c
f1a230
e7d2de
de5372
d563e6
cd2437
c5b461
bf4465
b9d441
b583f7
b2538b
b04301
af325e
af11a8
aff0e5
b1901d
b40f55
b72e93
baeddd
bf2d38
c3eca7
c8fc2e
ce6bcf
d41b8a
da0b5f
e02b4d
e67b52
eccb6b
f33b94
f99bc9
000c06
066c47
0cdc87
133cc2
199cf5
1fed1e
260d3b
2bed4b
317d50
369d48
3b6d34
3fcd15
43cced
475cbd
4a7c89
4d1c54
4f1c20
505bf2
50cbce
504bb5
4ebbaa
4c0bb0
484bc8
435bf2
3d4c2f
363c7f
2e1ce0
251d50
1b3dce
10be56
05aee6
fa4f7a
eef010
e400a5
d9c135
d0a1bc
c8f23a
c2e2aa
beb30d
bc8362
bc73a9
be83e2
c2d40e
c9542c
d1c43d
dc0441
e7a439
f46426
01b40b
0f23eb
1c33c9
2863a5
334383
3c6362
434344
47a329
494311
47f2fd
43d2ef
3d02e6
33c2e4
28a2e9
1bf2f3
0e4302
000314
f1c329
e41340
d76357
cc436d
c31380
bc438f
b81399
b6a39d
b7f399
bbf390
c28380
cb436d
d60357
e23340
ef8329
fd4314
0b1302
1852f3
2482e9
2f52e4
3842e6
3f32ee
43f2fe
465314
465330
440351
3f7374
38b399
3023be
25f3e2
1a8401
0e541c
01c42f
f54439
e92439
ddd42c
d38414
ca83ee
c2f3bb
bcf37b
b8a32e
b5f2d7
b4d274
b52209
b6b197
b94120
bca0a7
c0602c
c46fb1
c86f38
cc1ec1
cf5e4e
d1fde0
d3cd78
d4bd17
d4ccbf
d3fc70
d25c29
d01beb
cd5bb4
ca4b84
c71b5b
c3eb39
c10b20
be8b10
bccb0c
bbcb14
bbbb2b
bcab52
beab8a
c19bd4
c57c2f
ca3c9e
cfcd1e
d60dae
dcfe4d
e47ef6
ec7fa8
f4c05d
fd4111
05c1bf
0e1262
1612f5
1da371
24c3d4
2b7417
319438
374436
3c540f
40d3c4
44b358
47c2cd
4a2227
4ba16d
4c60a5
4c5fd4
4b9f04
4a2e3b
480d81
454cdc
41fc54
3dfbee
395bad
341b94
2e4ba5
280bdf
217c40
1aacc5
13bd68
0cce23
05deef
ff0fc4
f8309b
f1a16c
eb322f
e4f2de
def372
d933e7
d3a437
ce3461
c90464
c3f440
bf33f7
bae38b
b71301
b3f25e
b181a8
aff0e5
af201d
af4f54
b05e92
b25ddd
b58d38
b9cca8
bf3c2f
c5bbcf
cd2b8a
d57b5f
de6b4d
e7db52
f1ab6b
fb9b95
059bca
0f6c06
18bc46
214c86
28ccc1
2f2cf5
343d1f
37dd3c
3a1d4b
3add4c
3a2d3f
37fd25
344d01
2f2cd5
28bca4
212c71
18ac3e
0f6c10
05bbe8
fbbbcc
f1bbbc
e7dbbb
de5bca
d55bea
cd2c19
c5ec57
bfcca3
baacfc
b6bd60
b3cdcf
b1ce47
b0bec7
b07f4c
b0ffd4
b2305c
b420e1
b6b161
b9d1da
bd924c
c1c2b7
c68319
cbb374
d163c5
d7840e
de044b
e4e47c
ec04a2
f374ba
fb04c6
02c4c5
0a74b9
1214a2
198481
209454
27441e
2d63de
32e396
37b345
3bb2ec
3ee28e
41422a
42c1c1
438155
4390e5
42f073
41c000
402f8d
3e3f1b
3bfeab
399e3f
374dd6
350d72
331d13
318cbb
306c6b
2fcc22
2f9be2
2fcbac
302b7f
30cb5d
318b46
325b3b
333b3b
341b46
34fb5f
35cb84
367bb5
36ebf2
372c3b
371c90
36dcef
366d56
35ddc7
354e3d
34ceb9
345f39
341fba
34003c
3410bc
345138
34c1b0
354220
35d287
3662e4
36d335
37137b
3723b4
36f3e0
367400
35c415
34f41f
341420
333419
32540b
3183f8
30c3e1
3033c7
2fc3ab
2f938e
2fc373
306359
318343
331332
350325
37431b
399314
3bf30e
3e2308
402302
41c2fa
42f2f4
4392ef
4392ec
42c2ec
4132f0
3ed2f7
3bb302
37d311
335324
2e233b
286358
22037b
1b03a2
1393cd
0bc3f9
03c425
fba44e
f39470
eb9489
e3d495
dc7491
d57478
cf0449
c93402
c433a2
bff32a
bc829c
b9b1fb
b7914c
b60094
b51fd7
b4bf1b
b50e64
b5edba
b78d20
b9bc9d
bc9c36
c01bef
c44bcb
c93bce
ceebf6
d55c43
dc5cb1
e3dd3c
ebbddd
f3be90
fbcf4e
03c010
0bb0d1
13718a
1af234
2202cb
288349
2e53ab
3363ec
37b40b
3b340a
3df3e7
3ff3a7
41534a
4202d6
42224d
41a1b4
40b111
3f7068
3e0fbd
3c6f15
3abe73
390ddb
374d4e
359ccd
340c5b
329bf8
316ba5
308b61
2fdb2e
2f5b08
2f0af0
2ecae5
2eaae5
2eaaf0
2edb06
2f3b28
2fdb56
30ab8f
319bd5
32ac27
33cc85
350cf0
364d67
37bdea
393e76
3adf09
3c8fa2
3e203c
3fa0d5
40e16a
41d1f6
426278
4252eb
41a34b
402393
3da3c1
3a23d2
3583c5
2ff39a
297353
2222f3
1a327d
11c1f4
08f15d
0000ba
f71011
ee4f66
e5debe
ddee1e
d6ad88
d01d00
ca7c89
c5bc25
c1ebd5
bf1b9a
bd3b75
bc3b64
bc0b65
bc9b76
bdbb93
bf5bba
c13be7
c35c19
c59c4c
c7dc7f
c9fcaf
cbdcd9
cd7cfb
cecd14
cfad21
d03d25
d06d20
d04d15
cffd05
cf5cf2
ce9cde
cdbcca
ccccb6
cbeca5
cb0c97
ca4c8c
c9ac86
c93c84
c8ec86
c8bc8b
c8bc92
c8cc9a
c90ca3
c95cac
c9bcb4
ca2cbb
ca9cbf
cb0cc0
cb5cbf
cb9cba
cbccb4
cbdcac
cbcca3
cbbc9b
cbac92
cb9c8b
cb9c86
cbac84
cbcc86
cbdc8c
cbcc97
cbaca5
cb6cb6
cb0cca
ca8cde
ca1cf2
c9ad05
c95d15
c90d20
c8dd25
c8bd22
c8bd14
c8dcfb
c92cd9
c99caf
ca4c7f
cb1c4d
cbfc19
ccdbe8
cdbbba
ce8b92
cf4b75
cfeb64
d04b64
d07b76
d04b9b
cfabd5
ce8c22
ccfc82
cb0cf3
c8cd75
c67e06
c41ea4
c1ef4c
bfeffa
be40a9
bd1154
bc71f4
bc7285
bd4304
bed36c
c133ba
c453ed
c83401
ccb3f6
d1e3cb
d7a381
de031b
e4f29d
ec620a
f43168
fc40ba
046006
0c8f50
147e9f
1c3df6
239d5a
2a9cd0
311c5a
370bfa
3c5bb2
40eb81
44cb67
47cb63
4a1b71
4b9b91
4c5bbe
4c5bf5
4bac30
4a3c6e
481ca8
454cde
41ed0a
3ded2d
395d43
345d4c
2edd47
28ed35
22ad16
1c1ced
155cbc
0e5c88
073c53
000c20
f8dbf3
f1bbce
eabbb5
e3fbaa
dd6bb0
d72bc7
d13bf2
cbbc2f
c6bc7f
c22ce0
be2d50
bacdce
b7fe55
b5dee5
b46f7a
b3b010
b3b0a5
b47135
b5f1bc
b8423a
bb52aa
bf230d
c3b360
c903a5
cef3da
d57401
dc7419
e3d425
eb9426
f3941e
fba40e
03c3fa
0bc3e2
1383c8
1b03ad
220393
28737b
2e4365
335351
37b340
3b4332
3e0326
40031c
415314
41f30d
420307
419301
40b2fa
3f82f5
3e12f0
3c72ed
3ab2ec
38f2f0
3732f7
358302
340311
32a324
31833c
309359
2fd37b
2f43a1
2ef3cc
2eb3f9
2ea425
2eb44f
2ee471
2f448a
2fd495
309490
318477
32a449
340402
3583a2
37232b
38e29c
3ab1fb
3c714c
3e1093
3f9fd6
40bf1b
419e65
420dba
41fd20
415c9d
401c35
3e0bee
3b3bcb
377bce
32ebf7
2d7c44
275cb2
209d3c
197ddd
120e8f
0a6f4d
02c010
fb10d2
f3818b
ec1236
e4e2cb
de0348
d773a9
d163eb
cbb40e
c68411
c1d3f4
bd93b9
b9d361
b6b2ee
b42265
b231ca
b0f121
b07072
b0bfbf
b1cf0e
b3ce63
b6bdc1
baad2c
bfcca5
c5ec2f
cd2bcc
d55b7c
de4b3f
e7db15
f1bafd
fbcaf4
05bafb
0f6b0f
189b2f
211b58
28bb8b
2f2bc4
345c04
380c4b
3a2c97
3abce9
39ad42
371d9f
330e01
2dbe67
272ecd
1faf34
174f9a
0e5000
051066
fb90cc
f22133
e8d199
dfe1ff
d77261
cf82be
c85317
c1f369
bc63b5
b7b3fc
b3e43c
b0f475
aee4a8
ada4d1
ad34f1
ad9505
aed50c
b0f503
b3e4eb
b7b4c1
bc7484
c1f434
c853d1
cf835b
d762d4
dfe23f
e8d19d
f220f2
fba041
051f8f
0e5edf
174e36
1f9d9b
272d12
2dbc9f
331c47
372c0c
39bbef
3abbf2
3a2c15
37fc57
344cb8
2f2d35
28cdcb
212e75
18af2e
0f6ff0
05a0b3
fba171
f1a223
e7d2c4
de534e
d563bc
cd2409
c5b432
bf3435
b9d412
b583cb
b25363
b042e0
af4246
af219b
aff0e5
b19029
b3ff6d
b71eb4
baee05
bf3d64
c3fcd6
c8fc5e
ce3bfe
d3abb7
d93b88
defb70
e4fb6b
eb2b77
f19b90
f83bb2
ff0bdb
05ec07
0ccc33
13cc5e
1aac85
217ca8
280cc5
2e5cdb
345cec
39dcf6
3eccfb
432cfd
46ccfc
49acfa
4bccf7
4cfcf6
4d6cf5
4cfcf6
4bbcf7
49acfa
46ccfc
432cfd
3edcfb
39dcf6
345cec
2e5cdb
27fcc5
216ca8
1aac85
13cc5e
0cec33
05ec06
ff0bdb
f82bb2
f18b90
eb2b77
e4fb6b
df0b70
d94b88
d3bbb7
ce3bfe
c8fc5e
c3ecd6
bf2d64
baee05
b72eb4
b40f6d
b1a029
aff0e5
af119b
af2246
b032e0
b25363
b593cb
b9e412
bf3435
c57432
cc9409
d483bc
dd234e
e652c4
f01223
fa2171
0450b3
0e5ff0
180f2e
210e75
293dca
303d35
35ecb8
3a0c57
3c9c15
3d5bf2
3c6bef
39ac0c
353c47
2f3c9f
27ed12
1f5d9b
15de36
0baedf
011f8e
f66041
ebe0f2
e1e19d
d8823f
d002d5
c8935a
c253cd
bd542c
b9a477
b754af
b644d5
b654eb
b764f3
b934ef
bba4e0
be74c8
c194a6
c4c47d
c7f44c
caf415
cda3d6
cfc390
d14341
d212ea
d25289
d20221
d151b2
d0513e
cf20c7
cde04e
ccafd4
cb6f5a
ca4ee1
c96e6a
c8cdf7
c87d8b
c85d29
c85cd2
c88c89
c8ac4e
c8dc20
c90c00
c95beb
c9abe1
ca1be0
ca8be7
cb0bf5
cb6c07
cbac1e
cbcc39
cbdc55
cbcc72
cbac8e
cb9ca7
cb9cbd
cbacce
cbbcdb
cbcce4
cbdcec
cbccf2
cb9cf8
cb5cff
cb0d06
ca9d0c
ca2d11
c9bd14
c95d14
c90d10
c8cd09
c8bcfd
c8bcec
c8ecd5
c92cb8
c9ac96
ca4c6f
cb0c45
cbec1b
ccdbf1
cdbbca
ce9ba8
cf5b8e
cfeb7e
d04b7b
d06b88
d03ba8
cfbbdd
cecc28
cd7c89
cbdcff
c9ed87
c7de1e
c5aebf
c36f67
c14012
bf50ba
bda15c
bc81f3
bc027d
bc32f3
bd4354
bf239b
c1e3c5
c573d2
c9e3c0
cf3392
d5634a
dc62eb
e44279
ecb1f7
f5b16a
ff00d5
08603b
11afa1
1aaf09
232e76
2b0deb
321d69
380cf1
3cdc83
406c20
42bbc8
43db7d
43eb3e
431b0e
419aec
3f8ad9
3cfad3
3a3adb
376aef
34ab10
324b3e
304b7a
2edbc5
2e0c1e
2dcc85
2e1cf9
2efd77
305dfe
324e8d
349f22
375fb9
3a2051
3cf0e5
3f9174
41a1fa
432272
43e2db
43c331
429371
405399
3cd3a7
38139b
322373
2b1332
2322db
1a9271
1181f7
084173
ff00e5
f5c052
ecdfbb
e45f23
dc6e8d
d55dfd
cf2d75
c9ecf8
c5bc89
c27c28
c01bd4
be8b8f
bdbb56
bd9b29
be0b07
bf0af0
c06ae5
c20ae4
c3aaf0
c54b08
c6db2e
c84b62
c9aba5
cafbf8
cc4c5b
cd7ccd
ce9d4d
cf8ddb
d03e73
d0cf15
d11fbd
d15068
d16111
d151b4
d1224d
d0c2d6
d0334a
cf73a7
ce83e8
cd640a
cc440b
cb03ec
c9b3ab
c8434a
c6d2cb
c53234
c3918a
c1f0d1
c06010
bf1f4e
be1e90
bd9dde
bdbd3c
be7cb1
c00c43
c26bf6
c5bbce
c9fbcb
cf3bef
d55c36
dc6c9d
e44d20
eccdb9
f5be64
ff0f1b
085fd7
11a094
1aa14c
2321fb
2b129b
321329
3803a2
3cd402
40644a
42b479
43d491
43e495
431489
419470
3f744e
3cf425
3a43fa
3763ce
34b3a3
32437b
304358
2ed33b
2e1324
2df314
2e930a
2fc305
318303
33b304
363306
38e308
3b830a
3e030b
40230b
41b309
42b306
42e304
423303
408304
3dd30a
3a2314
355325
2f833c
28e358
21a37b
19e3a2
11e3cd
09c3f9
01b425
f9c44e
f20471
ea8489
e36495
dcc490
d69478
d0e449
cbb402
c703a2
c2b32a
bec29c
bb41fb
b8214c
b59093
b38fd6
b20f1b
b11e65
b0edba
b16d20
b2bc9d
b51c35
b88bee
bd3bcb
c33bce
ca6bf7
d2cc44
dc1cb1
e63d3c
f0eddd
fbfe90
072f4e
121010
1ca0d2
26518a
2ee235
3612cb
3b9349
3f43aa
4113eb
40e40b
3eb40a
3a93e8
3483a7
2cb34a
2362d5
18b24c
0d21b4
010111
f4d068
e8ffbe
ddcf16
d3ce73
cb2dda
c44d4d
bf6ccc
bcac5b
bc3bf9
be1ba6
c22b62
c85b2e
d06b07
da0aef
e4eae4
f0aae5
fceaf1
093b08
154b29
20cb56
2b5b8e
34bbd3
3cac27
431c89
47ecf9
4afd76
4c6dfe
4c5e8d
4aef22
485fba
44d051
40b0e5
3c4174
37c1f9
338272
2fa2db
2c8331
2a3372
28d39b
2883ab
2943a2
2b037f
2db344
3112f2
35028b
394212
3da18a
41c0f6
45705a
487fbb
4a7f1b
4b5e7d
4adde5
48ed56
456cd1
406c5b
39ebf4
321b9d
292b59
1f3b25
149b04
098af3
fe5af1
f34aff
e8cb19
df1b40
d68b72
cf5bae
c9abf2
c59c3d
c32c8f
c27ce6
c37d41
c60da0
ca3e02
cfde67
d6decc
deff33
e80f99
f1b000
fbb067
05e0cd
0ff134
19b199
22f1fe
2b8260
3362be
3a5317
40536a
4553b6
4953fc
4c443c
4e4475
4f64a7
4f94d1
4f14f1
4dd505
4be50c
495504
4634eb
4274c0
3e4483
398433
3453d1
2ea35c
2882d5
22023f
1b219d
13f0f1
0c9040
04ff8e
fd4edf
f59e37
edfd9c
e69d13
df7c9f
d8cc46
d2ac0a
cd2bee
c85bf5
c45c1c
c12c64
becccb
bd4d4c
bc7de4
bc7e8e
bd1f44
be4000
bfe0bc
c1e172
c4221c
c672b4
c8c335
caf39c
cd03e3
cec408
d0240a
d113ea
d1a3a9
d1c34a
d172d4
d0d24b
cfe1b3
cec111
cd7069
cc0fbf
ca9f17
c93e73
c80dd9
c71d4b
c67ccd
c63c5e
c66c01
c70bb4
c80b76
c93b45
caab21
cc0b08
cd7afa
cecaf5
cfeafa
d0db09
d17b22
d1cb45
d1ab75
d12bb3
d02c00
cecc5e
ccfcce
cafd4d
c8bdda
c67e73
c42f16
c1ffbe
bff068
be4111
bd01b4
bc624c
bc72d5
bd434a
bed3a7
c143e8
c4640a
c8340b
ccb3eb
d1d3aa
d7a349
de02cb
e50235
ec718a
f440d1
fc4010
046f4e
0c7e90
146ddd
1c3d3c
23acb1
2aac43
311bf6
36dbce
3bdbcb
400bef
438c36
465c9d
487d20
4a0db9
4afe64
4b5f1b
4b0fd7
4a2094
48814d
4651fb
43729b
3ff329
3bd3a3
370406
319451
2b8486
24d4a4
1da4ad
1604a3
0e048a
05b464
fd4436
f4d403
ec83cd
e4839a
dcf369
d5f33e
cfb31a
ca32fe
c572ea
c1a2df
bea2dc
bcb2e1
bbb2eb
bbb2fb
bcb30d
be8322
c10336
c3e34a
c7135c
ca436a
cd5374
d0137a
d2537b
d3e37a
d49375
d4436e
d2f366
d0c35d
cde354
ca634c
c6b346
c2e341
bf5340
bc0341
b94345
b7334c
b63354
b6535d
b7f366
bb136e
bfe375
c6337a
cdf37b
d6e379
e0d374
eb736a
f6835c
01b34a
0cc336
174322
20f30d
2982fb
30b2eb
3662e1
3a72dc
3cd2df
3d92ea
3ca2fe
3a031a
35d33e
303369
29339a
2113ce
180403
0e5436
045464
fa2489
f014a3
e654ad
dd14a4
d48486
cca452
c5b406
bfb3a2
bab329
b6b29b
b3c1fb
b1c14d
b0a095
b06fd8
b0ff1b
b23e64
b42db8
b6bd1f
b9dc9d
bd9c36
c1cbef
c68bcb
cbbbca
d16bee
d78c35
de0c9e
e4ed24
ec1dc4
f37e77
fb1f38
02c000
0a70c8
120189
19723c
2092dc
274362
2d73ca
32d412
377436
3b3435
3e1411
4013ca
415363
41f2e1
41f247
41919c
40b0e5
3f9029
3e2f6c
3c7eb3
3abe05
38ed65
372cd7
358c5e
340bfe
32bbb7
318b88
309b6f
2fdb6b
2f4b77
2eeb90
2ebbb2
2eabdb
2ebc07
2efc33
2f4c5e
2fdc85
309ca8
317cc5
329cdc
33ccef
351cfe
366d08
37cd10
393d14
3acd14
3c6d11
3e1d0c
3fad06
410cfe
41fcf8
427cf2
425cec
418ce5
3ffcdb
3d9cce
3a5cbd
362ca7
30ec8d
2abc72
23ac55
1bbc39
133c1f
0a4c07
010bf5
f7bbe7
ee7be0
e57be1
dcebeb
d4fc00
cdec20
c7fc4e
c33c89
bfbcd2
bd6d29
bc4d8b
bc2df7
bcee69
be6ee1
c08f5a
c31fd4
c5d04f
c8b0c8
cb613f
cdc1b2
cfb221
d12289
d202ea
d24341
d20390
d123d6
cfb415
cdc44c
cb647d
c8b4a6
c5d4c8
c314e0
c084ef
be64f3
bce4eb
bc24d5
bc44af
bd6477
bfa42c
c2f3cd
c7735a
cd12d5
d3c240
db619d
e3d0f1
ecd040
f65f8e
000edf
09be37
133d9c
1c4d13
24ac9f
2c4c46
32fc0a
38abef
3d4bf5
40ec1c
437c64
44fccb
456d4c
44cde4
434e8e
40ff44
3e0000
3ac0bc
376172
34221b
3132b4
2ec336
2cd39c
2b93e3
2b0408
2b440a
2c43e9
2e23a8
30b34a
33f2d5
37a24b
3ba1b3
3fa111
436069
46bfbf
494f16
4aee73
4b3dda
4a2d4c
476ccd
42ec5e
3cac01
34bbb3
2b5b75
20cb45
154b22
093b09
fcdafa
f0aaf5
e4eafa
da0b08
d06b21
c85b45
c22b76
be1bb4
bc2c00
bc7c5b
beecc5
c37d3f
c9fdc7
d24e5d
dc3efe
e75fa6
f37053
000101
0c91aa
18a24a
23d2dc
2dc35b
3613c1
3c940a
411430
436432
43640e
4123c5
3cb358
3632cd
2e0227
24616c
19b0a4
0e5fd4
029f05
f6de3c
eb4d81
e05cdc
d64c53
cd6bed
c5ebad
bfeb98
bb7bad
b88bed
b70c53
b6bcdc
b76d82
b8fe3c
bb2f05
bdbfd4
c070a4
c3416c
c5f226
c852cd
ca7358
cc43c5
cdc40e
cef432
cfe430
d09409
d103c1
d1435b
d132dc
d1024a
d0c1aa
d06101
cff053
cf9fa6
cf2efe
cece5d
ce4dc8
cdad3f
ccecc6
cc0c5b
cafc00
c9bbb3
c85b76
c6db45
c53b21
c38b08
c1eafa
c06af5
bf1afa
be2b08
bdab21
bdbb45
be7b76
bffbb4
c26c00
c5bc5b
c9fcc5
cf3d3f
d56dc8
dc6e5d
e44efe
ecbfa6
f5b053
ff0101
0861aa
11b24a
1aa2dc
23235b
2b03c1
32040a
381430
3d1432
40e40e
4393c5
450358
4562cd
44b227
43216c
40d0a4
3e0fd4
3adf05
378e3c
343d81
313cdc
2eac54
2ccbed
2b9bac
2b4b94
2bdba5
2d3be0
2f5c41
322cc5
358d67
393e22
3d0eee
40bfc4
44209b
46f16c
48e230
49d2de
499372
47f3e6
44e437
406461
3a6465
330441
2a63f7
20a38b
162301
0b025e
ffb1a8
f460e5
e9801d
df5f54
d62e93
ce5ddd
c7fd38
c36ca7
c0bc2e
bffbcf
c13b8a
c45b5f
c94b4d
cfcb52
d7bb6b
e0db94
eadbc9
f57c06
005c46
0b2c86
15bcc1
1facf5
28cd1f
30ed3c
37ed4b
3dbd4c
424d3f
457d26
477d01
485cd5
482ca4
472c71
458c3e
436c10
40fbe8
3e5bcc
3bbbbc
391bbb
36abca
348bea
32cc19
318c57
30bca3
304cfc
302d60
304dcf
307e47
309ec7
30bf4d
30bfd4
30a05c
3080e1
306161
3041da
30324d
3052b7
30a318
314370
3243be
33b400
358438
37b465
3a3488
3cd4a1
3fa4b0
4254b5
44e4b0
4704a1
489488
495465
491437
4793ff
44a3bd
402370
3a2319
3292b8
29b24d
1fb1da
14d160
0940e0
fd705b
f1bfd4
e64f4e
db9ec9
d1fe48
c9ddcf
c36d5f
befcfa
bcaca3
bcac5b
beec22
c36bf8
c9ebde
d24bd2
dc3bd5
e77be4
f38bfe
000c20
0c8c48
189c72
23dc9d
2dccc5
362ce8
3cad04
412d16
436d1d
436d17
411d06
3cace9
363cc5
2e0c9b
247c70
19cc46
0e5c20
029bff
f6cbe6
eb4bd6
e05bd2
d64bdc
cd6bf6
c5ec21
bfec5e
bb7cac
b88d09
b6fd73
b6bde6
b77e61
b90ee1
bb2f63
bdbfe5
c07065
c330e2
c5e159
c851ca
ca8233
cc5296
cdc2f2
cef348
cfe398
d093e3
d10427
d14463
d14496
d114bf
d0c4de
d064f1
cff4f9
cf84f5
cf24e3
cec4c4
ce4495
cdb456
cce405
cbd3a2
ca732e
c8e2ab
c7221b
c55183
c390e5
c1e045
c07fa5
bf5f0a
be7e77
be0dee
be1d75
bebd0e
c00cbb
c20c80
c4dc5e
c89c55
cd2c66
d29c8f
d8bccf
df7d25
e69d8e
ee1e07
f5ae8c
fd4f1b
04ffaf
0c8046
13f0de
1b2173
221202
28928a
2e9307
341377
3903d9
3d642d
415472
44c4aa
47d4d7
4a64f8
4c850f
4e051b
4ef51c
4f3511
4eb4f9
4d54d2
4af49d
47745a
42c407
3cd3a5
35a334
2d52b4
23f226
19d18d
0f10ea
040042
f8ef97
edfeef
e37e4d
d9cdb4
d12d2b
c9fcb6
c46c58
c0bc17
befbf6
bf2bf8
c16c1d
c58c64
cb8cca
d35d4c
dcade5
e74e8f
f2df45
ff0000
0b30bb
172171
22421b
2c42b4
34e336
3bb39c
40a3e3
436408
43d409
4203e9
3de3a8
37b34a
2f92d5
25f24c
1b11b4
0f6111
033068
f6efbe
eacf16
df4e73
d4bdda
cb5d4d
c35ccc
bcfc5b
b83bf9
b52ba6
b3ab62
b3bb2e
b51b08
b7aaef
bb2ae4
bf5ae5
c3caf1
c85b07
cc9b29
d06b56
d37b8e
d5cbd4
d72c26
d7ac85
d73cf1
d5cd68
d37dea
d06e76
cc9f09
c84fa1
c3c03b
bf50d5
bb316a
b7b1f8
b51279
b3b2eb
b3a34a
b51392
b833c1
bcf3d5
c363cd
cb53a8
d4b367
df430b
eac297
f6d20e
032173
0f60cc
1b201c
260f69
2faeb8
37be0d
3ded6e
41fcde
43dc62
436bfa
40abaa
3bcb73
34eb53
2c4b4b
223b59
171b79
0b3ba9
ff0be4
f2ec26
e75c6c
dcbcb0
d35cef
cb7d26
c56d50
c15d6b
bf5d74
bf6d6b
c18d51
c59d26
cb6cef
d2bcaf
db4c6b
e4cc26
eefbe4
f98baa
042b7a
0eab59
18db4b
226b52
2b3b72
332baa
3a2bfa
400c62
44dce0
48bd6f
4bbe0d
4deeb7
4f7f68
50501b
50b0cc
507174
4f820f
4df298
4bb30b
48a366
44c3a7
4003cd
3a53d9
33b3ca
2c13a0
23935d
1a3303
102293
05a211
fad180
eff0e5
e56045
db6fa2
d24f01
ca5e65
c3fdd2
bf6d48
bd0cc9
bcec57
bf2bf3
c3bb9e
ca8b5a
d33b25
dd9b03
e94af1
f5caf0
02caff
0fbb1a
1c4b41
27fb73
324bae
3adbf1
413c3c
453c8e
468ce6
453d42
413da1
3ade03
324e67
27fecb
1c4f32
0fbf98
02c000
f5c068
e940ce
dd9135
d33199
ca81fd
c3b25f
bf12be
bca31a
bc8372
bea3c4
c2d40f
c8f452
d0b48d
d9d4be
e404e6
eef501
fa4510
05950f
10a4fd
1b34db
2514a6
2e2461
36340c
3d43a9
435337
4832b9
4c022f
4eb19b
5040ff
50d05e
506fbb
4f1f1b
4d1e80
4a7df0
475d6d
43ccfd
3fcca2
3b6c60
36ac37
317c2b
2bec3a
260c66
1fecad
199d0d
134d83
0cde0c
067ea4
000f46
f99fef
f33099
ecc141
e671e2
e02279
da0301
d41376
ce63d8
c8f423
c3d458
bf2478
bae485
b72481
b40471
b19457
aff436
af140f
af23e6
b043bb
b25391
b5936a
b9d348
bf332b
c57314
cca303
d492f7
dd22f0
e652ec
f002ec
fa12ef
0442f4
0e52fa
181301
212308
29430e
303314
35c31c
39f325
3c9331
3d9340
3ce352
3a8366
36737c
30b393
2973ad
20e3c7
1733e1
0cc3fa
01c40f
f6941f
eb8427
e0d425
d6e419
cde400
c633da
bfe3a5
bb2361
b8030e
b662ab
b6323a
b731bb
b93133
bbf0a4
bf5010
c2ff7b
c6cee7
ca7e57
cdedce
d0bd4f
d2ecde
d43c7f
d49c33
d3fbfb
d27bd6
d02bc4
cd5bc2
ca3bce
c6fbe6
c3dc08
c10c31
be9c5d
bcdc8b
bbdcb6
bbbcdc
bc9cfb
be8d12
c19d1f
c5bd24
cacd20
d0ad12
d74cfb
de6cdc
e60cb6
ee0c8b
f62c5d
fe5c31
066c08
0e3be6
15abce
1cabc2
233bc4
295bd6
2f1bfb
348c33
399c7f
3e4cdf
427d4f
463dce
495e57
4beee7
4ddf7b
4f1010
4fa0a4
4f6134
4e41bc
4c423a
4952ab
45530e
405361
3a53a5
3363da
2b9400
22f419
19b425
0ff427
05e41f
fbb40f
f1b3fa
e803e1
df03c7
d6d3ac
cfd393
ca337c
c60366
c36351
c2733c
c33329
c59318
c9a309
cf52fd
d682f4
df12ee
e8c2eb
f342ea
fe52eb
0992ef
1492f4
1f32fd
291308
320318
39d32a
406340
457358
48f373
4ae38f
4b53ab
4a63c7
4863e1
4563f8
41c40b
3db419
396420
35141f
311415
2d9400
2af3e0
2943b2
28c377
29632e
2b12d8
2db275
311209
350196
39411f
3d90a6
41c02c
458fb2
488f39
4a8ec2
4b5e4e
4acddf
48dd77
456d16
409cbf
3a6c70
32fc2a
2a5beb
20abb4
162b83
0b1b5a
ffbb38
f46b20
e98b10
df5b0c
d62b15
ce5b2b
c80b52
c36b89
c0bbd3
bffc2f
c13c9e
c45d1f
c93daf
cfce4d
d7bef6
e0dfa7
ead05c
f57111
0051c0
0b2263
15b2f6
1fa371
28c3d2
30e415
37e438
3db439
424418
4573d3
47736b
4852e4
482240
472186
4580ba
436fe5
40ff0e
3e5e3d
3bbd7a
391ccc
36ac3a
348bcb
32cb85
318b6c
30bb81
304bc3
303c31
304cc4
306d76
309e41
30bf1c
30b000
30a0e4
3081c0
30628a
30433c
3033cf
30543b
30a47f
314496
325481
33b441
3583d9
37b34c
3a22a0
3cd1dc
3f9108
42502c
44ef50
471e7c
48adb8
495d0b
490c7b
478c0c
44abc2
406b9f
3aaba3
337bce
2afc1d
213c8c
166d18
0addba
fede6d
f2bf2b
e6efed
dbb0ae
d18166
c8c213
c1c2ae
bcd337
ba33ab
b9f409
bc2452
c0d485
c7b4a3
d0b4ad
db84a4
e7b48b
f4f465
02c436
108402
1dd3cc
2a0399
34c369
3d833f
44131b
4822fd
49a2e6
4872d7
4492cf
3e22cd
3542d4
2a42e1
1d92f3
0fa30b
010325
f25340
e4235a
d6e371
cb3384
c18393
ba339c
b5a3a2
b423a4
b5a3a2
ba339c
c17393
cb3384
d6f371
e4235a
f26340
010325
0fa30b
1d82f3
2a42e1
3542d4
3e22cd
44a2cf
4872d8
49a2ea
482305
440327
3d8351
34c381
2a13b3
1dd3e7
109419
02c446
f4f46d
e7a48b
db749b
d0b49c
c7c48b
c0d466
bc242b
b9b3db
b9b377
bc0300
c09278
c751e2
cfe142
da109a
e57fef
f1bf46
fe4ea3
0ace0b
16ed82
223d0d
2c8cad
358c67
3d2c3b
435c2b
47ec37
4aec5f
4c6ca2
4c5cfd
4afd6e
486df0
44ee80
40bf1b
3c4fbb
37c05d
3370fe
2fa19b
2c822f
2a32b9
28e336
2883a5
294405
2b0455
2da494
3114c4
3504e4
3944f6
3da4fa
41c4f1
4574dc
4874bd
4a7495
4b5463
4ad428
48e3e4
457398
409345
3a62ea
32e288
2a4220
20a1b2
163140
0b20c9
ffc050
f46fd4
e97f59
df3edf
d61e69
ce5df7
c81d8c
c38d2a
c0bcd3
bfcc89
c0ac4d
c36c1f
c80bff
ce5beb
d62be2
df4be1
e98be8
f46bf5
ffbc07
0b1c1e
162c38
20ac55
2a5c72
32fc8e
3a6ca7
406cbd
44eccd
47fcda
499ce4
49dcec
48ecf2
46ecf9
442cff
40bd06
3d0d0c
393d11
358d14
322d14
2f5d10
2d2d09
2bccfe
2b4cef
2b9cdc
2cccc4
2ebca7
313c85
343c5f
377c34
3adc07
3e0bdb
40ebb1
433b8f
44bb76
456b6b
44fb70
438b89
40fbb7
3d4bfe
389c5e
32dcd6
2c3d64
24ae05
1c4eb4
134f6d
09c02a
0000e5
f6419b
ecc246
e3c2e0
db6363
d3d3cb
cd2412
c77435
c2c432
bf2409
bc83bc
bb134e
baa2c4
bb4223
bcd170
bf20b2
c20ff0
c54f2e
c8ae75
cbedcb
cedd35
d15cb7
d33c56
d47c15
d50bf5
d4cbf6
d3bc18
d1ec58
cf5cb6
cc2d2b
c86db4
c47e4c
c06eef
bc9f98
b94042
b6b0ea
b5218d
b4d226
b5f2b4
b8b334
bd23a5
c36407
cb545a
d4b49e
df44d2
ead4f9
f6e511
03351c
0f651b
1b150f
25f4f8
2fa4d7
37b4aa
3de472
42042d
43e3d9
439377
412307
3c928a
361202
2dc173
23e0de
18b046
0c9faf
000f1b
f37e8c
e75e07
dc2d8e
d24d25
c9fccf
c37c8f
beec66
bc7c55
bc2c5e
be0c80
c22cbb
c85d0e
d06d75
da1dee
e4ee77
f0af0a
fcdfa5
092045
1540e5
20c183
2b521b
34b2ab
3ca32f
42e3a5
47640c
4a2462
4b44a7
4ae4db
4944fd
46b50e
43650f
3fa501
3ba4e6
37a4bf
33f48d
30b452
2e140e
2c43c3
2b5372
2b431a
2c12be
2db25f
2ff1fd
32b199
35c134
38f0ce
3c2067
3f0000
418f99
434f32
444ecc
445e67
436e03
416da1
3e7d42
3a9ce6
35dc8e
304c3c
2a0bf1
231bae
1b9b73
139b41
0b4b1a
02caff
fa4af0
f1faf1
e9fb03
e26b25
db4b5a
d4ab9f
ce7bf4
c8cc57
c3acc9
bf2d47
bb5dd1
b84e65
b5ff01
b46fa2
b3a045
b3b0e5
b46180
b5d210
b7f292
bac303
be235e
c223a1
c6b3c9
cbb3d5
d133c5
d72399
dd6353
e3f2f3
eab27e
f1b1f5
f8d15d
0000ba
073011
0e5f66
155ebe
1c1e1e
22ad88
28ed00
2edc89
345c25
395bd5
3deb9a
41eb75
454b64
481b65
4a3b76
4bab93
4c5bba
4c6be7
4bac18
4a1c4c
47cc7f
44bcb0
40ecda
3c6cfc
374d14
319d21
2b6d25
24cd20
1dad15
161d05
0e1cf3
05ccde
fd4cca
f4dcb6
ec7ca4
e47c96
dcfc8c
d60c87
cfcc85
ca4c86
c5bc88
c21c8a
bf7c8d
bddc90
bd2c95
bd6c9a
be6ca1
bffca8
c20cb0
c47cb6
c71cba
c9ccbc
cc5cbd
ce9cbc
d05cbb
d17cba
d1dcb9
d17cb9
d04cba
ce8cbc
cc5cbd
c9ccbc
c72cba
c47cb6
c20cb0
bfeca8
be5ca1
bd5c9a
bd2c95
bdec91
bf8c8d
c22c8a
c5bc88
ca4c85
cfbc85
d5fc87
dcfc8c
e48c96
ec8ca5
f4dcb6
fd4cca
05bcde
0e0cf2
160d05
1dad15
24dd20
2b8d25
319d21
370d14
3bdcfb
3ffcd9
437caf
465c7f
488c4d
4a1c19
4b0be8
4b5bba
4b0b92
4a1b75
488b64
465b64
438b76
400b9c
3bdbd5
370c22
318c82
2b7cf3
24dd75
1dae06
160ea4
0e1f4c
05cffb
fd40a9
f4d154
ec71f4
e47285
dcf304
d6036c
cfc3bb
ca33ed
c57401
c193f5
bea3ca
bca381
bbb31b
bbc29e
bcc20b
be9168
c100ba
c3e005
c70f4f
ca4e9e
cd5df6
d02d5b
d26cd0
d3ec59
d49bf7
d44baa
d2fb74
d0cb54
cdeb4b
ca7b58
c6bb78
c2fba8
bf5be4
bc0c27
b93c6d
b73cb1
b63cef
b66d25
b7fd4f
bb2d6b
bfed78
c63d73
cdfd5e
d6ed38
e0dd06
eb8cc8
f69c83
01cc3b
0ccbf5
173bb3
20eb7b
297b52
30bb3b
367b3a
3a8b51
3cdb81
3d5bcb
3c1c2e
392ca8
34ad39
2ebddd
279e92
1f8f53
16a01c
0d50e5
03b1a9
fa125f
f09302
e7638b
dea3f6
d68440
cf1464
c85461
c26437
bd43e7
b8f373
b562de
b2822f
b0716c
af009b
ae5fc4
ae4eee
af0e22
b08d67
b2ecc5
b62c41
ba5be0
bf8ba5
c5bb92
ccdba6
d4dbe1
ddbc42
e73cc5
f15d66
fbde21
068eed
111fc4
1b409c
24d16e
2d6230
34a2de
3a7371
3e83e5
40a436
40b461
3eb465
3aa441
3493f8
2cb38b
235301
18a25e
0d21a8
0100e5
f4e01d
e90f55
ddde93
d3cddd
cb2d38
c43ca7
bf5c2d
bcabcb
bc3b83
be1b53
c22b3b
c85b3b
d06b50
da0b79
e4ebb1
f0abf5
fcec3d
093c86
154cca
20cd06
2b4d37
34ad5b
3cad72
431d7a
47ed73
4afd5d
4c7d38
4c5d06
4aecc8
485c84
44dc3c
40bbf5
3c5bb3
37db7b
338b51
2fab3b
2c8b3a
2a3b51
28db81
288bcb
294c2e
2b0ca9
2dbd39
311ddd
350e91
394f53
3d901c
41c0e5
4571a9
487260
4a7302
4b538b
4ad3f6
48d43f
456465
406465
39e43f
3223f4
292385
1f32f5
148248
097184
fe40b0
f34fd4
e8def8
df2e24
d69d60
cf5cb4
c99c27
c58bbe
c33b7e
c2bb6a
c3fb82
c6ebc5
cb6c32
d15cc4
d87d75
e08e40
e96f1c
f2b000
fc50e4
05f1c0
0f728a
18a33c
2163cf
29843c
30f47e
37b494
3da47b
42c435
4713c7
4aa334
4d7285
4f91c2
50f0f1
51b01b
51cf47
510e7c
4f8dc1
4d2d1c
49ec94
45ac2c
407be9
3a5bca
334bd0
2b3bf8
226c41
18dca5
0ead22
042db4
f98e55
eefeff
e4cfae
db405c
d2b104
cb61a3
c58237
c172bf
bf633a
bf83a9
c1d409
c6445b
cca49e
d4c4d2
de54f8
e8f510
f4451b
00051b
0bc510
1714fa
21b4d8
2b44aa
336471
39c42b
3e43d9
40b37b
411310
3f5299
3ba216
36118a
2ee0f7
26405e
1c9fc4
121f2b
072e96
fbfe09
f0ed88
e63d15
dc1cb5
d2bc6d
ca5c3f
c2fc2e
bccc3b
b7cc66
b3fcad
b15d0d
afcd83
af4e0c
afbea4
b0ff46
b2ffef
b5809a
b8b142
bc41e2
c05278
c4b300
c96377
ce63db
d3a42b
d93465
def48b
e4f49c
eb349b
f1948b
f8346e
ff0446
05e418
0cd3e6
13c3b3
1aa381
216352
280328
2e5305
3452ea
39d2d8
3ed2ce
4322cd
46c2d4
49a2e1
4bb2f4
4cf30b
4d6325
4cf33f
4bc359
49a370
46c384
431393
3ec39d
39e3a1
3483a0
2ed39a
28d38f
229380
1c136d
156357
0e6341
07432a
000314
f8c301
f1a2f2
eab2e8
e3f2e4
dd62e6
d732ef
d142fd
cbb311
c6a329
c21344
be1362
bac383
b803a5
b5e3c9
b473eb
b3b40b
b3a426
b46439
b5e441
b8443d
bb642c
bf340e
c3b3e2
c8c3a9
ce6362
d4930d
db32aa
e2623a
ea01bc
f20135
fa40a5
02c010
0b3f7a
138ee6
1b8e56
231dce
2a1d50
305ce0
35cc7f
3a5c2f
3dfbf2
408bc8
422bb0
42ebaa
42bbb5
41cbce
402bf2
3e0c20
3b8c54
38ec89
363cbd
33bced
318d15
2fcd34
2e9d47
2dfd50
2e1d4c
2edd3b
304d1e
324cf5
34acc2
376c87
3a3c47
3cfc06
3f8bc9
41ab94
432b6b
43eb52
43cb4d
42ab5f
406b8a
3d1bcf
388c2e
32eca7
2c4d38
24addd
1c4e93
133f54
09b01d
0000e5
f651a8
ecd25e
e3c301
db638b
d3d3f7
cd2441
c77466
c2c465
bf243e
bc93f3
bb1384
baa2f5
bb4249
bcd185
bf20b1
c20fd4
c54ef7
c8ae23
cbed5f
cedcb4
d15c28
d33bc0
d46b7e
d4cb66
d44b79
d2ebb7
d0bc1e
cdecac
ca7d5c
c6ce27
c2ff06
bf5ff0
bbf0db
b931bf
b73292
b6334d
b663e8
b8045d
bb24a6
bfe4c2
c634ae
cdf46b
d6e3fc
e0d364
eb82ab
f691d7
01c0f0
0cc000
173f0f
20ee29
297d54
30bc9c
366c05
3a7b96
3ceb52
3d9b3b
3c9b52
3a0b96
35dc05
303c9c
293d54
211e28
180f0f
0e5000
0450f0
fa21d7
f012ab
e65364
dd13fb
d4846b
cca4ae
c5b4c2
bfb4a6
bab45d
b6b3e8
b3c34d
b1c292
b0a1bf
b070db
b0fff0
b23f06
b42e27
b6bd5c
b9dcac
bd9c1e
c1cbb7
c68b79
cbbb66
d16b7e
d78bbf
de0c28
e4ecb4
ec0d5f
f37e23
fb1ef8
02cfd4
0a70b1
121185
197248
2092f5
274384
2d63f3
32e43e
37b461
3bb45e
3ee433
4143e4
42c374
4392e8
439245
42f192
41c0d5
402013
3e2f53
3bee9a
399ded
374d51
351cc8
330c55
314bf7
2febaf
2efb7c
2e6b5e
2e4b53
2e9b5c
2f3b75
302b9b
314bca
329bff
340c34
357c68
36dc97
380cc1
38fce5
399d02
39dd1a
399d2a
390d32
380d33
36dd2c
357d1f
340d0c
329cf5
314cdb
302cc1
2f3ca7
2e9c90
2e4c7c
2e6c6c
2eec62
2fdc5e
311c60
329c66
345c72
363c81
383c93
3a5ca8
3c8cbf
3ebcd6
40bcec
426cff
439d0e
441d18
43dd1c
42cd19
40dd10
3e2d02
3a9cef
362cd8
30dcbd
2aac9e
23ac7d
1bcc5a
134c36
0a5c14
010bf5
f7bbdb
ee7bc9
e56bc0
dcebc3
d4fbd3
cdfbf1
c7fc1f
c33c5b
bfaca7
bd6d01
bc4d69
bc2dde
bcee5d
be6ee4
c08f71
c31000
c5d08f
c8b11b
cb61a3
cdc222
cfc297
d122ff
d20359
d243a2
d1f3da
d12401
cfb41a
cdc425
cb6426
c8b41e
c5d40e
c313fa
c083e2
be63c8
bce3ad
bc2393
bc437b
bd6365
bfb350
c3333c
c7f32a
cde319
d4f309
dce2fd
e572f3
ee72ed
f7b2ea
0102ea
0a42ec
1332ef
1bb2f5
23a2fd
2ab308
30e317
361329
3a533c
3da351
400366
41937c
425393
4273ac
41f3c6
40f3e1
3fa3fa
3e140f
3c741f
3ad427
393425
37c419
366400
3523d8
3403a2
33135a
325301
31c298
314222
30e1a1
30811a
30108e
2fa000
2f4f72
2efee6
2ece5f
2ecdde
2f0d68
2f7cff
302ca6
311c5e
324c28
33bc00
358be7
37bbdb
3a2bd9
3cdbe1
3f9bf1
425c06
44ec1f
470c3a
489c54
495c6d
491c84
478c9a
449caf
402cc4
3a2cd7
32ace9
29ccf7
1fbd03
14cd0c
094d11
fd7d15
f1bd16
e64d15
dbad12
d20d0c
c9dd03
c35cf7
beece8
bcbcd5
bcecc0
bf6ca8
c43c8e
cb1c72
d3cc55
dddc39
e90c1e
f4ec07
010bf5
0d1be7
18abe1
235be2
2cbbeb
349bff
3aac1f
3ebc4d
40bc89
40acd3
3e8d2a
3a7d8c
34adf7
2d6e69
24cedf
1b4f59
111fd4
068050
fbe0c9
f16140
e731b2
dda220
d4d288
cce2ea
c5e345
c00398
bb23e4
b75428
b45463
b22495
b0a4bd
afb4dc
af54f1
af94fa
b074f6
b204e5
b454c4
b76494
bb4455
c00405
c5b3a5
cc5336
d3f2b9
dc722f
e5d19b
efe0fe
fa705d
054fbb
101f1b
1a9e80
24adf0
2dcd6e
35bcfd
3c1ca2
40ac5f
431c36
432c27
40ec33
3c5c5a
358c9b
2cdcf5
227d68
16ddf1
0a4e8c
fd4f34
f05fe5
e3c099
d8114a
cdc1f3
c54291
bed320
bad39d
b98406
bad457
bed48f
c534ae
cdc4b5
d824a6
e3c485
f05456
fd441c
0a43db
16c396
227351
2cd311
3582d9
3c52af
410294
43628c
437296
4162b1
3d32db
371311
2f5350
263393
1c03d9
11141c
05c458
fa6488
ef54a8
e4d4b5
daf4ac
d1f48d
c9d456
c2c409
bcb3a6
b7c32f
b3f2a5
b1520a
afc162
af40b1
afbffb
b0ff46
b2fe98
b58df5
b8ad62
bc4ce5
c05c80
c4bc36
c96c0b
ce6bff
d3ac13
d92c45
defc94
e4fcfc
eb3d7b
f1ae0d
f84ead
ff0f57
05d005
0cc0b2
13b15b
1aa1fa
21728c
28130e
2e537e
3413db
395424
3de457
41e477
454485
480482
4a2472
4b9458
4c5436
4c640f
4ba3e5
4a13bb
47c391
44b36a
40e348
3c432c
370318
31130b
2a9304
239303
1c3304
147306
0c7309
04630b
fc430b
f4430a
ec7308
e50306
de0304
d79303
d1c305
ccb30a
c85314
c4c325
c2033b
c00358
beb37b
be13a2
be03cd
be73fa
bf5425
c0744e
c1e470
c39489
c55495
c72490
c8e478
ca7449
cbd402
cce3a2
cdb32a
ce429c
cec1fb
cf214c
cf8093
cfffd7
d06f1b
d0ce65
d11dba
d14d20
d14c9d
d10c35
d09bee
cfebcb
cefbce
cdcbf7
cc4c44
ca7cb1
c85d3c
c5eddd
c34e90
c07f4e
bdb010
bb20d2
b8f18a
b76235
b6b2cb
b70349
b883aa
bb73eb
bfe40b
c5e40a
cd63e8
d643a7
e0534a
eb42d5
f6d24c
02a1b4
0e5111
19b068
246fbe
2e0f16
363e73
3cbdda
412d4d
435ccc
432c5b
409bf9
3bcba6
34eb62
2c4b2e
223b07
171aef
0b3ae4
ff0ae5
f2eaf1
e75b08
dcab29
d35b56
cb8b8e
c57bd3
c15c27
bf2c89
befcf9
c0bd76
c47dfe
c9fe8d
d12f22
d9bfba
e37051
edf0e5
f8e174
0411f9
0f2272
19d2db
23f331
2d5371
35a39a
3cd3ab
42c3a2
477380
4af345
4d52f2
4eb28b
4f3211
4ef189
4e00f6
4c805b
4a6fbb
47df1b
44ce7d
415de4
3d6d55
390cd2
341c5e
2eabfb
289baa
221b6b
1b2b3c
13eb1c
0c7b0b
04eb07
fd4b0f
f5ab23
ee1b41
e6ab6b
df7b9d
d8bbd9
d28c1d
cd2c67
c89cb8
c4ed0e
c20d6a
c00dcd
bebe36
be1ea7
be0f1e
be7f9a
bf501b
c0809e
c1f120
c391a0
c5521a
c7128d
c8d2f6
ca7354
cc03a5
cd63e7
ce9417
cf8437
d03445
d0b443
d11433
d14417
d163f0
d153c3
d12391
d0c35d
d0332b
cf72fe
ce82d9
cd62c1
cc42b7
cb02bd
c9b2d2
c842f5
c6d322
c53359
c39394
c1f3d1
c0640b
bf1441
be246e
bda48e
bdb49d
be749a
bff480
c2744e
c5e402
ca739e
d00322
d68293
dde1f3
e5e148
ee5096
f72fe4
000f34
08ee8d
11bdf3
1a2d6a
222cf5
297c99
300c57
359c32
3a2c2b
3d9c3f
401c6f
41acb7
425d15
426d86
41ee07
40ee95
3faf2b
3e2fc6
3c8060
3ad0f8
39318a
37b215
365296
35130f
34037d
3313e1
326439
31c484
3144c2
30e4f1
307513
301527
2fa52d
2f4526
2ef512
2ec4f1
2ec4c2
2f0485
2f743a
3023e1
31137b
324308
33c28a
359202
37b173
3a10de
3cc046
3f9faf
425f1b
44fe8c
471e07
48ad8f
495d25
490ccf
477c8e
44ac66
406c59
3aac66
337c8e
2afccf
213d25
166d8f
0ade08
fede8d
f2bf1b
e6dfaf
dba046
d180dd
c8c173
c1d202
bce28a
ba3307
b9f377
bc23d9
c0c42d
c7b472
d0b4aa
db84d6
e7c4f8
f5050f
02c51b
10851d
1dc511
2a04f9
34c4d2
3d949d
44245a
482408
4963a9
47e33b
43b2c0
3ce238
33c1a3
28b103
1c005a
0e5fad
000eff
f1be56
e40db6
d75d24
cc4ca5
c32c3f
bc5bf7
b81bd0
b6abce
b7ebf2
bbec3b
c27ca7
cb4d33
d60dda
e24e94
ef8f5c
fd402c
0b10fb
1841c4
24827e
2f5324
3853ad
3f4413
43f453
465468
465453
440413
3f63ac
38b324
30227f
25f1c4
1a90fb
0e502c
01cf5c
f53e93
e92dd9
dddd33
d38ca8
ca8c3b
c2fbf1
bcfbca
b89bc8
b5ebea
b4cc2d
b52c8f
b6cd0b
b95d9d
bcae40
c06eef
c46fa4
c85059
cc110a
cf51b3
d1f251
d3c2e2
d4c362
d4c3d1
d3f42d
d25477
d014ae
cd54d5
ca44eb
c714f3
c3f4ef
c104e0
be84c8
bcb4a7
bbb47d
bbb44c
bcb414
beb3d6
c1a391
c57345
ca32f2
cfb297
d5f234
dcf1ca
e48158
ec80e1
f4d065
fd4fe5
05bf63
0e0ee2
160e62
1dade6
24dd72
2b8d08
319cab
370c5e
3bdc22
3ffbf7
437bdd
465bd2
488bd6
4a2be5
4b0bfe
4b5c20
4afc47
4a0c72
487c9d
465cc5
438ce8
401d04
3bdd17
36dd21
310d1f
2aad13
23acfc
1c3cdc
147cb6
0c7c8a
046c5d
fc4c31
f44c08
ec7be6
e50bce
de0bc2
d7abc4
d1dbd6
ccbbfa
c83c2f
c45c78
c13cd2
bedd3c
bd4db6
bc7e3d
bc6ecd
bd1f65
be4000
bfe09b
c1e133
c411c4
c6724a
c8c2c4
cb032e
ccf388
ce83d1
cfa407
d0442a
d0743c
d0443e
cfd432
cf4419
ce83f8
cdb3cf
ccd3a3
cbf376
cb134b
ca4324
c99304
c922ed
c8d2e1
c8b2df
c8b2e9
c8d2fc
c90318
c9533b
c9a363
ca138d
ca83b8
cb03e0
cb6402
cba41c
cbc42b
cbd42e
cbb422
cba408
cb93de
cb93a5
cba35d
cbb306
cbc2a2
cbd231
cbc1b8
cb9137
cb50b2
cb002c
ca9fa5
ca2f21
c9bea1
c95e26
c8fdb2
c8cd48
c8bce7
c8bc90
c8ec44
c93c01
c9abc9
ca4b9b
cb0b77
cbeb5e
cccb4f
cdbb4b
ce9b51
cf5b60
cffb79
d04b9b
d06bc7
d03bff
cfac43
cecc93
cd7cf0
cbdd57
c9fdc7
c7de3d
c59eb9
c35f38
c13fba
bf503c
bdb0bd
bc9139
bc01b0
bc3220
bd3286
bf12e2
c1e335
c5b37d
ca73bb
d013ed
d6a413
dde42c
e5d439
ee4439
f7142f
00041c
08f402
11c3e2
1a33bf
222399
297374
2ff350
358331
3a2318
3da306
4022fc
41a2f9
4252fc
426302
41d30c
40e318
3fa325
3e2333
3c8342
3ad350
39335c
37b366
36436e
350373
33c375
32a375
319373
30a370
2fd36b
2f3366
2ed35f
2ea357
2ea350
2ec34a
2f0346
2f5344
2fd343
308344
317345
329347
340347
359347
374345
38f344
3ab343
3c6344
3e0346
3f734a
40b350
41a358
42135f
420366
41536b
3ff370
3df373
3b3376
37b378
33637a
2e537b
288379
220374
1af36a
13735c
0bb34b
03c336
fbb321
f3a30d
eba2fa
e3d2eb
dc62e1
d552dd
cee2df
c902ea
c3c2fd
bf4319
bb633e
b84369
b5e39a
b453ce
b3a403
b3b436
b47464
b5f489
b804a3
bac4ad
be14a4
c20486
c6a452
cbf406
d1c3a2
d81329
dea29b
e561fb
ec414d
f33095
fa2fd8
010f1b
07de63
0e8db8
14ed1f
1b1c9d
210c36
26cbef
2c5bcb
31dbca
371bee
3c2c35
40ec9e
452d24
48edc4
4c0e77
4e7f38
501000
50f0c8
50e189
4fd23c
4db2dc
4a7362
4623cb
40d412
3a9436
337435
2b8411
22e3ca
19b363
0ff2e1
05e247
fbb19c
f1b0e5
e80029
df0f6c
d6deb3
cfde05
ca2d65
c60cd7
c37c5e
c2bbfe
c3abb6
c66b87
cadb6f
d0db6b
d82b77
e0bb90
ea3bb2
f46bdb
fefc06
09ac32
142c5d
1e2c85
278ca8
300cc5
377cdc
3dbcec
42bcf6
466cfb
48bcfd
49ccfc
49bcfa
48acf8
46dcf6
446cf5
419cf5
3e7cf7
3b4cf9
381cfc
351cfe
327cfc
305cf5
2ecce8
2dfcd4
2dbcb8
2e0c96
2ebc6f
2fbc45
30ec1a
322bf1
336bca
34aba9
35bb8e
369b7e
374b7b
37ab88
37cba8
37abdd
375c28
36ec89
365cff
35dd87
354e1e
34cebf
346f67
341012
3400ba
34115c
3451f4
34c27d
3542f3
35d354
36639b
36e3c5
3753d2
37a3c1
37b393
37934a
3742eb
36a279
35c1f7
34a16a
3360d5
32203c
30dfa1
2fbf09
2ebe76
2e1dea
2dcd68
2dfcf0
2eac85
2fec27
31abd4
33eb8f
369b56
39ab28
3cdb07
403af0
436ae5
464ae5
48aaf0
4a3b08
4adb2e
4a4b62
486ba5
451bf8
406c5b
3a3ccd
329d4d
29bddb
1fbe73
14df15
094fbd
fd7068
f1b111
e641b4
db924c
d202d5
c9d34a
c353a8
bee3e8
bcb409
bce408
bf63e4
c4339d
cb1336
d3c2b4
ddd21b
e90171
f4e0bb
010000
0d2f45
18be8f
235de5
2cbd4c
349cca
3a9c63
3ebc1b
40ebf5
411bef
3f4c0b
3b9c47
361c9f
2efd12
265d9b
1cae36
121edf
071f8f
fbe041
f0e0f2
e6319d
dc223f
d2c2d4
ca535b
c2f3d1
bcc434
b7c485
b3f4c1
b154eb
afd503
af550b
afb504
b0f4f1
b2e4d2
b584a9
b8a476
bc443c
c053fb
c4b3b4
c9636a
ce631a
d3a2c7
d9226f
def212
e4f1b1
eb314d
f1a0e5
f8407c
ff0010
05dfa3
0ccf35
13bec5
1aae56
217de8
280d7f
2e5d1b
345cbf
39dc6c
3ecc22
432be2
46cbac
49ab7f
4bbb5d
4cfb46
4d6b3b
4cfb3b
4bbb47
49ab5f
46cb84
432bb5
3ecbf2
39ec3b
348c90
2edcef
28dd57
229dc7
1c1e3d
156eb9
0e7f38
074fba
00003c
f8c0bc
f19139
eaa1b0
e3f220
dd7286
d732e3
d13335
cb837b
c623b4
c143e1
bce401
b94415
b6641f
b4541f
b31418
b2a40b
b313f9
b453e2
b663c8
b943ab
bce38e
c14372
c63358
cbb343
d1b333
d80326
dea31c
e56314
ec430d
f33307
fa2301
0102fa
07d2f5
0e72f0
14d2ed
1b12ec
2112ef
26d2f6
2c6302
31a314
36a32c
3b6349
3fc36b
43c391
4753ba
4a73e4
4d140e
4f1436
505458
50c473
504483
4eb485
4c0476
484456
435423
3d43db
36337f
2e130f
25128d
1b31fa
10a15a
0590b1
fa4004
eeff57
e40eae
d9de0e
d0bd7c
c8fcfc
c2dc93
beac44
bc8c12
bcabff
bf0c0c
c3bc37
ca8c80
d33ce5
dd9d62
e94df4
f5ce97
02cf46
0fbffc
1c40b2
27e163
32420a
3ad2a4
41332e
4533a6
468409
453457
41348e
3ac4ad
3244b5
27f4a7
1c4487
0fb457
02c41c
f5c3da
e93395
dd9350
d33311
ca82da
c3b2b0
bf1295
bca28c
bc8295
bea2b0
c2d2da
c8f311
d0b350
d9d395
e403da
eef41c
fa4457
059487
10a4a7
1b34b5
2514ad
2e248e
363456
3d4406
43439e
483322
4c0292
4eb1f3
504148
50d097
506fe4
4f1f34
4d1e8d
4a7df3
475d69
43ccf5
3fcc99
3b6c58
36ac33
317c2b
2bec3f
260c6e
1fecb7
199d15
133d86
0cde07
066e95
000f2b
f9afc5
f33060
ecd0f8
e6718a
e02215
da0296
d4230f
ce937d
c973e1
c4a439
c04484
bc44c2
b8b4f1
b59513
b2f526
b0f52d
afb526
af4513
afc4f1
b154c2
b40484
b7d439
bcc3e1
c2f37d
ca530f
d2b296
dc1215
e6318a
f0f0f8
fc0060
072fc5
121f2b
1c9e95
264e08
2edd86
361d15
3bacb6
3f6c6e
411c3f
40bc2b
3e4c33
39cc58
335c99
2b4cf5
21cd69
172df2
0bce8d
000f34
f44fe4
e8e097
de4149
d4c1f3
cca292
c64321
c1d39e
bf8406
bf6456
c1748e
c584ad
cb64b5
d2c4a7
db5487
e4d457
eef41c
f973da
041395
0ea350
18d311
2262da
2b42b0
333295
3a228c
3ff295
44d2b0
48b2da
4bb311
4df350
4f7395
5063da
50b41c
506457
4f8486
4df4a7
4bb4b5
48a4ad
44d48e
400456
3a5406
33a39e
2c0321
238292
1a31f3
103149
05a097
fadfe4
efff34
e56e8d
db5df2
d23d69
ca5cf5
c3fc99
bf7c58
bcfc33
bcac2b
beac3f
c2ec6e
c95cb6
d1cd15
dc0d87
e7ae08
f46e95
01bf2b
0f2fc5
1c3060
2870f8
33418a
3c5215
433297
47a30f
49637d
4863e0
449438
3e2484
3544c2
2a44f2
1d9513
0fa527
01052d
f25526
e42512
d6e4f1
cb34c2
c18485
ba343a
b5a3e1
b3e37b
b52308
b9528a
c04202
c9c173
d550de
e29047
f10faf
000f1b
0f0e8c
1d7e07
2abd8e
364d25
3fbccf
46bc8e
4afc66
4c5c59
4aec66
46ac8e
3fbcce
364d25
2acd8f
1d8e08
0f1e8d
000f1b
f0ffaf
e28046
d540de
c9c173
c05202
b9628a
b52308
b3b37b
b513e1
b95439
c05485
c9c4c2
d554f1
e29513
f10527
00052d
0f0526
1d7512
2ab4f1
3644c2
3fc485
46b43a
4ae3e1
4c237b
4a6308
45d28a
3e8202
34d173
2920de
1be047
0dbfaf
ff0f1b
f06e8c
e28e07
d5cd8e
cacd25
c1eccf
bb7c8f
b7ac66
b6ac55
b86c5e
bcdc80
c3bcbc
cccd0e
d79d75
e3cdee
f0ee76
fe5f0a
0bafa6
186045
2410e5
2e4183
36b21b
3d22aa
41632f
4363a5
43140c
409463
3c14a7
35b4db
2dd4fc
24b50d
1aa50f
101501
0534e7
fa64c0
efd48e
e5d452
dc840e
d3f3c2
cc5371
c5b31a
c002bf
bb4260
b761fe
b45199
b21134
b080cd
afa066
af5000
afaf9a
b09f33
b22ecd
b45e67
b75e02
bb3da0
c00d42
c5ece9
ccdc97
d4cc4a
ddac04
e73bc4
f16b8b
fbeb59
069b2f
111b0f
1b4afb
24caf4
2d5afc
34ab15
3a8b3f
3e9b7c
40abcc
40bc2f
3ebca5
3a9d2c
349dc1
2cbe63
235f0e
18bfbf
0d2071
010121
f4d1ca
e8f265
ddd2ee
d3c361
cb23b9
c443f4
bf6411
bca40e
bc33eb
be13a9
c22348
c852cb
d06235
da018b
e4e0d2
f0a010
fcef4d
093e8f
154ddd
20cd3c
2b5cb2
34bc44
3cabf7
431bce
47ebcb
4afbee
4c6c35
4c5c9d
4aed20
485dba
44de65
40bf1b
3c4fd7
37c094
33814c
2fa1fb
2c829c
2a332a
28d3a2
288402
294449
2b0478
2db491
311495
350489
394470
3da44e
41c425
4573fa
4873cd
4a73a2
4b537b
4ad358
48e33b
456324
406314
39e30a
321305
292303
1f3304
149306
098308
fe530a
f3430b
e8c30b
df2309
d69307
cf5304
c9a302
c58304
c3230b
c27318
c3732c
c61348
ca336a
cfd391
d6d3bb
dee3e5
e7f40f
f1b436
fbc458
05f472
100482
19b485
22e477
2b8457
336424
3a93db
40d37f
46230e
4a728c
4db1fa
4fc15b
50d0b2
50f005
501f57
4e7ead
4c0e0d
48ed7b
452cfc
40dc94
3c2c45
371c13
31dbff
2c6c0b
26cc36
210c7f
1b1ce5
14ed62
0e7df5
07de98
010f46
fa2ffb
f330b0
ec4162
e5620a
dea2a5
d8032f
d1c3a6
cbf406
c6b44e
c2047f
be1499
bac49d
b8048e
b5f46e
b48441
b3b40b
b393d0
b45394
b5e359
b84322
bb62f5
bf42d2
c3b2bd
c8c2b7
ce62c1
d482d9
db32fe
e2632b
ea035d
f20391
fa53c3
02c3f0
0b3417
138433
1b8443
231445
2a1437
305417
35c3e6
3a53a5
3df355
4082f6
42228d
42e21a
42b19f
41b120
40209e
3e001b
3b9f9b
38ef1e
364ea7
33be36
318dcd
2fcd6a
2ead0f
2e3cbb
2e9c6f
2fac2a
317beb
33bbb4
365b83
390b5a
3bab38
3e0b20
401b11
41ab0d
42ab15
42eb2b
424b51
40ab89
3debd4
3a2c33
354ca6
2f7d2b
28ddc0
21ae63
19ff0f
11ffc0
09d072
01b121
f9b1c9
f1e264
ea72ee
e36361
dcd3ba
d6a3f5
d0e412
cb840e
c683ea
c1d3a8
bd9348
b9d2cb
b6a236
b4118c
b230d3
b0f010
b07f4c
b0be8e
b1dddc
b3cd3c
b6bcb3
baac45
bfbbf7
c5ebca
cd2bc2
d55be0
de5c21
e7dc85
f1bd07
fbbda2
05be4f
0f6f0a
189fcd
211092
28b153
2f220c
3452b6
38034c
3a23ca
3ab42e
39a475
3714a1
3314b3
2db4ae
272495
1f946c
174437
0e53fa
0513b9
fba379
f2233e
e8d30b
dfe2e2
d762c5
cf92b4
c892b0
c272b9
bd32cc
b8e2eb
b56313
b29343
b08377
af13ac
ae53e0
ae440e
aef433
b0744b
b2e456
b62450
ba6438
bf940e
c5b3d1
ccc381
d4c321
dda2b0
e73232
f161aa
fbe11a
068085
111ff0
1b4f5b
24cecc
2d5e44
34adc6
3a8d55
3e9cf3
40bc9f
40bc5b
3ebc26
3a9c00
349be7
2cbbdb
235bd9
18bbe1
0d2bf1
010c06
f4dc1f
e8fc39
ddcc53
d3cc6d
cb2c84
c44c9a
bf6cb0
bcacc4
bc3cd7
be0ce8
c22cf7
c85d03
d07d0c
da1d12
e4fd15
f0ad16
fcdd15
092d12
154d0c
20cd03
2b5cf7
34bce8
3cacd7
42ecc4
476caf
4a2c9a
4b3c84
4aec6d
494c54
46bc3a
436c1f
3fac06
3babf1
37abe1
33fbd9
30bbdb
2e1be7
2c4c00
2b5c26
2b4c5b
2c1c9f
2dacf2
2ffd55
32bdc6
35ce44
38fecd
3c2f5c
3f0ff0
417085
434119
4441a9
445232
4362b1
416321
3e7381
3a93cd
35d406
30442a
2a043c
23143e
1b9431
139419
0b43f8
02c3cf
fa43a3
f1f376
e9f34b
e26324
db4304
d4a2ed
ce72e1
c8c2df
c3a2e9
bf22fc
bb5318
b8433b
b5f363
b4638e
b3a3b8
b3b3e0
b46402
b5d41c
b7f42b
bac42e
be2422
c22408
c6b3df
cbb3a5
d1335c
d72305
dd62a1
e3f231
eab1b8
f1b138
f8d0b3
00002c
073fa4
0e5f20
155ea0
1c1e26
22adb3
28ed49
2eece6
348c8c
39dc3b
3ebbf3
431bb6
46cb84
49bb5e
4bcb46
4d0b3a
4d6b3b
4ceb47
4bab5e
499b80
46cbac
433be1
3edc21
39ec6a
345cbb
2e4d14
27fd73
216dd6
1aae3f
13ceab
0cef1a
05ef8c
ff0000
f82074
f180e6
eb2156
e4f1c1
df0229
d9428d
d3b2ed
ce3348
c8f39e
c3e3ec
bf2432
bae46c
b7249a
b404bb
b194cf
aff4d6
af14cf
af24bb
b0349a
b2546c
b59431
b9e3ec
bf339e
c57348
cca2ed
d4828d
dd2229
e651c1
f01156
fa10e6
044074
0e5000
181f8c
211f1a
293eab
303e3f
35ddd6
39fd72
3c9d14
3d9cbb
3cec6a
3a8c21
366be2
30bbac
297b80
20eb5e
173b47
0ccb3b
01cb3a
f69b46
eb8b5e
e0db84
d6ebb5
cdfbf3
c63c3b
bfec8c
bb2ce7
b80d49
b66db4
b63e26
b73e9f
b93f1f
bbffa4
bf502c
c2f0b4
c6c139
ca71b9
cde231
d0b2a0
d2e304
d4435d
d4c3a9
d463e7
d33416
d15436
ced445
cbd444
c89434
c54417
c203f0
bf23c2
bcd390
bb535c
baa32b
bb12fe
bc82da
bf32c2
c2f2b7
c7f2bd
cdf2d1
d502f4
dce322
e56359
ee6394
f7b3d1
01040b
0a4441
13446d
1bc48d
23a49d
2ab49a
30e480
36144f
3a5406
3da3a5
40032f
4192a5
42520a
427163
41f0b2
40fffc
3faf46
3e1e97
3c6df4
3acd61
393ce5
37cc80
366c37
351c0b
33cbfc
329c0a
318c37
309c80
2fdce5
2f4d62
2efdf4
2ebe97
2eaf46
2ebffb
2ee0b1
2f4162
2fd20a
3092a5
31832f
3293a6
33c406
35044e
36547f
37c499
39349d
3ad48e
3c746e
3e1441
3fa40b
40f3d0
41f393
427358
425322
4192f5
4002d2
3da2bc
3a52b4
3612b9
30d2cc
2ab2eb
23a313
1bc343
134377
0a53ad
0103e0
f7b40e
ee6433
e5644b
dce456
d5044f
cdf438
c8040f
c333d4
bfa389
bd532e
bc32c3
bc224a
bcf1c4
be7134
c0909c
c31000
c5cf64
c89ecc
cb5e3c
cdcdb6
cfdd3d
d13cd2
d20c78
d21c2f
d17bf9
d03bd5
ce7bc4
cc5bc2
c9dbcf
c73be7
c48c08
c20c31
bfec5d
be4c8a
bd5cb5
bd2cdc
bdecfc
bf9d13
c22d1f
c5bd21
ca3d17
cfad03
d5ece8
dcfcc5
e49c9d
ec9c73
f4ec48
fd4c20
05bbfe
0dfbe4
15fbd5
1dabd2
24ebde
2b9bf8
31ac22
370c5b
3bcca3
3ffcfa
437d5e
465dcf
489e48
4a2ec9
4b1f4e
4b5fd4
4af05b
4a00df
48715f
4651da
43824e
4012b8
3bd319
36d370
3103bc
2a93ff
23a437
1c3465
147489
0c74a2
0464b1
fc44b5
f444af
ec74a0
e50487
de0465
d79439
d1d401
ccb3bd
c8536d
c4c310
c1f2a9
bff239
beb1c3
be1147
be10c7
be7046
bf5fc4
c07f44
c1eec7
c38e50
c55de0
c72d7a
c8ed1e
ca7ccb
cbdc83
ccdc45
cdac13
ce4bed
cecbd4
cf2bc7
cf9bc6
cffbd1
d06be4
d0bbfe
d10c1e
d13c41
d14c67
d11c8c
d0acaf
cfeccf
cecce8
cd4cfa
cb7d04
c95d07
c6fd04
c46cfd
c1ccf3
bf2ce8
bcacdb
ba8cce
b8dcbf
b7dcb1
b7bca4
b8ac99
baac91
bddc8e
c25c8f
c81c93
cf1c9a
d73ca3
e06cac
ea6cb4
f4fcba
ffccbf
0a9cc0
152cbf
1f2cbb
284cb4
304cac
36eca3
3bdc9a
3edc93
3fdc8f
3ecc8e
3bbc92
36dc99
304ca4
285cb1
1f3cbf
153ccd
0a9cdb
ffbce8
f4dcf4
ea5cfe
e06d04
d74d07
cf2d04
c81cfa
c22ce8
bd6ccf
b9ccb0
b76c8c
b64c67
b64c41
b74c1e
b92bfe
bbabe4
be8bd1
c1bbc7
c4ebc7
c7fbd4
caebed
cd7c13
cfbc45
d16c83
d29ccc
d32d1e
d33d7b
d2cde0
d1fe4f
d0cec6
cf5f43
cdbfc4
cc1047
ca70c8
c90148
c7c1c3
c6d239
c632a8
c5d311
c5c370
c5e3c5
c6440f
c6e44c
c7c47c
c8e4a1
ca54b9
cc04c5
cdb4c5
cf64ba
d0d4a3
d20481
d2c454
d3241e
d313dd
d29395
d1a345
d032ed
ce628f
cc222b
c971c1
c67154
c330e4
bfd073
bca000
b9cf8d
b76f1c
b5deac
b53e3f
b5cdd5
b7ad71
baed13
bfacbb
c5ec6b
cd7c22
d65be2
e05bac
eb3b7f
f6bb5d
028b46
0e5b3b
19db3b
248b47
2e1b5f
363b84
3cabb5
411bf2
435c3a
436c8c
412ce7
3cbd4a
362db4
2dce26
23ce9f
189f1e
0c8fa3
00002c
f380b4
e7713a
dc41ba
d24231
c9e2a0
c35303
bee35c
bca3a9
bcb3e7
bef417
c36436
c9d445
d1f444
db8433
e64417
f1b3f0
fd83c3
095391
14d35d
1fb32b
29b2fe
3292da
3a22c1
4062b7
4512bd
4862d2
4a42f5
4ad322
4a3359
48a394
4643d0
43640b
402441
3cd46e
39948e
36949d
33e499
31a480
2fd44e
2e6406
2d73a5
2cf32f
2ce2a5
2d420a
2e0162
2f30b1
30affb
325f46
340e97
35adf4
371d62
384ce5
392c80
39cc37
3a2c0a
3a4bfc
3a2c0b
39dc38
393c81
384ce5
371d61
35adf3
340e97
325f46
30bffc
2f30b2
2e0163
2d420a
2ce2a4
2cf32e
2d73a6
2e6409
2fd457
31a48d
33f4ad
3694b5
3994a7
3cd487
402457
43641c
4643da
48a394
4a3350
4ad311
4a32da
4852b0
451294
406288
3a328e
3292a3
29b2c8
1fb2fa
14d337
09437c
fd73c4
f1b40b
e6444e
db9486
d204af
c9d4c5
c354c6
bee4ae
bcb47e
bce435
bf63d2
c43358
cb12c8
d3c223
ddd16e
e900ac
f4efe4
010f1b
0d2e58
18bda2
235cff
2cbc75
349c09
3a9bc0
3ebb9c
40eb9f
410bc9
3f4c1a
3b9c8e
361d22
2efdd0
266e93
1caf64
12103c
071112
fbe1de
f0e299
e6333b
dc23bf
d2c41f
ca645b
c2f46e
bcb45a
b7b41f
b3f3bf
b1533b
afd299
af51df
afc112
b0f03c
b2ef64
b57e93
b8add0
bc4d22
c05c8e
c4cc1a
c97bc9
ce6b9f
d39b9b
d91bbf
deec09
e4fc75
eb3cff
f1bda2
f84e58
ff0f1b
05dfe3
0cb0ab
13b16d
1aa223
2182c8
281359
2e53d2
341431
394476
3de4a1
41e4b3
4544ae
481495
4a346c
4ba437
4c53fa
4c53ba
4b937a
4a133f
47c30b
44b2e1
40e2c4
3c52b5
3702b4
3112c1
2a92da
2392ff
1c332b
14735c
0c8390
0463c2
fc43f0
f44418
ec7434
e50444
de0445
d7a436
d1d416
ccb3e7
c853a9
c4c35d
c1f304
bff2a0
beb231
be11b9
be1139
be70b4
bf502c
c07fa4
c1ef1f
c38e9f
c55e26
c72db4
c8ed49
ca7ce7
cbdc8c
ccdc3b
cdabf3
ce4bb5
cecb84
cf2b5e
cf9b46
cffb3a
d06b3b
d0cb47
d10b5e
d13b80
d14bac
d10be1
d0ac21
cfec6b
cefcbf
cdcd1c
cc4d80
ca7de9
c85e56
c5fec5
c34f34
c08fa3
bdb010
bb107d
b8e0e6
b7614d
b6b1b1
b71211
b8926d
bb72c6
bfa31d
c55370
cc83c1
d5140d
ded452
e9b48f
f544c1
0144e8
0d5501
19250e
24450c
2e74fb
3744db
3e44a8
433464
45d40d
45e3a5
43632e
3e62a9
37221a
2de183
22f0e6
16c046
09bfa6
fc4f0a
eeee75
e22ded
d67d74
cc5d0e
c41cbd
be0c82
ba5c5f
b94c53
bacc5e
bedc81
c54cbc
cdcd0e
d81d74
e3cdee
f05e76
fd4f0a
0a4fa6
16c045
2260e5
2cd183
35921b
3c52aa
40f32d
4323a2
430405
409456
3c1496
35b4c4
2dd4e3
24b4f4
1aa4f9
1014f1
0534de
fa54bf
efd496
e5d463
dc8426
d403e2
cc5398
c57348
bf72f2
ba6296
b62234
b2e1ca
b08159
aef0e2
ae4065
ae5fe5
af1f63
b07ee1
b29e61
b56de6
b8fd72
bd4d09
c26cac
c85c5e
cf1c22
d68bf7
deabdd
e76bd2
f09bd6
fa1be6
03cbff
0d5c20
16ac47
1f7c71
279c9c
2ebcc5
34ace9
393d05
3c1d17
3d2d1d
3c5d17
39ad05
354ce9
2f3cc5
27dc9c
1f4c71
15cc47
0bac20
011bff
f67be6
ebfbd6
e1ebd2
d87bdd
cffbf7
c89c22
c25c5e
bd5cac
b9bd09
b75d72
b64de6
b64e61
b75ee1
b92f63
bbafe5
be8065
c1a0e1
c4d159
c7f1ca
cae234
cd8296
cfb2f2
d16348
d28398
d323e2
d33426
d2c463
d1f496
d0c4bf
cf54de
cdb4f1
cc04f8
ca64f4
c8f4e3
c7c4c4
c6d496
c63456
c5e405
c5c3a2
c5e32d
c642aa
c6d21b
c7c183
c8f0e6
ca6045
cc0fa6
cdbf0a
cf5e76
d0cded
d1fd74
d2cd0e
d33cbc
d32c82
d28c5e
d16c53
cfbc5f
cd8c82
caecbd
c7fd0e
c4dd74
c1aded
be8e76
bbaf0a
b93fa6
b75046
b650e6
b64183
b7521b
b9b2aa
bd532e
c253a5
c8940d
d00463
d884a8
e1e4db
ebe4fc
f6650d
01150e
0ba501
15d4e7
1f44c0
27d48e
2f3452
35340e
39a3c2
3c6371
3d531a
3c92bf
3a0260
35d1fe
303199
293134
2110cd
180066
0e5000
044f9a
fa2f33
f01ecd
e65e67
dd2e02
d48da0
cc9d42
c57ce9
bf3c97
b9ec4a
b59c04
b25bc4
b03b8b
af2b59
af1b2f
affb0f
b19afb
b40af4
b72afc
baeb15
bf2b40
c3eb7c
c8fbcb
ce3c2c
d3bc9d
d94d1f
df0daf
e4fe4d
eb2ef5
f19fa6
f8305c
ff0111
05e1c0
0cd264
13c2f6
1aa371
2163d2
280415
2e4438
341439
395418
3e03d3
41f36c
4542e4
480240
4a1185
4b80ba
4c5fe5
4c7f0e
4bbe3d
4a2d7a
47cccc
44ac3a
40cbcb
3c5b85
374b6c
31ab81
2b8bc3
24dc31
1dacc4
160d76
0e0e41
05bf1c
fd4000
f4d0e4
ec81c0
e4828a
dcf33c
d5f3cf
cfb43c
ca447f
c5b496
c22481
bf8441
bde3d9
bd234c
bd52a0
be41dc
bfe108
c2002c
c48f50
c72e7c
c9ddb8
cc5d0b
ce8c7b
d04c0c
d17bc2
d21b9f
d1fba3
d13bce
cfcc1d
cdcc8c
cb6d18
c8adba
c5de6d
c31f2b
c08fed
be60ae
bce166
bc2213
bc42af
bd6337
bfa3ab
c2f409
c78452
cd2485
d3c4a3
db64ad
e3c4a4
ecd48b
f65465
000436
09b402
1333cc
1c4399
24a369
2c333f
32e31b
3892fd
3d42e6
40e2d7
4372ce
44f2cd
4562d4
44c2e1
4342f4
40e30b
3e0325
3ac33f
376359
342370
313384
2ec393
2cd39d
2b93a2
2b03a0
2b439a
2c438f
2e237f
30b36d
33f357
37a341
3ba32a
3fa314
436301
46b2f2
4942e8
4ae2e4
4b32e6
4a22ef
4762fd
42e311
3ca328
34b344
2b5362
20c383
1543a6
0933c9
fcd3ec
f0a40b
e4e426
da0438
d06441
c8543d
c2242c
be140e
bc23e2
bc73a9
bee361
c3730c
c9f2aa
d2423a
dc21bd
e75135
f370a5
000010
0c9f7a
18bee5
23ee55
2dcdce
361d50
3c9ce0
412c7f
439c2f
43ebf2
41fbc7
3ddbb0
37bbaa
2fabb5
260bce
1b2bf3
0f6c20
032c53
f6dc88
eaccbd
df4ced
d4cd16
cb6d34
c36d47
bcfd4c
b82d43
b51d2d
b39d0b
b3bcde
b52ca8
b7bc6d
bb3c30
bf5bf5
c3cbbe
c84b92
cc8b72
d06b63
d38b67
d5db81
d73bb2
d78bfa
d6cc5a
d50cd1
d25d5b
cefdf6
cb0e9e
c6cf4f
c27005
be40ba
ba9169
b7920c
b5929e
b4b31b
b53380
b733c9
baa3f6
bfa404
c623f5
cdf3c9
d6e380
e0d31b
eb729f
f6920c
01c169
0cc0ba
173005
20ef4f
297e9d
30bdf6
367d5b
3a8cd1
3cdc5b
3d5bfa
3c1bb1
392b80
34ab66
2ebb63
279b73
1f8b93
16abbf
0d5bf5
03bc2f
fa1c6c
f09ca7
e76cde
dead0c
d68d2e
cf1d43
c85d49
c26d3e
bd4d26
b8fd02
b56cd5
b29ca3
b07c70
af0c3e
ae5c10
ae4be9
af0bcc
b08bbc
b2ebbb
b62bca
ba6be9
bf9c19
c5bc57
ccdca4
d4dcfc
ddad60
e73dcf
f16e47
fbeec7
068f4c
111fd4
1b405d
24c0e2
2d5161
34a1da
3a824c
3e92b6
40a319
408374
3e33c6
39c40e
33644b
2b447c
21b4a1
1714ba
0bc4c5
0004c5
f444ba
e8f4a3
de5481
d4c454
cca41e
c643de
c1c395
bf5345
bef2ed
c0a28e
c4622a
c9f1c1
d13155
d9c0e5
e37073
edf000
f8ef8d
040f1b
0f1eab
19de3f
23fdd6
2d5d71
35ad13
3cdcbb
42cc6b
477c22
4afbe2
4d5bac
4ebb7f
4f3b5d
4efb46
4e0b3b
4c8b3b
4a6b47
47db5f
44cb84
415bb4
3d6bf2
390c3b
341c90
2eacef
289d57
221dc7
1b2e3d
13eeb9
0c7f38
04efba
fd403c
f5a0bd
ee113a
e6a1b0
df7220
d8b286
d282e2
cd2335
c8937d
c4e3bb
c203ed
c00413
beb42c
be1439
be043a
be742f
bf541c
c08401
c1f3e1
c393be
c55399
c71374
c8d351
ca7330
cc0314
cd62fe
ce92ee
cf82e6
d032e4
d0b2e9
d112f3
d14302
d16314
d16329
d13340
d0c357
d0336d
cf7380
ce738f
cd6399
cc439d
cb0399
c9b390
c85380
c6d36d
c53357
c39340
c1e329
c06314
bf1302
be22f3
bda2e9
bdb2e4
be62e6
bff2ee
c272fe
c5e314
ca7330
d00351
d69374
dde399
e5e3be
ee53e1
f71401
00041c
08f42f
11b439
1a3439
22242c
297413
2ff3ed
35a3ba
3a537b
3e132f
40e2d7
42c275
43d209
440197
438120
4260a6
40b02c
3ecfb1
3c9f38
3a6ec1
383e4e
362ddf
344d77
329d17
311cbf
2fdc70
2efc2a
2e6beb
2e4bb4
2e8b83
2f2b5a
301b38
314b20
32ab10
341b0c
357b15
36db2b
37fb51
38fb89
39abd4
3a0c33
3a1ca6
39dd2b
393dc1
384e63
371f0f
359fc0
340072
325121
30b1c9
2f4264
2e12ee
2d4361
2cd3ba
2ce3f5
2d7411
2e640e
2fd3eb
31b3a8
33f348
3692cb
399236
3cd18c
4020d3
436010
464f4d
48ae8e
4a3ddc
4add3c
4a3cb2
485c45
451bf6
406bca
3a3bc3
32abe0
29bc22
1fbc85
14dd07
094da1
fd7e4f
f1bf0a
e64fcd
db9092
d20153
c9d20c
c362b5
bef34b
bcb3ca
bce42e
bf6475
c434a2
cb14b3
d3c4ae
ddd494
e9046b
f4e436
0103fa
0d13ba
18a37a
23533f
2cb30b
3492e1
3aa2c4
3eb2b5
40b2b4
40a2c1
3e82db
3a72ff
34a32b
2d535c
24c38f
1b43c2
1113f0
068418
fbe434
f16444
e73445
dda436
d4d416
cce3e7
c5e3a9
c0035d
bb3304
b752a0
b45231
b221b9
b09139
afb0b4
af502c
af9fa4
b08f1f
b21e9f
b45e26
b76db4
bb4d49
c00ce7
c5bc8c
cc5c3b
d3fbf3
dc7bb5
e5db84
efeb5e
fa6b46
053b3a
101b3b
1aab47
24ab5e
2dcb80
35bbac
3c1be1
40ac21
431c6b
436cbf
416d1b
3d2d7f
36bde9
2e4e56
241ec5
186f34
0bbfa3
fe5010
f0d07c
e3c0e6
d7914d
ccc1b1
c3b211
bcd26e
b862c6
b6a31a
b7a36a
bb63b5
c1d3fb
cac43c
d5d476
e284a8
f064d2
ff04f1
0da505
1be50b
292503
34d4eb
3e84c1
45d484
4a7434
4c23d1
4ad35b
46a2d4
3fb23f
36419d
2ab0f2
1d7041
0f0f8e
000edf
f10e37
e29d9c
d55d12
c9cc9f
c05c46
b96c0a
b53bef
b3ebf5
b59c1c
ba3c64
c18ccb
cb3d4c
d6fde4
e42e8e
f26f44
010000
0f90bc
1d8172
2a321c
3542b4
3e3335
44a39c
4873e4
49640b
47a411
4323f6
3c43ba
334361
2872ed
1c5264
0f31c9
01b121
f45072
e79fc0
dbff0f
d1ce63
c95dc1
c2fd2b
be9ca6
bc7c33
bc7bd4
be9b89
c2db51
c8fb2b
d0bb15
d9eb0d
e41b11
eefb20
fa3b38
058b59
10ab83
1b3bb4
252bec
2e2c2a
362c70
3d1cbb
42dd0f
476d69
4aedcc
4d5e36
4ecea8
4f4f1f
4f0f9b
4e001b
4c709d
4a511f
47c19e
44c21a
41528e
3d72f8
391354
3453a2
2f13de
295409
233423
1ca42e
15942a
0e241a
066401
fe53e0
f623b9
ee038f
e60364
de633b
d73317
d0a2fb
cac2e9
c5b2e3
c192e9
be82fb
bc9317
bbb33b
bbd364
bcd38f
bea3b9
c103e0
c3d401
c6f41b
ca342a
cd542e
d03423
d27409
d3f3df
d493a5
d4335c
d2d305
d0b2a1
cde231
ca81b8
c6d138
c300b3
bf502c
bbefa4
b91f20
b72ea0
b63e26
b67db3
b81d49
bb2ce7
bfac90
c5ac43
cd0c00
d5abc9
df6b9b
e9eb78
f50b5f
006b50
0bab4b
168b50
20ab5f
29db78
31bb9b
381bc8
3cbc00
3f6c44
401c93
3edcef
3bad55
36cdc6
304e3d
286eba
1f4f3a
154fbb
0a903c
ffa0bb
f4c137
ea41af
e06220
d75288
cf42e5
c82336
c2237b
bd53b3
b9b3df
b763ff
b64415
b65420
b75421
b9341a
bba40b
be73f8
c193e0
c4c3c6
c7f3ab
caf38f
cda374
cfc359
d14340
d2132a
d25317
d20308
d152fd
d052f5
cf22ef
cde2ec
cca2ea
cb62ea
ca42ed
c962f3
c8c2fd
c8730a
c85319
c8632a
c8833c
c8a350
c8d365
c9037b
c95393
c9a3ad
ca13c8
ca93e2
cb03fa
cb540e
cb941e
cbc426
cbd425
cbc41a
cbb401
cb93d9
cb63a2
cb1359
cad300
ca9297
ca5222
ca31a2
ca111b
ca008f
c9f000
c9ff71
ca0ee5
ca2e5e
ca5dde
caad69
caed01
cb2ca7
cb3c5e
cb2c26
caebff
caabe6
ca5bdb
ca1bda
c9fbe3
c9fbf2
c9fc06
ca0c1e
ca1c38
ca3c52
ca5c6d
ca8c85
cadc9c
cb1caf
cb6cc0
cb9cce
cbbcda
cbdce3
cbdcec
cbbcf3
cb9cfa
cb5d00
cb0d06
ca9d0b
ca2d10
c9bd13
c95d14
c90d11
c8cd0a
c8acfe
c88cec
c86cd4
c85cb7
c87c95
c8cc6f
c96c46
ca4c1c
cb6bf2
ccabca
cdeba8
cf3b8d
d05b7d
d15b7b
d20b89
d24baa
d21bdd
d14c25
cfcc81
cdacf1
cb0d73
c7fe06
c4cea6
c18f4e
be7ffc
bba0a9
b93153
b761f2
b65284
b64304
b7536d
b9a3bc
bd53ee
c25401
c893f5
d003c9
d88380
e1e31b
ebe29e
f6620c
011169
0ba0ba
15d005
1f5f4f
27de9e
2f3df6
353d5b
39acd1
3c5c5b
3d2bfa
3c1bb1
393b80
34bb66
2ebb63
278b72
1f7b92
16abbf
0d5bf5
03cc2f
fa2c6c
f09ca7
e76cde
dead0c
d67d2e
cf0d43
c85d49
c27d3f
bd5d26
b8fd02
b56cd5
b28ca3
b07c70
af0c3d
ae5c10
ae4be9
af0bcd
b08bbc
b2ebbb
b62bc9
ba5be9
bf7c1a
c57c5b
cc5cab
d41d09
dc9d73
e5dde6
efde61
fa5ee0
052f63
101fe5
1ab065
24b0e2
2dd159
35b1ca
3c0234
409296
4302f1
432345
40f391
3c63d6
359415
2cd44c
22647d
16c4a6
0a44c8
fd44e0
f054ef
e3c4f3
d824eb
cdc4d5
c534af
bec477
bac42c
b943cd
ba635a
be02d5
c41240
cc519d
d670f1
e22040
eeef8d
fc4edf
09ce37
16dd9d
230d13
2dec9f
372c46
3e6c0a
436bee
461bf5
465c1c
441c65
3f7ccb
38bd4c
301de4
25ee8e
1a8f44
0e5000
01d0bc
f55172
e9321c
ddd2b4
d38335
ca739b
c2d3e4
bcb40b
b83412
b523f6
b3b3ba
b3b361
b502ed
b79264
bb11c9
bf5121
c3d072
c86fc0
ccaf0f
d06e63
d37dc1
d5bd2b
d72ca5
d7ac2f
d73bcd
d5db7d
d38b40
d06b15
cc9afc
c84af4
c3cafb
bf5b0f
bb3b2f
b7bb59
b51b8b
b3bbc4
b3ac04
b51c4a
b81c96
bcbce9
c2ed42
ca9da0
d39e02
ddde67
e92ecc
f53f33
01cf99
0e5000
1a9067
2600cd
302134
38b199
3f61fe
43f260
4652bf
46531a
43f371
3f43c3
38540e
2f5452
24848e
1844c0
0b04e7
fd4501
ef850f
e2450d
d604fc
cb44db
c274a7
bbe463
b7e40c
b6a3a5
b8232f
bc52aa
c3221b
cc4183
d750e5
e40045
f1bfa5
000f0a
0e5e76
1c0dee
28bd75
33cd0e
3cecbb
43bc80
47ec5e
496c55
482c66
442c8f
3d9ccf
34cd25
2a0d8e
1dce07
108e8c
02cf1b
f4ffaf
e7c047
db80de
d0b173
c7b202
c0c289
bc1308
b9b37b
b9b3e1
bc043a
c0a485
c754c2
cfe4f1
da1512
e57526
f1b52d
fe4527
0ac513
16e4f2
2234c2
2c8484
358438
3d13e1
43137d
47730f
4a2297
4b3215
4ae18a
4940f8
46b060
436fc5
3faf2b
3bae95
37be08
33fd87
30bd15
2e1cb6
2c4c6e
2b5c40
2b4c2e
2c1c3a
2dbc65
2ffcac
32bd0d
35cd84
38fe0d
3c2ea5
3f0f46
418fee
434098
444140
4451e2
43627a
416302
3e6377
3a53d8
355422
2f7457
28d477
21a485
19f482
11f473
09d458
01b436
f9b40e
f1f3e4
ea73ba
e36391
dcc36b
d6a349
d0f32c
cbb314
c6f302
c2a2f6
bec2ef
bb42ec
b832ed
b592f1
b382f5
b202fa
b11300
b0d306
b1530d
b2b314
b5131d
b89327
bd3332
c2f340
c9e350
d1f364
daf37a
e4d393
ef63ae
fa73c9
05c3e2
1113fa
1c040e
26341d
2f5425
371425
3d341a
416402
4393da
4393a2
417358
3d22ff
36b297
2e4222
2411a3
18611c
0ba08f
fe5000
f0df71
e3cee4
d79e5d
cccdde
c3bd6a
bcdd01
b86ca7
b6ac5b
b7ac1e
bb6bf1
c1ebd3
cacbc3
d5cbc0
e28bc9
f06bdb
ff0bf5
0dbc13
1bec35
292c59
34dc7d
3e8c9f
45dcbd
4a6cd7
4c2cec
4aecfa
46bd03
3fcd06
364d04
2abcff
1d7cf5
0f0ce9
000cdb
f10ccc
e29cbe
d55cb0
c9cca4
c05c9a
b95c93
b51c8e
b3bc8b
b52c8b
b96c8c
c05c8f
c9cc95
d54c9b
e28ca2
f0fca9
000cb0
0f1cb5
1d8cb9
2accbc
364cbd
3fbcbc
46acbb
4aecba
4c5cb9
4afcb9
46bcba
3fbcbb
364cbd
2abcbd
1d7cba
0f0cb6
000cb0
f10ca8
e29ca1
d55c9a
c9cc95
c04c91
b95c8d
b52c8a
b3ec88
b5ac85
ba3c85
c18c87
cb3c8c
d6ec96
e42ca4
f25cb6
010cca
0facde
1d9cf3
2a4d05
354d15
3e2d20
449d24
486d21
496d16
47ad02
433ce6
3c5cc2
334c97
287c67
1c3c33
0f2bfe
01bbca
f46b9b
e7ab76
dbfb5c
d1cb53
c95b5d
c2eb7b
beabae
bcabf7
bcfc55
bf7cc9
c3fd52
ca5ded
d23e9a
db5f52
e56013
eff0d5
fad193
05a246
1032e8
1a3374
2383e4
2c1432
33a45c
3a545e
400436
44c3e7
48a373
4bb2de
4df22f
4f816c
50609b
50bfc4
506eef
4f7e22
4ded67
4bbcc5
48bc41
44dbe0
400ba5
3a2b92
333ba6
2b4be1
226c42
18dcc5
0ead66
042e21
f97eed
eeffc4
e4c09c
db416e
d2b230
cb62de
c58371
c173e5
bf5436
bf5461
c15465
c57441
cb73f8
d3538b
dcb301
e7525d
f2e1a8
ff00e5
0b301d
171f55
223e93
2c4ddd
34ed37
3bcca6
40ac2e
436bcf
43db8a
41fb60
3deb4e
37bb52
2fab6a
260b93
1b2bc9
0f6c06
032c47
f6dc87
eaccc2
df4cf5
d4bd1e
cb5d3b
c36d4b
bcfd50
b82d48
b51d34
b3ad15
b3bced
b52cbd
b7bc89
bb3c53
bf5c20
c3cbf2
c84bce
cc8bb5
d06baa
d38bb0
d5dbc8
d73bf2
d78c2f
d6cc7f
d50ce0
d25d50
cefdce
cb0e56
c6cee6
c27f7a
be4010
ba90a5
b79134
b581bc
b4b23a
b532aa
b7330d
ba9361
bf73a5
c5a3da
cd2401
d5c419
df6425
e9d426
f4e41e
00440f
0ba3fa
1693e1
20d3c7
29f3ad
31b393
37f37b
3c8365
3f5351
404340
3f6331
3ca325
38031c
31b314
29e30e
20c307
169301
0ba2fa
0052f4
f4f2ef
e9e2ec
df62ec
d5b2f0
cd12f7
c5b302
bfa311
bb2324
b8133c
b67359
b6337b
b723a2
b923cd
bbf3f9
bf5425
c3044e
c6d471
ca8489
cde495
d0b490
d2e478
d43449
d49402
d3f3a2
d2732a
d0329c
cd51fb
ca314c
c6f094
c3dfd7
c10f1b
beae64
bcddb9
bbdd20
bbbc9d
bc9c36
be8bef
c19bca
c5bbca
cacbee
d0ac36
d73c9e
de6d24
e60dc3
ee0e77
f62f38
fe5000
0660c8
0e2189
15923d
1ca2dc
233362
2953ca
2f0412
345436
392436
3d7411
4153ca
44c363
47c2e1
4a5247
4c719c
4e00e5
4f0029
4f5f6c
4eceb3
4d5e05
4aed65
476cd7
42cc5e
3d1bfe
363bb6
2e3b87
252b6f
1b3b6b
109b77
058b90
fa3bb2
eefbdb
e41c06
d9ec32
d0cc5d
c8fc85
c2cca8
be9cc5
bc7cdc
bcacec
bf2cf6
c3dcfb
ca9cfd
d33cfc
dd8cfa
e92cf8
f5bcf6
02ccf5
0fdcf5
1c6cf7
280cf9
324cfc
3abcfe
412cfc
453cf5
46cce8
45ccd3
422cb8
3c0c96
33bc6f
298c45
1dcc1b
111bf1
03cbca
f66ba8
e95b8e
dd2b7e
d22b7b
c8db89
c18ba9
bc9bdd
ba2c25
ba4c81
bcecf1
c1dd74
c8ce06
d18ea5
dbaf4e
e6dffc
f2b0a9
fee153
0ae1f3
167285
213304
2ae36d
3363bb
3aa3ee
409401
4523f5
4863c9
4a3380
4ad31b
4a329e
48a20c
464169
4360ba
402005
3cdf4f
399e9e
369df6
33ed5b
31acd1
2fec5a
2eabf7
2dfbaa
2dcb73
2e1b54
2ebb4b
2fab58
30db78
322ba8
336be4
34ac27
35cc6c
36acb0
374cef
379d25
37bd4f
379d6c
375d78
36ed73
366d5d
35dd38
354d06
34ccc8
345c84
341c3c
340bf5
342bb3
346b7b
34cb51
354b3b
35cb3a
365b51
36eb82
375bcb
37ac2e
37cca8
37ad39
374ddd
369e92
35bf53
34901c
3360e5
3231a9
30f25f
2fc302
2eb38b
2df3f7
2da440
2de464
2ec461
305437
3273e7
351372
3812de
3b322f
3e616c
41809b
446fc4
46eeef
48be23
49cd68
49ccc5
48ac40
464bdf
42bba5
3deb94
37ebad
30dbed
28bc54
1facdc
15cd81
0b3e3b
005f04
f57fd4
eac0a4
e0c16d
d7b227
cfc2cd
c94358
c453c5
c1340e
bff432
c0b430
c3640a
c7f3c1
ce535b
d632dc
df524a
e981aa
f46101
ffa053
0b0fa6
162efd
20ae5d
2a6dc8
330d3f
3a6cc5
406c57
44ebf8
47fba6
499b63
49db2e
48eb07
46faef
442ae4
40bae5
3d0af1
393b08
358b29
322b56
2f5b8e
2d3bd3
2bcc26
2b4c85
2b9cf1
2ccd69
2ebdeb
313e76
343f09
377fa1
3ad03b
3e00d5
40e16a
4331f8
44b279
4562eb
44f34a
438392
40f3c0
3d43d2
3893c5
32e39b
2c3354
24a2f3
1c427c
1331f3
09c15c
0000ba
f64012
ecdf67
e3cebf
db6e1e
d3cd87
cd2cff
c78c88
c2fc25
bfabd6
bd6b9b
bc4b76
bc2b64
bceb64
be6b75
c08b92
c31bba
c5dbe8
c8bc1a
cb6c4d
cdcc7f
cfbcae
d12cd8
d20cfb
d24d14
d1fd22
d12d26
cfbd21
cdcd15
cb6d04
c8bcf1
c5dcdd
c31cca
c08cb7
be6ca6
bcec98
bc2c8c
bc4c85
bd6c83
bfbc85
c33c8b
c7fc93
cdec9c
d4fca4
dcecac
e57cb3
ee7cb9
f7bcbd
010cc0
0a4cc0
133cbc
1bbcb5
23acac
2abca2
30ec99
362c92
3a5c8f
3d9c8f
400c93
419c9a
425ca4
427cb0
41fcbd
40fccc
3facdb
3e1ce9
3c7cf6
3adcff
393d04
37cd06
366d02
352cfa
340cec
331cd8
325cbe
31cc9f
314c7d
30ec59
308c35
301c13
2fabf5
2f4bdc
2efbca
2ecbc1
2ecbc3
2f0bd2
2f7bf0
303c1e
314c5b
32bca8
348d02
36ad6a
391dde
3bbe5c
3e6ee3
40ff70
436000
457090
47111d
4811a4
485222
478296
4582fe
423358
3d83a5
3763e2
300410
27942e
1e243d
14143f
09a436
fef424
f4640b
ea33ed
e0b3cb
d823a7
d0d383
cad361
c66342
c3b328
c2b314
c37306
c5f2fe
ca22fb
cfd2fc
d6e301
df030a
e80316
f1b325
fbb334
05d343
0fe351
19b35c
22f365
2b936c
336372
3a5375
405376
455375
494371
4c436b
4e4365
4f635d
4fa356
4f1350
4dd34b
4be348
495345
463343
427343
3e4344
399346
348347
2f1347
295347
233345
1ca343
15a343
0e3345
066349
fe5350
f62358
edf360
e60367
de636b
d7436f
d0a372
cac375
c5b378
c1937b
be837c
bc937a
bbb374
bbd369
bcd35b
bea349
c10336
c3d323
c6f30f
ca32fc
cd52eb
d032df
d272da
d3f2de
d492ec
d43305
d2e327
d0b351
cde381
ca83b3
c6c3e6
c30418
bf5446
bbf46e
b9248b
b7249c
b6349c
b6648a
b80465
bb342a
bfe3db
c62378
cde301
d6d279
e0d1e2
eb8141
f6a099
01cfee
0ccf46
173ea4
20de0d
297d83
30bd0d
367cac
3a9c65
3cfc3b
3d9c2e
3c8c40
39ec6e
35ccb6
303d15
294d87
213e08
182e95
0e5f2b
043fc5
fa0060
f000f8
e6518a
dd3215
d49297
cca30f
c5737d
bf23e1
b9c439
b58484
b254c2
b044f2
af4513
af2527
aff52d
b18526
b3f512
b714f1
bae4c2
bf3485
c3f43a
c903e1
ce337b
d3a308
d9328a
def202
e4f173
eb30de
f1a046
f84faf
ff0f1b
05de8c
0cce07
13bd8f
1aad25
217ccf
281c8e
2e5c66
341c59
394c66
3dec8e
41eccf
454d25
481d8e
4a3e07
4bae8c
4c5f1b
4c5faf
4b9046
4a10de
47c173
44c202
40e28a
3c5308
37037b
3113e1
2a943a
239485
1c34c2
1474f1
0c8512
047526
fc452d
f43527
ec6513
e4f4f2
de04c2
d7b484
d1e438
ccc3e1
c8337d
c4530f
c12297
bed215
bd418a
bc70f8
bc7060
bd1fc5
be4f2b
bfee95
c1de08
c41d86
c67d15
c8dcb6
cb0c6e
ccfc3f
ce8c2b
cf9c33
d03c58
d06c99
d04cf5
cfed69
cf5df2
ce9e8d
cdbf34
ccdfe4
cbe097
cb0148
ca41f3
c9a292
c93322
c8e39e
c8b406
c8b456
c8c48d
c8f4ad
c954b5
c9b4a7
ca2487
ca9457
cb041c
cb53d9
cb9394
cbb350
cbd311
cbd2db
cbc2b0
cb9294
cb6288
cb128d
cac2a3
ca82c8
ca52fa
ca3338
ca137c
ca03c4
c9f40b
c9f44d
c9f485
ca14ae
ca54c5
caa4c6
cae4af
cb247e
cb3431
cb23ca
cae34b
caa2b5
ca520c
ca2154
c9f093
c9ffce
c9ff0a
ca0e4e
ca1da0
ca3d06
ca5c85
ca8c22
cacbe1
cb1bc3
cb6bca
cb9bf6
cbcc44
cbdcb2
cbdd3c
cbbddd
cb9e8f
cb5f4d
cb0010
ca90d2
ca218b
c9b235
c952cb
c8f349
c8c3a9
c8b3eb
c8b40b
c8e40b
c933e9
c9a3a8
ca434a
cb02d5
cbe24c
ccc1b3
cdb111
ce9069
cf5fbf
cfef16
d04e73
d06dda
d03d4c
cfaccd
cecc5e
cd7c01
cbdbb3
c9fb75
c7db45
c5ab21
c36b08
c14afa
bf5af5
bdbafa
bc8b09
bc0b21
bc3b45
bd4b75
bf2bb3
c1ec00
c57c5e
c9fccd
cf4d4c
d56dda
dc6e73
e43f16
ecbfbe
f5b068
ff0111
0861b4
11b24c
1ab2d5
23234a
2b03a7
3203e8
38140a
3d140b
40e3eb
4383aa
450349
4562cb
44b235
43218a
40e0d2
3e0010
3adf4e
377e90
343ddd
313d3c
2ebcb1
2ccc43
2b8bf6
2b0bce
2b4bcb
2c5bee
2e2c35
30bc9d
33ed20
379dba
3b9e65
3faf1b
437fd7
46c093
49514c
4ae1fb
4b329c
4a132a
4753a2
42e402
3ca449
34c478
2b5490
20c495
153489
092471
fcd44e
f0a425
e4f3f9
da13cc
d073a2
c8537b
c22359
be033c
bc3324
bca311
bf6302
c442f7
cb22f0
d3c2ec
ddc2ec
e8f2ef
f4d2f4
0102fa
0d2301
18b308
23530e
2cb314
34931c
3a9325
3eb331
40b340
40b351
3e9365
3a837b
34a393
2d53ad
24c3c7
1b33e1
1113fa
06940f
fbe41f
f16427
e73425
dda419
d4c400
ccd3da
c5e3a5
c00361
bb330e
b752ab
b4523a
b221bc
b09134
afa0a4
af5010
afaf7b
b08ee7
b21e56
b45dce
b76d4f
bb4cdf
c00c7f
c5bc33
cc5bfa
d3fbd6
dc7bc3
e5dbc2
efebcf
fa6be7
053c08
101c31
1aac5d
24ac8a
2dccb5
35bcdc
3c1cfc
40ad13
430d1f
432d21
40ed17
3c5d04
358ce8
2cdcc5
227c9d
16dc72
0a4c48
fd4c20
f04bfe
e3bbe4
d81bd5
cdcbd2
c54bde
bedbf8
bacc22
b94c5b
ba5ca4
bdfcfb
c40d5f
cc5dcf
d68e48
e22ec8
eeef4d
fc4fd4
09b05b
16c0e0
22f160
2de1da
37224d
3e72b8
437319
461370
4643bd
440400
3f7438
38b465
301488
25f4a1
1a84b0
0e54b5
01c4b0
f544a1
e92488
ddd465
d38437
ca83ff
c2e3bd
bcb370
b82319
b512b8
b3a24d
b3b1da
b51160
b7a0e0
bb205b
bf5fd4
c3cf4d
c84ec8
cc9e48
d06dcf
d38d5f
d5dcfb
d73ca3
d78c5b
d6cc22
d50bf8
d26bde
cefbd2
cb0bd5
c6cbe4
c26bfe
be4c20
ba9c48
b79c72
b59c9d
b4bcc5
b53ce8
b73d04
baad16
bfad1d
c62d17
cdfd06
d6ece9
e0dcc5
eb8c9b
f69c70
01cc46
0ccc20
173c00
20ebe6
297bd7
30bbd2
367bdc
3a8bf6
3cdc21
3d5c5e
3c1cac
392d09
34ad73
2ebde6
27ae61
1f8ee0
16bf62
0d5fe5
03b066
fa00e2
f08159
e761ca
deb233
d69295
cf12f2
c83348
c1f399
bc73e3
b7c427
b3e463
b0e495
aed4be
ad94dd
ad34f1
ada4f9
aee4f6
b0f4e4
b3e4c4
b7b495
bc6455
c1f405
c853a5
cf8336
d762b9
dfe22f
e8d19b
f220ff
fba05d
051fbb
0e5f1b
174e80
1f9df0
271d6e
2dbcfd
331ca2
372c5f
39ac37
3a7c2b
39ac3b
372c66
331cad
2dbd0d
271d82
1f9e0b
174ea3
0e5f46
051fef
fba09a
f22142
e8d1e2
dfe278
d76300
cf8377
c853db
c1f42b
bc6466
b7b48b
b3e49c
b0f49b
aee48b
ada46d
ad3446
ad9419
aed3e7
b0e3b3
b3e381
b7c351
bc7327
c1f305
c832ea
cf12d8
d6a2cf
deb2cd
e762d4
f082e1
fa02f3
03b30b
0d5325
16b340
1f935a
27a371
2eb384
349392
39139c
3c13a2
3d53a4
3cd3a2
3a939d
367393
30b384
296371
20d35a
173340
0cc325
01c30b
f692f4
eb82e1
e0d2d4
d6e2cd
cde2ce
c622d8
bfe2ea
bb2305
b80328
b66352
b63381
b733b3
b933e6
bbf418
bf5446
c2f46e
c6c48b
ca749c
cde49c
d0c48b
d2f465
d4342b
d493db
d3e377
d26300
d02279
cd51e2
ca4141
c7009a
c3efef
c10f46
be9ea4
bcce0c
bbcd83
bbbd0d
bcacad
beac66
c19c3a
c57c2b
ca3c38
cfcc60
d60ca3
dcfcfd
e47d6d
ec7def
f4de80
fd4f1b
05cfbc
0e105e
1610ff
1da19b
24d22e
2b72b8
318337
3703a9
3be40d
400462
4384a7
4654db
4884fd
4a150e
4b050f
4b5501
4b04e6
4a14bf
48848d
465452
43740e
3ff3c3
3bd371
37031a
3192bf
2b8260
24d1fe
1da199
160134
0e00ce
05b067
fd4000
f4df99
ec8f32
e48ecc
dcfe67
d5fe02
cfbda0
ca3d41
c57ce6
c1ac8f
bebc3d
bcbbf2
bbbbae
bbbb72
bcbb40
be8b19
c10aff
c3faf2
c71af3
ca5b04
cd5b25
d01b58
d25b9d
d3fbf3
d4cc5b
d4ccd2
d3dd56
d1fde5
cf5e7d
cc1f1a
c85fba
c4605a
c060f6
bca18a
b95213
b6c28c
b522f2
b4c343
b5e37e
b8a3a1
bd23ad
c373a2
cb537f
d4b344
df42f2
eac28c
f6d212
03318a
0f60f6
1b205a
25ffbb
2faf1b
37be7d
3dede5
420d56
43dcd3
436c5e
40abfb
3bcbaa
34eb6b
2c4b3c
224b1c
171b0b
0b3b07
ff0b0f
f2eb23
e75b42
dcab6b
d35b9d
cb8bd9
c57c1d
c15c68
bf2cbb
befd16
c0cd78
c47de0
c9fe4e
d12ec1
d9bf37
e36fb1
edf02c
f8e0a7
041120
0f2197
19d209
23f274
2d42d7
35a32e
3cd37b
42c3bb
4783ee
4af414
4d542c
4eb439
4f3439
4ef42f
4e041c
4c8402
4a73e2
47d3be
44c399
414374
3d6351
390330
345314
2f22fe
2972ef
2342e6
1ca2e4
1582e9
0e12f3
065302
fe5314
f63329
ee1340
e61357
de636d
d73380
d0938f
cab399
c5b39d
c1a39a
bea390
bca380
bbb36d
bbc357
bcc340
be8329
c10314
c3e302
c712f3
ca42e9
cd52e4
d012e6
d252ee
d3f2fe
d4c314
d4b331
d3c351
d1f375
cf5399
cc13be
c863e1
c46401
c0641c
bca430
b9543a
b6b439
b5242c
b4d413
b5e3ed
b893ba
bcf37d
c2f335
ca82e3
d38286
ddd220
e921b0
f54139
01c0bc
0e503c
1a9fba
25ff38
302eb9
38be3d
3f7dc7
440d57
465cef
465c90
43fc3b
3f3bf2
384bb5
2f5b84
248b5f
185b47
0b1b3b
fd4b3b
ef8b46
e23b5d
d5fb7f
cb4bac
c28be2
bbfc22
b7ec6a
b66cbb
b79d14
bb7d72
c1edd6
cace3f
d5ceab
e27f1a
f06f8d
ff0000
0db074
1bf0e6
292155
34d1c1
3e822a
45c28d
4a62ed
4c2348
4ae39e
46b3ec
3fc431
36446c
2ab49a
1d74bc
0f04cf
0004d6
f104cf
e294bb
d5549a
c9c46c
c05432
b953ed
b5139e
b3b348
b522ed
b9628d
c05229
c9c1c1
d54156
e280e7
f0f074
000000
0f1f8c
1d8f19
2abeaa
364e3f
3fbdd7
46ad73
4add13
4c2cb8
4a7c62
45dc14
3e8bce
34db94
292b66
1beb45
0dbb31
ff0b2a
f06b31
e27b45
d5cb66
cacb94
c1ebce
bb6c14
b79c62
b66cb8
b7ed13
bc0d73
c28dd7
cb4e3f
d5feaa
e22f19
ef7f8c
fd4000
0b2074
1860e7
249156
2f51c1
384229
3f228d
43e2ed
465348
46639e
4413ec
3f7432
38b46c
30149a
25e4bb
1a84cf
0e54d6
01d4cf
f544bb
e9349a
ddd46c
d38432
ca73ec
c2d39d
bcb345
b822e5
b52280
b3b217
b3b1aa
b5013b
b790cc
bb205d
bf5ff0
c3df84
c85f1a
ccaeb3
d06e4f
d37def
d5bd92
d72d3a
d7ace6
d73c96
d5dc4b
d38c05
d06bc4
cc8b8a
c84b58
c3cb2e
bf5b0f
bb3afb
b7baf5
b52afd
b3bb15
b39b3f
b51b7c
b82bcc
bcfc2f
c36ca5
cb6d2c
d4cdc2
df4e63
eacf0e
f6cfbe
032071
0f6121
1b21ca
260265
2fa2ef
37b361
3dd3b9
41f3f4
43e411
43940e
4123eb
3ca3a9
361349
2dc2cb
23d235
18a18b
0c90d2
000010
f37f4e
e76e90
dc3ddd
d24d3c
c9fcb1
c36c43
beebf6
bc7bce
bc2bcb
be1bee
c23c36
c85c9d
d06d20
da0db9
e4ee64
f0af1b
fcefd7
093094
15414d
20c1fb
2b429b
34a329
3ca3a3
431406
47e451
4af486
4c74a4
4c54ad
4ae4a3
48548a
44d464
40b436
3c4403
37c3cd
33739a
2fa369
2c833e
2a331a
28d2fe
2862ea
28e2df
2a52dc
2c92e1
2fa2eb
3372fb
37b30d
3c3322
40b336
44e34a
48635c
4af36a
4c5374
4c6379
4ae37b
47e379
435375
3d336e
358366
2c835d
223354
16e34c
0ac345
fe4341
f1b340
e57341
da1346
cfe34c
c75354
c0935d
bc0365
b9b36e
b9b375
bc137a
c0d37c
c7c37a
d0b374
db8369
e7b35b
f4f34a
02c336
108322
1dd30e
2a02fb
34c2eb
3d82e0
4412dc
4812df
4962ea
47f2fe
43c31a
3cf33e
33c369
28a399
1c03cd
0e4402
000436
f1c465
e4048b
d764a4
cc44ad
c314a3
bc4485
b81452
b6a409
b7f3ab
bbf337
c282ae
cb4213
d60166
e230ae
ef8fed
fd4f2b
0b1e6d
185dba
248d18
2f5c8c
384c1c
3f3bce
43fba4
465ba2
465bc9
440c19
3f7c8d
38bd22
302dd1
25fe95
1a9f65
0e503c
01c111
f541dd
e92298
ddd33b
d383c0
ca8421
c2f45b
bcf46c
b8a453
b5f412
b4d3ac
b52324
b6b27f
b951c5
bca0fc
c0602c
c46f5c
c86e93
cc1dd9
cf5d33
d1fca8
d3cc3b
d4bbf2
d4cbce
d3fbd0
d25bf6
d01c3f
cd5ca5
ca4d24
c71db6
c3ee56
c10eff
be8fad
bcb05a
bbc103
bbb1a3
bca238
bea2c1
c1933b
c573a9
ca3408
cfb45a
d6049d
dcf4d2
e474f9
ec7511
f4d51c
fd451b
05c50f
0e04f8
1604d7
1da4aa
24d472
2b742d
3193da
37037b
3bd30f
400297
438215
46518a
4880f8
4a1060
4b0fc5
4b5f2b
4b0e95
4a1e08
488d86
465d15
437cb6
400c6e
3bdc3f
370c2b
319c33
2b8c58
24dc99
1dacf5
160d69
0e0df3
05ce8d
fd4f34
f4dfe4
ec8097
e48148
dcf1f3
d5f292
cfb322
ca339e
c57406
c19455
bea48d
bca4ad
bbb4b5
bbc4a8
bcb487
be8457
c1041c
c3e3d9
c71394
ca4350
cd5311
d012db
d252b0
d3e294
d49288
d4428d
d2f2a3
d0c2c8
cde2fa
ca7338
c6b37c
c2f3c4
bf540b
bc044d
b93485
b734af
b634c5
b664c6
b7f4af
bb147f
bfa435
c5b3d2
cd2357
d5b2c7
df6223
e9d16e
f4e0ad
004fe4
0baf1b
169e57
20dda0
29fcfe
31bc75
37fc0a
3c8bc1
3f5b9b
404b9b
3f6bc1
3cac0c
380c7b
31bd0b
29edb8
20be7c
168f4f
0ba02c
005108
f501dc
e9e2a0
df634c
d5a3d9
cd0442
c5a482
bfa496
bb247e
b8143b
b673ce
b6333c
b7228b
b911c0
bbe0e5
bf5000
c30f1b
c6de40
ca8d75
cdecc4
d0ac32
d2dbc5
d43b81
d4cb6a
d47b7e
d35bbe
d16c27
cedcb4
cbdd60
c88e24
c53ef8
c20fd4
bf30b1
bce184
bb5248
baa2f5
bb0385
bc73f4
bf243f
c2f465
c7f465
ce0440
d503f6
dce38b
e55302
ee525f
f7a1a9
0100e5
0a501c
135f53
1bce92
23addd
2aad39
30dca8
361c2e
3a5bcb
3dab82
401b51
419b3a
425b3b
426b51
41eb7a
40fbb2
3fabf5
3e2c3c
3c7c85
3adcc9
393d06
37bd37
365d5c
350d72
33cd7a
32ad72
319d5c
30ad37
2fdd06
2f3cc9
2edc85
2eac3c
2eabf5
2ecbb2
2efb7a
2f5b51
2fdb3b
308b3a
317b51
32ab83
340bcf
359c35
374cb5
38fd4b
3abdf4
3c6eac
3e0f6d
3f8033
40b0f6
41a1b2
42125f
4202fa
41537b
4003de
3df420
3b243d
377436
32e40a
2d83bc
27634e
2092c4
196224
11f171
0a50b3
02cff0
fb2f2e
f39e75
ec2dcb
e4ed35
ddfcb7
d76c57
d16c15
cbfbf5
c71bf5
c2ac17
becc58
bb4cb6
b83d2b
b59db4
b38e4d
b20eef
b11f97
b0d042
b150ea
b2b18d
b51226
b892b4
bd2333
c2f3a2
c9f3ff
d1f44d
daf48b
e4d4bb
ef54df
fa64f7
05c506
11150b
1c0506
2644f8
2f64df
3714bb
3d248b
41544c
4383ff
4393a2
418333
3d32b4
36c226
2e418d
2400ea
185041
0baf97
fe5eef
f0ee4d
e3edb5
d7ad2c
ccccb6
c3ac58
bcbc17
b85bf6
b6cbf8
b81c1d
bc4c64
c31cca
cc4d4c
d76de5
e40e8e
f1cf44
000000
0e40bc
1c0172
28b21c
33c2b4
3ce335
43b39c
47e3e4
49640b
482411
4423f6
3d93ba
34c361
2a02ed
1dc264
1071c9
02c121
f50072
e7cfc0
db9f0f
d0be63
c7bdc1
c0cd2b
bc2ca5
b9fc2f
ba3bcc
bceb7c
c1db3f
c8cb15
d17afc
dbaaf4
e6dafb
f2bb0f
feeb2f
0aeb59
167b8b
213bc4
2aec04
336c4a
3aac97
409ce9
452d42
486da0
4a3e02
4ade67
4a3ecd
48af33
464f9a
436000
402067
3cd0cd
399134
369199
33e1fe
31a260
2fe2bf
2ea31a
2df371
2dc3c3
2e140e
2eb452
2fb48e
30d4c0
3224e7
336501
34a50f
35c50d
36a4fc
3744db
3794a7
37b463
37940c
3753a5
36e32e
3662aa
35d21b
354183
34c0e5
345045
341fa6
340f0a
342e76
346dee
34cd75
354d0e
35ccbc
365c81
36ec5e
375c55
37ac65
37cc8f
37accf
374d25
369d8e
35be07
34ae8c
336f1b
322faf
30e047
2fb0de
2eb173
2e0202
2db28a
2de308
2ec37b
3053e1
32743a
351485
3814c2
3b44f1
3e7512
419526
44652d
46d526
48a513
49b4f1
49c4c2
48b485
46643a
42b3e1
3db37b
377308
30028a
278202
1e2173
1420de
09a046
feffaf
f46f1b
ea3e8c
e0be07
d82d8f
d0dd25
cadccf
c66c8e
c3ac66
c2bc59
c37c66
c60c8e
ca2ccf
cfdd25
d6dd8f
df0e08
e80e8d
f1bf1b
fbbfaf
05e046
0ff0de
19b173
22e202
2b828a
337308
3a937b
40d3e1
46243a
4a7485
4db4c2
4fd4f1
50e513
50f526
50152d
4e6526
4bf512
48d4f1
4524c2
40f485
3c343a
3723e1
31a37b
2be308
25f28a
1fd202
199173
1340de
0ce047
067faf
000f1b
f99e8c
f32e07
eccd8e
e67d25
e03ccf
da1c8f
d42c66
ce6c55
c8ec5e
c3dc80
bf2cbb
baed0e
b73d75
b41dee
b1ae77
afff0a
af1fa5
af2045
b030e5
b25183
b5921b
b9e2ab
bf332e
c573a2
cc9405
d48456
dd2496
e654c4
f014e3
fa14f4
0444f9
0e54f1
1814de
2114bf
293496
303463
35d426
3a03e3
3c9398
3d9348
3ce2f2
3a7296
366234
30b1ca
297159
20e0e2
174065
0ccfe5
01bf63
f68ee1
eb7e61
e0dde6
d6ed72
cdfd09
c62cac
bfac5e
baac22
b72bf7
b53bdd
b4bbd2
b59bd6
b79be6
ba9bff
be4c20
c27c47
c6cc71
cb0c9c
cefcc5
d25ce9
d50d05
d6cd17
d78d1d
d73d17
d5dd05
d38ce9
d06cc5
cc8c9c
c83c71
c3bc47
bf5c20
bb3bff
b7bbe6
b52bd6
b3bbd2
b39bdd
b50bf7
b82c22
bcfc5e
c36cac
cb6d09
d4cd72
df4de6
eabe61
f6cee1
032f63
0f6fe5
1b2065
2610e2
2fa159
37b1ca
3dd234
41f296
43d2f2
439348
412398
3ca3e3
361426
2dc463
23d496
18a4bf
0c94de
0004f1
f384f9
e764f4
dc34e3
d244c4
c9e496
c36456
bee405
bca3a2
bca32d
bef2aa
c3621b
c9d183
d200e5
db9045
e64fa5
f1bf0a
fd7e77
094dee
14cd75
1fbd0e
29ccbb
32ac80
3a2c5e
402c55
449c66
478c8f
491ccf
495d25
489d8e
470e07
44ee8c
425f1b
3fafaf
3cd047
3a20de
37b173
358202
33b28a
324308
31437b
30a3e1
30543a
303485
3044c2
3064f1
308512
30a526
30b52d
30a526
309513
3064f1
3044c2
303485
30443a
30a3e1
31437b
325308
33b28a
358202
37b173
3a20de
3cd046
3f9faf
425f1b
44ee8c
470e07
489d8f
495d25
490ccf
478c8e
449c66
402c59
3a2c66
32ac8e
29cccf
1fbd25
14cd8f
094e08
fd7e8d
f1bf1b
e64fae
dba046
d200dd
c9d173
c36203
bee28a
bca307
bca377
bef3d9
c3642c
c9f472
d244aa
dc34d7
e764f8
f3750f
00051b
0c951c
18a511
23d4f8
2dc4d2
36149e
3c945a
412407
4393a5
43e334
41f2b3
3de226
37b18d
2fa0ea
260042
1b2f98
0f6eef
033e4c
f6ddb4
eacd2b
df4cb6
d4bc58
cb5c18
c36bf6
bd2bf5
b8ac15
b5ec56
b4dcb7
b52d35
b6bdcb
b95e75
bcaf2e
c06ff0
c460b3
c86171
cc1224
cf52c4
d1e34e
d3c3bc
d4c40a
d50436
d4743d
d33420
d143de
ced37b
cbe2f9
c8a25f
c541b1
c200f6
bf2033
bcdf6e
bb4ead
baadf4
bb1d4b
bc9cb5
bf2c36
c2cbd2
c77b8b
cd2b5f
d3db4d
db6b52
e3cb6b
eccb94
f64bc9
000c06
09cc47
134c86
1c4cc2
24acf5
2c3d1e
32ed3b
389d4c
3d4d50
40fd47
438d33
44fd15
456ced
44bcbe
433c8a
40ec54
3e0c20
3adbf2
377bcd
343bb5
313baa
2ebbb1
2ccbc8
2b9bf3
2b4c2f
2bcc7f
2d2cdf
2f5d50
322dce
358e56
393ee6
3d0f7b
40b010
4420a5
46e134
48e1bc
49d23a
4992ab
47f30d
44e361
4063a5
3a63da
330400
2a6419
20a425
162427
0b041f
ffb40f
f463fa
e983e1
df53c7
d623ad
ce5393
c7f37c
c36365
c0b350
bff33c
c13329
c45318
c94309
cfc2fd
d7b2f4
e0c2ee
ead2eb
f572ea
0052eb
0b32ef
15c2f5
1fa2fd
28b308
30d317
37e32a
3de340
42a359
464373
48a38f
49c3ab
49c3c6
48c3e1
46e3f8
44640b
41841a
3e6421
3b3420
381415
351400
3283df
3053b3
2ec37b
2de336
2da2e4
2df287
2eb220
2fc1af
30f138
3230bb
33603c
349fbb
35af3a
369eba
374e3d
37adc6
37dd56
37acef
375c93
36dc44
365c00
35cbc8
354b9b
34db78
347b60
342b50
340b4b
340b50
344b5f
34bb78
354b9b
35ebc9
367c01
36ec43
371c90
371ce7
36dd48
366db3
35ce26
350ea0
342f20
333fa5
32502c
3170b3
30b138
3021b8
2fc231
2fa2a1
2fd305
30635c
3143a5
3293df
343408
361423
38342e
3a642b
3ca41b
3ec402
40b3e0
4253b9
43738e
440364
43d33b
42d318
40f2fc
3e32e9
3a92e3
3612e9
30c2fb
2a9317
23a33b
1bd364
13638f
0a63b9
0103e0
f7a401
ee541a
e5542a
dce42e
d51423
ce1409
c803de
c2f3a2
bf2354
bc72f7
bb028e
baa21a
bb519e
bcf11f
bf309d
c2001b
c53f9b
c88f1f
cbcea8
cede36
d16dcc
d35d69
d47d0f
d4ccbb
d43c6f
d2dc2a
d0bbec
cdebb4
ca8b83
c6db59
c30b38
bf5b20
bbfb11
b92b0d
b72b15
b63b2b
b67b51
b81b89
bb3bd4
bfec33
c62ca6
cded2b
d6ddc1
e0de63
eb8f0e
f6afbf
01c072
0cc121
1731c9
20d265
2972ee
30b361
3673b9
3a83f5
3ce411
3d940e
3c93eb
39f3a8
35c348
3032cb
294236
21218c
1810d2
0e5010
044f4d
fa1e8e
f00ddc
e65d3c
dd2cb2
d49c44
ccbbf6
c5bbca
bfabc3
baabe0
b6ac22
b3cc85
b1dd07
b0bda1
b07e4f
b0ff0a
b22fcd
b41092
b6a154
b9d20c
bd92b5
c1d34b
c693ca
cbb42e
d15476
d774a2
ddf4b4
e4e4ae
ec1494
f3846b
fb2436
02c3fa
0a63ba
11f37b
19633f
20930b
2752e1
2d82c4
32e2b5
3772b4
3b22c1
3df2db
4002ff
41532b
41f35c
42138f
41a3c2
40b3f0
3f8418
3e0435
3c6444
3ab445
38f436
374416
3593e7
3403a9
32a35d
317304
3082a0
2fd231
2f51b9
2f0139
2ec0b4
2ea02c
2eafa4
2edf1f
2f3e9f
2fde26
30adb4
319d49
32ace7
33cc8c
350c3b
364bf3
37bbb5
393b84
3adb5e
3c8b46
3e2b3a
3fab3b
40eb47
41db5e
426b80
425bac
41abe2
402c21
3dac6a
3a2cbb
358d14
2ffd72
297dd6
222e3f
1a3eab
11cf1a
08ff8c
000000
f71074
ee40e6
e5d156
dde1c1
d6a229
d0128d
ca72ed
c5b348
c1e39e
bf13ec
bd3432
bc346c
bc149a
bc94bb
bdb4cf
bf54d6
c134cf
c354bb
c5949a
c7d46c
c9f431
cbe3ec
cd739e
cec348
cfa2ed
d0228d
d06229
d041c1
cff156
cf50e6
ce9074
cdb000
cccf8c
cbdf1a
cb0eab
ca4e3f
c9add6
c93d72
c8ed14
c8bcbb
c8ac6a
c8cc21
c8fbe2
c95bac
c9bb7f
ca3b5e
caab47
cb0b3b
cb5b3a
cb8b46
cbbb5f
cbdb84
cbdbb5
cbcbf2
cb9c3c
cb6c90
cb1cee
cacd56
ca8dc6
ca5e3d
ca3eb9
ca1f39
ca0fba
c9f03c
c9f0bc
c9f138
ca11b0
ca5220
caa287
caf2e4
cb2335
cb337b
cb23b4
cae3e0
caa400
ca5415
ca241f
ca0420
c9f419
c9f40b
ca03f9
ca13e1
ca33c7
ca53ab
ca838e
cad372
cb1359
cb6343
cb9332
cbb325
cbd31c
cbd314
cbb30e
cb9308
cb5301
cb02fa
ca92f4
ca22ef
c9b2ec
c952ec
c8f2f0
c8c2f7
c8b302
c8b311
c8e324
c9333c
c9a359
ca437b
cb03a2
cbe3cc
ccd3f9
cdb425
ce944f
cf5471
cfe48a
d04495
d06490
d03477
cf944a
ce8406
cd03aa
cb1338
c8d2af
c67213
c41166
c1d0ad
bfefed
be4f2b
bd2e6e
bc8dbb
bc8d18
bd4c8c
becc1c
c11bcd
c45ba4
c85ba2
cd2bca
d2ac19
d8cc8d
df7d22
e68dd1
edfe95
f59f65
fd403c
050111
0c91dd
140298
1b233b
2203c0
288421
2ea45b
34546c
398453
3e4412
4283ac
463324
49527f
4bd1c5
4dc0fc
4f102c
4faf5c
4f6e93
4e4dd9
4c4d33
495ca8
455c3c
405bf2
3a5bce
336bcf
2b9bf6
22fc3f
19bca5
0ffd24
05edb6
fbbe57
f1beff
e80fad
def059
d6d102
cfd1a3
ca3239
c602c1
c3633b
c273a5
c33400
c5944c
c9a48a
cf54bb
d684df
df14f8
e8c506
f3450b
fe5506
0984f7
1494df
1f34bb
29148b
32144d
39e401
4063a5
45633a
48e2c0
4ad238
4b51a3
4a7103
48605a
457fad
41ceff
3dae56
395db6
350d24
311ca5
2dac3f
2b0bf7
294bd0
288bce
28ebf1
2a3c3b
2c8ca7
2fad33
337dda
37ce94
3c4f5c
40b02c
44e0fb
4861c4
4af27f
4c5324
4c63ac
4ae413
47e454
43546c
3d245a
358420
2c83bf
22333b
16e299
0ac1de
fe4112
f1b03c
e58f64
da2e93
cffdd0
c75d22
c09c8e
bc0c1a
b9cbc9
b9fb9f
bc9b9b
c1abbf
c8ec09
d22c75
dd0cff
e94da2
f65e58
03cf1b
112fe3
1de0ab
29916d
33b223
3bf2c9
420359
45b3d2
46e431
45a476
41f4a1
3be4b3
33b4ae
29a495
1df46c
112437
03c3fa
f643b9
e93379
dd033e
d2230b
c8e2e2
c1b2c5
bca2b5
b9f2b4
b9b2c0
bbf2da
c082fe
c7532b
cff35d
da3390
e583c3
f1b3f0
fe3417
0ab433
16d443
223445
2c9437
35a417
3d23e7
4313a5
476354
4a02f6
4b228d
4ae21a
4961a0
46d120
43709e
3fa01b
3b9f9a
379f1d
33eea6
30be36
2e2dcd
2c6d6b
2b5d0f
2b0cb8
2b8c67
2ccc1c
2ebbd9
313b9d
343b6b
377b42
3adb23
3e0b0f
40db06
432b0a
44bb1c
456b3c
450b6b
438bab
40ebfb
3d1c5b
381cca
320d47
2b0dd1
232e65
1aaf01
11bfa2
086045
ff00e5
f5b180
ecb210
e44292
dc6303
d5635e
cf33a1
ca03c9
c5b3d5
c263c5
bff39a
be6353
bdb2f3
bda27e
be21f5
bf215d
c060ba
c1e011
c38f66
c52ebe
c6de1e
c85d88
c9cd00
cafc89
cc0c25
ccebd5
cdab9b
ce3b75
cecb64
cf3b65
cfab75
d00b93
d06bba
d0bbe8
d10c1a
d13c4d
d14c7f
d11cae
d0acd8
cfecfb
cecd16
cd4d28
cb7d32
c95d33
c6fd2c
c46d1f
c1cd0c
bf2cf5
bcacdb
ba8cc1
b8dca7
b7dc90
b7bc7c
b8ac6d
baac63
bddc5e
c25c60
c81c66
cf1c71
d73c81
e06c93
ea6ca9
f4fcbf
ffccd6
0a9cec
152cff
1f2d0e
284d18
304d1c
36dd1a
3bcd11
3eed03
401cef
3f4cd8
3c9cbc
380c9e
31bc7d
29ec5a
20cc37
169c14
0babf5
004bda
f4ebc8
e9dbc0
df6bc3
d5bbd3
cd2bf2
c5ac1f
bf7c5b
ba9ca6
b73d01
b53d69
b4bdde
b59e5d
b79ee4
ba9f71
be4000
c2608f
c6c11c
cb01a3
cef222
d26297
d502ff
d6b35a
d743a5
d6b3e1
d5040e
d2642d
cef43d
cb0440
c6b438
c26426
be440b
ba93ec
b7a3c9
b593a6
b4b383
b53362
b72344
baa329
bfa311
c622fd
cdf2ef
d6e2e6
e0d2e4
eb72e8
f682f2
01c301
0cc314
17332a
20e341
297357
30b36d
367380
3a838f
3cd39a
3d53a0
3c13a1
39239d
34a393
2eb384
279371
1f835a
16a340
0d5325
03b30b
fa12f3
f092e1
e762d4
dea2ce
d682cf
cf12d7
c852e6
c262fd
bd431a
b8f33e
b56369
b29399
b073cd
af0402
ae5436
ae4464
af048a
b084a3
b2e4ad
b624a4
ba5486
bf8451
c5b406
ccd3a2
d4d329
dda29b
e731fb
f1614d
fbe095
068fd8
111f1b
1b4e64
24cdb8
2d5d1f
34ac9d
3a7c36
3e8bef
40abcb
40bbca
3ebbee
3aac35
349c9e
2cbd24
235dc4
18be77
0d2f38
010000
f4d0c8
e8f189
ddd23c
d3c2dc
cb2362
c443cb
bf6412
bca436
bc3435
be0411
c223ca
c85363
d062e1
da1248
e4f19d
f0a0e5
fcd028
092f6b
154eb3
20ce05
2b5d65
34bcd7
3cac5e
42ebfa
476bae
4a2b7a
4b4b5c
4aeb53
494b5d
46bb77
436b9c
3fabca
3babfd
37ac32
33fc66
30bc97
2e1cc2
2c4ce7
2b5d03
2b4d16
2c1d21
2dad23
2ffd1f
32bd15
35cd06
390cf3
3c2cdf
3f0cca
417cb5
434ca4
444c96
445c8c
436c87
416c85
3e7c86
3a9c88
35dc8a
304c8d
2a0c90
231c95
1b9c9a
139ca1
0b4ca8
02ccb0
fa3cb6
f1ecba
e9fcbc
e26cbd
db4cbc
d4acbb
ce7cb9
c8ccb9
c3acb9
bf2cbb
bb5cbc
b84cbd
b5fcbc
b47cba
b3bcb6
b3bcb0
b46ca8
b5dca1
b7fc9a
bacc95
be2c90
c22c8d
c6bc8a
cbbc88
d13c86
d71c85
dd5c87
e3fc8c
eacc96
f1cca4
f8dcb5
000cca
073cdf
0e4cf3
154d06
1c1d15
22bd1f
28fd23
2edd21
345d16
395d03
3ddce7
41dcc2
454c97
481c66
4a3c32
4babfd
4c5bca
4c5b9c
4b9b77
4a1b5d
47cb53
44cb5c
40fb7a
3c5bae
370bfa
311c5e
2a8cd7
239d65
1c3e05
148eb3
0c9f6b
047028
fc40e5
f4319d
ec6248
e4f2e1
de0363
d7b3ca
d1e411
ccc435
c83436
c45412
c123cb
bec362
bd42dc
bc823c
bc7189
bd10c8
be4000
bfef38
c1de77
c41dc3
c67d24
c8dc9e
cb0c36
ccfbed
ce8bc7
cf9bc3
d03be2
d07c23
d04c85
cfed05
cf4d9f
ce9e4d
cdbf0a
ccdfce
cbe094
cb0155
ca420c
c9a2b4
c9234a
c8f3ca
c8f431
c9247e
c994b0
ca24c7
cac4c5
cb54ae
cbc485
cc044d
cc040b
cbe3c4
cb937c
cb3338
cac2fa
ca42c8
c9c2a3
c9328d
c8b286
c8628e
c832a5
c852ca
c8c2fa
c97336
ca637a
cb73c3
cca40b
cdd44f
cf1487
d044b0
d154c5
d214c5
d264ad
d2247d
d14435
cfb3d3
cd8359
cae2c8
c7f223
c4d16d
c1a0ab
be8fe3
bbaf1b
b92e58
b74da2
b64cff
b64c75
b77c09
b9dbbf
bd6b9b
c22b9f
c81bca
cf2c1a
d74c8e
e06d22
ea5dd0
f4ee93
ffcf64
0a903c
153112
1f21df
28429a
30433b
36d3be
3bc41f
3ed45a
3fd46e
3ed45b
3bc420
36d3bf
30433b
284299
1f31de
153112
0a903c
ffbf65
f4de94
ea5dd0
e06d22
d75c8e
cf3c1a
c82bc9
c22b9f
bd6b9c
b9cbc0
b76c09
b64c75
b64cff
b74da1
b92e58
bbaf1b
be8fe4
c1a0ac
c4d16e
c7f223
caf2c8
cd9358
cfb3d2
d14435
d2247e
d264af
d214c6
d154c5
d054af
cf2486
cde44e
cca40b
cb63c4
ca537c
c97337
c8c2fa
c862c8
c842a3
c8528d
c88288
c8a294
c8d2b0
c912da
c95311
c9a350
ca1394
ca83da
cb041c
cb6457
cba487
cbc4a7
cbd4b5
cbc4ad
cba48e
cb8456
cb6406
cb239e
cae321
ca9292
ca51f3
ca2149
ca0098
c9ffe5
c9ff34
ca0e8d
ca1df2
ca3d69
ca5cf5
ca8c9a
cacc58
cb1c32
cb6c27
cb9c37
cbcc61
cbdca3
cbdcfd
cbbd6d
cb9dee
cb5e7f
cb0f1b
ca9fbc
ca205f
c9b100
c9519b
c8f22e
c8c2b7
c8a336
c8b3a9
c8e40d
c93463
c9a4a7
ca44db
cb04fc
cbe50d
ccc50f
cdb501
ce94e7
cf54c0
cfe48e
d04452
d0640d
d033c2
cf9371
ce831d
cd02c6
cb126c
c8d210
c671b1
c4114e
c1d0e7
bfe07d
be4010
bd2fa2
bc8f33
bc8ec4
bd4e56
becdea
c11d80
c45d1b
c85cbb
cd2c63
d2ac13
d8cbce
df7b94
e68b66
edfb45
f59b31
fd4b2a
050b31
0c9b45
13fb66
1b2b94
220bce
288c13
2e9c63
341cbb
391d1b
3d7d80
415dea
44ce56
47cec4
4a5f33
4c7fa2
4e0010
4f007d
4f40e7
4ec14e
4d51b1
4ae210
47626c
42b2c6
3cd31d
35b371
2d63c2
24040d
19d452
0f148e
03f4c0
f8d4e7
edf501
e3850f
d9d50d
d134fc
c9f4db
c454a7
c0a463
bee40d
bf53a9
c1c336
c652b7
ccb22e
d4c19b
de4100
e8e05f
f44fbc
000f1b
0bce7f
172dee
21cd6c
2b4cfd
335ca3
39cc61
3e3c37
408c27
40ac32
3e9c58
3a8c99
34acf5
2d5d69
24bdf2
1b3e8d
111f34
069fe4
fbe097
f16148
e731f3
dda292
d4c321
ccc39d
c5b402
bf944e
ba6480
b6249a
b2e49d
b0748d
aef46d
ae4440
ae540b
af13d1
b07395
b29359
b56322
b8e2f4
bd42d1
c262bd
c852b7
cf12c2
d692da
deb2fe
e7632b
f0935c
fa1390
03b3c2
0d53f0
16b417
1f8434
279444
2eb445
34a436
392416
3c13e7
3d53a9
3cd35d
3a8304
3672a0
30b231
2971b9
20e139
1730b3
0cc02c
01cfa4
f69f1f
eb7ea0
e0de26
d6edb3
cdfd49
c62ce7
bfac90
baac43
b72c00
b53bc8
b4bb9b
b59b78
b79b5f
ba9b50
be4b4b
c26b50
c6bb5f
cb0b78
cefb9b
d26bc8
d50c00
d6bc44
d74c93
d6bcef
d50d55
d26dc6
cefe3d
cb0eba
c6bf3a
c26fbb
be403c
ba90bb
b79137
b591af
b4b220
b53287
b722e5
ba9336
bf737b
c5a3b3
cd23df
d5b400
df6415
e9d420
f4e421
00441a
0ba40b
1693f8
20c3e0
29e3c6
31b3ab
38038f
3c9373
3f4359
401340
3ee32a
3bc317
36d308
3042fd
2842f5
1f22ef
1522eb
0a92ea
ffc2eb
f4e2ee
ea62f4
e062fd
d73309
cf1318
c8132b
c25340
bdd358
ba9372
b8938e
b7b3ab
b7d3c7
b8d3e1
ba83f9
bca40b
bf2419
c1b420
c4641f
c6f415
c95400
cb73e0
cd33b4
ce837b
cf6335
cfd2e3
cfe287
cfc220
cf91b0
cf6139
cf50bc
cf503c
cf7fba
cf9f39
cfbeb9
cfce3d
cfcdc7
cfad57
cf5cef
cecc90
cdcc3b
cc6bf2
ca9bb5
c85b84
c5db5f
c32b47
c06b3b
bdbb3b
bb3b46
b90b5d
b77b7f
b6bbac
b6fbe2
b87c22
bb6c6b
bfecbb
c5ed13
cd7d72
d65dd6
e05e3f
eb3eab
f6cf1b
029f8d
0e5000
19c073
2470e5
2e0155
3631c1
3ca22a
41128e
4352ee
432348
40a39d
3bd3eb
34f431
2c446c
22249b
1704bc
0b24d0
ff04d6
f2f4ce
e764ba
dcb499
d3546c
cb7433
c563ed
c1439e
bf5345
bf62e4
c1827f
c59216
cb61aa
d2a13c
db30ce
e4c05e
eefff0
f98f82
042f18
0eaeb2
18de4f
226df0
2b3d94
332d3b
3a2ce3
400c8f
44dc3e
48bbf2
4bbbae
4deb72
4f7b40
505b19
50baff
506af1
4f8af3
4dfb04
4bbb25
48ab59
44cb9e
3ffbf4
3a2c5b
333cd1
2b5d55
227de5
18de7d
0e9f1b
041fbb
f9705b
eef0f6
e4d189
db5212
d2c28b
cb62f2
c58345
c17380
bf63a2
bf83ab
c1d39a
c64371
cca330
d4c2db
de5272
e8e1fa
f44174
0000e5
0bc051
171fb9
21bf22
2b4e8d
336dfe
39cd77
3e3cf8
408c85
40ac1f
3e9bc6
3a8b7b
34ab3e
2d5b0f
24baee
1b3ada
111ad3
069ad9
fbeaed
f16b0f
e73b3e
ddab7c
d4cbc7
cccc1f
c5bc85
bf9cf8
ba6d76
b62dfd
b2ee8d
b08f23
aeffba
ae4052
ae50e5
af1173
b071f8
b29271
b562db
b8e332
bd4372
c2639a
c853a7
cf139a
d68372
deb331
e762db
f09271
fa11f9
03b174
0d50e5
16a051
1f8fba
279f22
2ebe8d
34adfe
392d76
3c0cf9
3d2c89
3c6c26
39bbd3
354b8e
2f3b56
27cb2a
1f3b09
15baf1
0baae5
012ae3
f68aee
ec0b07
e1eb2e
d86b63
cfeba7
c89bf8
c28c57
bdecc4
ba9d3f
b89dc8
b7be5d
b7eefd
b8efa6
ba8053
bca101
bf11aa
c1b24a
c462dc
c6f35b
c953c1
cb740a
cd3430
ce8432
cf640e
cfc3c5
cfe358
cfc2cd
cf9227
cf616d
cf50a4
cf5fd4
cf7f04
cf9e3b
cfbd81
cfccdc
cfcc54
cfabee
cf5bad
cecb94
cdcba5
cc6bdf
ca9c40
c85cc5
c5dd68
c32e23
c06eef
bdbfc4
bb309b
b9116b
b7722f
b6b2de
b6f373
b873e7
bb6436
bfe45e
c5f45c
cd7433
d653e4
e05374
eb32e8
f6b245
028192
0e50d5
19c013
248f53
2e1e9a
363ded
3cad51
411cc9
435c56
436bfa
412bb6
3cbb88
362b70
2dcb6b
23cb76
189b8f
0c8bb2
000bdb
f38c07
e77c33
dc4c5e
d24c85
c9eca8
c35cc5
beecdb
bcacec
bcbcf6
befcfb
c36cfd
c9dcfc
d1fcfa
db9cf8
e64cf6
f1bcf5
fd7cf5
095cf7
14dcfa
1fbcfc
29bcfd
329cfc
3a2cf5
402ce8
44acd4
479cb8
491c96
495c6f
489c45
470c1a
44ebf1
425bca
3faba9
3cdb8f
3a2b7f
37bb7b
358b88
33bba8
323bdd
311c28
303c89
2f8cff
2f0d87
2ece1e
2ecebf
2eef67
2f4011
2fa0ba
30215c
3091f4
30f27d
3142f3
31b353
32539a
3323c6
3433d5
3593c8
3733a0
38e35d
3ab303
3c7293
3e1211
3f8180
40b0e5
419044
420fa1
41ff01
415e65
400dd2
3e0d48
3b2cca
377c57
32ebf3
2d8b9e
275b59
209b25
196b03
11faf2
0a6af1
02caff
fb2b19
f39b40
ec2b72
e4ebae
ddfbf3
d77c3e
d16c8f
cbfce3
c70d3a
c2ad94
bebdf0
bb4e4f
b83eb2
b5af19
b38f83
b20ff0
b1105e
b0d0cd
b1513c
b2b1aa
b51216
b89280
bd42e4
c33341
ca6395
d2b3df
dc141f
e63454
f0f480
fc04a1
0724b9
1214c5
1c94c6
2644bb
2ed4a2
36147c
3ba44a
3f640d
4113c5
40b374
3e431a
39c2b7
33524d
2b41da
21c161
1720e1
0bc05c
000fd4
f44f4d
e8eec7
de4e47
d4cdcf
ccbd60
c64cfb
c1cca3
bf5c57
befc19
c0abea
c46bca
c9fbbb
d13bbc
d9cbcb
e37be8
edfc10
f8ec3e
040c71
0f1ca4
19dcd5
240d01
2d5d25
35ad3e
3cdd49
42cd44
477d2f
4afd0c
4d5cde
4ebca7
4f3c6b
4efc2f
4e0bf5
4c8bc0
4a6b94
47db73
44cb63
415b66
3d6b7f
390bb2
341bfe
2eac63
289cdf
221d6e
1b2e0d
13eeb7
0c7f69
04e01c
fd40cc
f5a173
ee120e
e6a297
df730b
d8b367
d283a8
cd23cd
c893d5
c4e3c2
c20393
c0034a
beb2eb
be1279
be01f7
be716a
bf50d5
c0803c
c1ffa1
c39f09
c55e76
c72dea
c8dd68
ca7cf1
cbdc85
ccec26
cdbbd4
ce5b8f
cecb56
cf2b28
cf8b07
cfeaf0
d06ae5
d0cae4
d11af0
d14b08
d14b2e
d10b62
d08ba5
cfebf7
cefc57
cdccc6
cc5d41
ca8dc9
c85e5d
c5eefc
c33fa4
c07052
bdb101
bb21ab
b9024c
b772de
b6b35b
b6f3c0
b88408
bb7430
bfe436
c5e417
cd63d4
d6436c
e052e4
eb423f
f6c184
0290b9
0e5fe5
19cf0f
247e3e
2e0d7b
363ccc
3cac3a
411bcb
435b85
432b6c
40ab81
3bdbc4
34fc31
2c4cc4
222d76
170e40
0b2f1c
ff0000
f2f0e4
e761c0
dcc28b
d3533c
cb63ce
c5543b
c1447f
bf5496
bf6482
c19442
c593d9
cb634c
d2a2a0
db31dc
e4c108
eef02c
f98f50
043e7c
0ebdb8
18dd0b
225c7b
2b2c0c
333bc1
3a5b9b
408b9b
45bbc1
49ec0a
4d2c75
4f8cfe
510da0
51be57
51bf1b
510fe4
4fa0ad
4d816f
4aa223
4712c7
42b357
3d93d2
37b435
31047f
2994af
2164c7
18a4c5
0f74ae
05e485
fc444d
f2b40b
e963c5
e0937d
d87338
d152fa
cb52c8
c6d2a2
c3f28d
c2e288
c3b295
c662b1
cac2db
d0d311
d8334f
e0c393
ea43d9
f4641c
fee458
099488
1414a8
1e24b5
2794ac
30148d
377456
3d8409
4233a6
45832f
4782a5
48520a
482162
4720b1
457ffb
436f46
40fe97
3e5df4
3bbd62
391ce5
36ac80
348c37
32bc0a
314bfc
303c0b
2f7c38
2f0c81
2ecce5
2ecd61
2efdf3
2f4e97
2faf46
301ffc
3080b2
30e163
31420a
31c2a4
32532e
3323a6
343409
359457
37248e
38e4ad
3ab4b5
3c74a7
3e2487
3f9457
40b41c
4193da
420395
41f350
415311
4002da
3e02af
3b3295
37728c
32e295
2d72b0
2752da
209311
197350
120394
0a63d9
02c41c
fb1457
f38487
ec14a8
e4e4b5
ddf4ac
d7748d
d17456
cbf409
c703a6
c2a32f
beb2a5
bb420a
b83163
b5a0b1
b39ffb
b20f46
b10e97
b0cdf4
b15d62
b2bce5
b52c80
b89c36
bd3c0b
c2fbff
c9ec13
d1ec45
dafc93
e4dcfc
ef6d7b
fa7e0d
05cead
111f57
1c0005
2630b3
2f515b
3711fa
3d328c
41630e
43937f
4393de
41742a
3d2464
36b48a
2e449c
24149c
18648c
0ba46e
fe5446
f0e417
e3d3e5
d7a3b2
ccc381
c3b352
bcc329
b86306
b6c2ea
b802d7
bc32cd
c302cd
cc42d4
d772e1
e422f5
f1d30c
000325
0e333f
1be359
289370
33c384
3d0394
43d39d
4803a2
4943a0
47a39a
43438f
3c537f
33436d
286357
1c3341
0f232a
01b314
f46301
e7a2f2
dbf2e8
d1c2e4
c952e6
c2e2ef
be92fe
bc7314
bc7330
bea350
c2d374
c8f399
d0b3be
d9d3e2
e40402
eef41c
fa442f
059439
10a439
1b342c
251413
2e23ed
3623bb
3d137d
42d335
4772e2
4ae286
4d5220
4eb1b1
4f413a
4f00bd
4e003c
4c8fba
4a6f38
47deb9
44ce3d
415dc7
3d6d57
391cef
345c90
2f1c3b
296bf2
234bb4
1cab84
159b5f
0e2b47
065b3b
fe5b3b
f63b46
ee1b5d
e61b7f
de6bac
d73be2
d09c22
cabc6b
c5bcbb
c1ad13
be9d72
bcadd6
bbbe3f
bbceab
bccf1b
be9f8d
c10000
c3d073
c700e5
ca3155
cd51c1
d0222a
d2628e
d3e2ee
d49348
d4339d
d2f3eb
d0c431
cde46c
ca749b
c6c4bc
c2f4d0
bf54d6
bbf4ce
b934ba
b73499
b6346c
b66432
b803ed
bb239d
bfe345
c632e5
cde27f
d6e216
e0d1aa
eb813c
f690cd
01c05e
0ccff0
173f83
20df19
297eb2
30be4f
367def
3a8d93
3cdd3a
3d5ce6
3c1c95
392c4a
34ac04
2ebbc4
27ab8b
1f8b59
16bb2f
0d5b0f
03bafb
fa0af4
f08afc
e76b15
debb40
d69b7d
cf1bcd
c83c2f
c1fca4
bc8d2b
b7cdc1
b3ee63
b0ef0f
aedfc0
ad9072
ad3121
ada1c9
aee264
b0f2ed
b3e361
b7b3ba
bc63f6
c1f412
c8540b
cf83e4
d7639b
dfe335
e8d2b4
f2221c
fb9172
0510bc
0e5000
174f44
1f9e8e
272de4
2dbd4c
331ccb
371c65
39ac1c
3a7bf5
39abee
372c0a
332c46
2dbc9f
271d13
1f8d9c
173e37
0e5edf
052f8e
fba040
f230f1
e8d19d
dfd23f
d762d5
cf835c
c853d1
c1f433
bc7483
b7c4c0
b3e4eb
b0f504
aed50c
ad9505
ad34f1
ada4d1
aee4a7
b0f475
b3e43c
b7b3fc
bc63b6
c1f36a
c85317
cf82be
d77260
dfe1fe
e8d199
f22134
fb90cd
051067
0e5000
174f99
1faf33
272ecc
2dbe67
331e02
371da0
39ad42
3abce9
3a2c96
380c4a
345c04
2f2bc4
28bb8b
212b59
189b30
0f6b0f
05bafa
fbbaf3
f1bafc
e7db15
de5b40
d55b7d
cd1bcc
c5bc2c
bf4c9d
b9dd1e
b59daf
b25e4d
b04ef6
af3fa7
af105d
aff111
b191bf
b40263
b722f5
bae371
bf33d3
c3e416
c8f438
ce3436
d3b40f
d943c4
df0358
e4f2cd
eb2227
f1816d
f830a4
ff0fd4
05ef04
0cde3b
13cd81
1aacdc
216c54
27fbed
2e5bae
345b98
39dbad
3edbec
432c53
46ccdc
499d82
4bae3d
4cff05
4d6fd4
4d00a4
4bc16c
49b226
46c2cd
431359
3ec3c5
39d40f
348432
2ed430
28e409
22a3c1
1c135b
1552dd
0e624b
0741aa
000101
f8c053
f1afa5
eabefd
e3fe5d
dd6dc8
d73d40
d13cc5
cb8c57
c63bf8
c14ba6
bcfb63
b94b2e
b65b07
b44aef
b30ae4
b2aae5
b31af1
b45b08
b66b29
b94b56
bceb8e
c13bd3
c63c27
cbbc89
d1bcf9
d80d76
deadfe
e56e8d
ec4f23
f33fba
fa2051
0100e5
07d174
0e71f9
14e271
1b12db
211331
26d372
2c639b
31a3ab
36a3a2
3b637f
3fc344
43c2f2
47528c
4a7212
4d118a
4f10f6
50505a
50cfba
504f1a
4ebe7d
4c1de5
484d56
434cd2
3d1c5b
35bbf3
2d5b9d
23fb58
19db25
0f1b04
040af4
f8eaf2
edfaff
e37b19
d9cb3f
d13b71
c9fbae
c46bf3
c0ac3f
befc90
bf5ce3
c1cd3a
c64d93
ccbdef
d4ce4f
de4eb3
e8ef1a
f44f83
000ff0
0bc05d
1720cc
21b13b
2b41aa
336217
39c281
3e32e5
408341
40a395
3e93df
3a841f
34a454
2d5480
24b4a2
1b34b9
1114c5
0694c6
fbe4ba
f164a1
e7347c
dda44b
d4c40e
ccc3c5
c5b370
bf9311
ba62a9
b62239
b2e1c3
b07147
aef0c8
ae4046
ae5fc4
af1f43
b08ec7
b29e50
b56de0
b8ed7a
bd3d1e
c27ccb
c89c83
cf9c45
d76c13
dfdbed
e8dbd4
f23bc7
fbabc6
051bd1
0e5be4
173bff
1f8c1e
271c42
2dbc67
331c8c
372caf
39accf
3a7ce8
39acfa
372d04
331d07
2dbd04
271cfd
1f8cf3
173ce8
0e5cdb
051cce
fbacbf
f22cb1
e8dca4
dfec99
d76c91
cf8c8e
c85c8f
c1fc93
bc7c9b
b7bca3
b3ecac
b0fcb4
aedcba
adacbe
ad3cc0
adacbf
aeecbb
b0fcb5
b3ecac
b7bca3
bc6c9a
c1fc93
c85c8f
cf8c8e
d76c92
dfec99
e8dca4
f22cb1
fbacbf
051ccd
0e5cdb
174ce8
1f9cf4
272cfe
2dbd04
331d07
372d03
39acf9
3a7ce8
39accf
372cb0
332c8d
2dbc67
271c41
1f8c1d
173bfe
0e5be4
052bd2
fbabc8
f23bc8
e8dbd4
dfdbec
d76c12
cf8c45
c85c85
c1fcd2
bc7d2a
b7cd8c
b3edf7
b0fe68
aededf
ad9f59
ad3fd4
ada050
aee0c9
b0f140
b3e1b2
b7b220
bc6288
c1f2ea
c85345
cf8398
d773e4
dfe428
e8d463
f22495
fb94be
0514dd
0e54f1
1744fa
1fa4f6
2724e4
2db4c4
330495
371455
39a404
3ab3a2
3a232e
3802ab
34521c
2f2183
28b0e5
211044
189fa5
0f6f0a
05be77
fbbdef
f1bd76
e7dd0e
de5cbb
d55c80
cd1c5d
c5bc55
bf4c66
b9ec8f
b59cd0
b25d25
b04d8e
af2e06
af1e8c
afff1b
b1afaf
b41047
b720de
bae173
bf2202
c3d289
c8f306
ce6377
d413da
da042e
e02473
e674aa
ecc4d6
f324f7
f9950e
00051b
06751d
0cd512
1344fa
1994d2
1fe49d
260459
2be408
3173a9
36a33c
3b62c1
3fc239
43c1a3
475102
4a705a
4d1fad
4f1eff
505e57
50cdb6
504d24
4ebca5
4c0c3f
483bf6
433bcf
3d1bce
35bbf2
2d5c3c
23fca8
19dd33
0f1dd9
040e93
f8ef5b
edf02c
e370fc
d9c1c5
d1227f
c9f324
c463ac
c0b412
bef453
bf246c
c1645b
c58421
cb83c0
d3533b
dca298
e741dd
f2d111
ff003c
0b4f65
172e94
224dd1
2c4d22
34dc8d
3bbc19
40abc9
436b9f
43eb9c
420bc0
3dfc0a
37bc75
2f9cfe
25eda1
1b1e57
0f6f1b
033fe4
f6e0ad
ead16e
df4223
d4a2c7
cb4358
c363d2
bd2435
b8b47f
b5f4af
b4d4c6
b524c5
b6b4ae
b94485
bc944d
c0640b
c473c4
c8737d
cc2338
cf52fa
d1e2c8
d3b2a2
d4c28d
d50288
d47295
d332b1
d152db
ced311
cbe34f
c89393
c543d9
c2041c
bf2458
bcd488
bb44a8
baa4b5
bb14ac
bc848d
bf1456
c2c409
c773a6
cd232f
d3d2a5
db620a
e3c162
ecc0b1
f64ffb
000f46
09ce98
134df5
1c4d62
24ace5
2c3c7f
32dc36
389c0b
3d4bff
40fc13
438c45
44fc94
456cfc
44bd7b
433e0d
40eead
3e0f57
3ad005
3770b3
34315b
3131fa
2eb28b
2cc30d
2b937e
2b43de
2bc42a
2d2464
2f548a
32249c
35849c
39348c
3d046e
40b446
441418
46e3e6
48e3b3
49d381
499352
47f328
44e305
4062ea
3a52d8
32f2ce
2a52cd
20a2d4
1622e1
0b12f4
ffb30b
f46325
e97340
df4359
d62371
ce5384
c80393
c3739d
c0a3a2
bfc3a4
c0b3a2
c3739c
c80393
ce5384
d62371
df435a
e97340
f46325
ffb30b
0b12f3
1622e1
20a2d4
2a52cd
32f2cf
3a52d8
4062ea
44f305
480328
499351
49d381
48e3b3
46e3e6
441418
40b446
3d046d
39348b
35849b
32249c
2f548b
2d2465
2bc42b
2b43db
2b9377
2cc300
2eb279
3131e2
343141
377099
3adfef
3e0f46
40dea4
432e0c
44bd83
456d0d
450cac
438c66
40ec3b
3d1c2e
381c3f
320c6d
2b0cb6
232d15
1aad87
11ae09
086e96
ff0f2b
f5bfc5
ecb05f
e440f7
dc618a
d56215
cf3298
c9e310
c5737d
c1e3e0
bf2438
bd4483
bc34c2
bbf4f2
bc7514
bda527
bf552d
c15525
c37511
c5b4f0
c7d4c2
c9d486
cbc43b
cd73e2
cef37b
d03307
d12289
d1a201
d1c173
d170df
d0d048
cfefb0
cecf1b
cd7e8b
cc0e06
ca9d8d
c93d25
c80cd0
c71c90
c67c66
c63c55
c67c5d
c71c80
c80cbb
c93d0e
ca9d76
cc0def
cd7e77
cecf0a
cfefa5
d0d044
d170e5
d1c183
d1a21c
d112ab
d0232e
cec3a2
cd0404
caf455
c8c495
c674c4
c424e4
c1e4f5
bfe4f9
be44f1
bd14dd
bc74be
bc7495
bd4463
bec427
c123e3
c45399
c85348
cd22f2
d2a295
d8c233
df71ca
e6915a
edf0e3
f59066
fd4fe5
04ff62
0c9ee0
13fe60
1b2de6
220d73
288d0a
2eacac
345c5b
398c19
3e3be9
427bc9
463bbb
495bbd
4bebcd
4ddbe9
4f1c10
4f9c3d
4f5c6f
4e4ca3
4c4cd5
495d02
456d26
405d3f
3a2d49
32ed43
2abd2e
21bd0c
183cde
0e5ca7
045c6c
fa5c2f
f0abf5
e76bbf
deeb93
d75b73
d0eb63
cbcb66
c81b80
c5ebb2
c53bfe
c5fc62
c82cde
cbdd6e
d0ee0d
d74eb8
dedf69
e7601c
f0a0cc
fa6173
04620d
0e6296
18330b
21b367
2aa3a8
32d3cd
3a23d5
4053c1
457392
496349
4c42eb
4e327a
4f41f8
4f816b
4f10d5
4de03b
4bffa0
496f08
463e76
426deb
3e2d69
397cf1
345c83
2ebc1f
289bc8
221b7c
1b2b3e
13fb0e
0c7aed
04ead9
fd4ad3
f5aada
ee1aee
e6ab10
df7b3e
d8bb7b
d28bc6
cd2c1f
c89c85
c4ecf8
c21d77
c00dfe
bebe8d
be1f22
bdffb9
be7051
bf50e5
c08174
c1f1fa
c3a272
c552db
c71330
c8d371
ca739a
cc03ab
cd63a2
ce9380
cf8345
d032f2
d0b28b
d11211
d14189
d160f6
d1605b
d13fbc
d0df1b
d03e7d
cf7de4
ce7d55
cd6cd2
cc4c5e
cb0bfb
c9bbaa
c85b6b
c6db3c
c53b1c
c38b0b
c1eb07
c06b0f
bf2b23
be2b41
bdab6a
bdbb9d
be6bd9
bffc1d
c26c67
c5ecb8
ca7d0e
d01d6a
d69dcd
ddee36
e5eea7
ee5f1e
f71f9a
00001b
08f09e
11b120
1a319f
22221a
29728d
2ff2f6
35a354
3a53a5
3e13e6
40e417
42d437
43d445
440443
438433
426417
40b3f0
3ec3c3
3c9391
3a635d
38332b
3622fe
3442da
3282c1
3112b7
2fd2bd
2ef2d2
2e62f4
2e4322
2e8359
2f2394
3013d1
31440b
32a441
34046d
35748d
36d49d
38049a
38f480
39944e
39d402
39a39e
390322
380292
36d1f3
356148
33f097
329fe4
314f34
302e8d
2f4df3
2e9d6a
2e4cf5
2e6c99
2eec57
2fec33
314c2b
331c3f
351c6f
375cb7
399d15
3bed86
3e1e07
401e95
41cf2b
42ffc5
43a060
4390f8
42c18a
413215
3ed296
3ba30f
37b37d
32f3e1
2d7439
275484
2094c2
1974f1
120513
0a6526
02c52d
fb1526
f38513
ec14f1
e4e4c2
ddf484
d77439
d173e1
cbf37d
c7030f
c29296
beb214
bb418a
b840f8
b5a060
b39fc6
b20f2b
b10e95
b0ce07
b15d86
b2bd15
b52cb7
b8ac6f
bd3c3f
c2fc2b
c9ec32
d1ec57
daec99
e4dcf5
ef6d6a
fa7df3
05de8d
111f34
1c0fe4
263096
2f5148
3711f3
3d3293
416322
43939e
439402
41744e
3d2480
36b49a
2e449d
24148d
18746d
0bb441
fe540b
f0d3d1
e3c394
d79359
ccc322
c3c2f5
bcd2d2
b862bd
b6a2b7
b792c1
bb62da
c1d2fe
cac32b
d5d35d
e28391
f073c3
ff03f0
0da417
1bd433
291443
34d445
3e9437
45d417
4a63e6
4be3a5
4a6355
45d2f6
3e828d
34d21a
29119f
1be120
0da09e
ff001b
f06f9b
e28f1e
d5cea7
cace36
c1edcd
bb6d6a
b7ad0f
b6acbb
b86c6f
bcdc2a
c3bbeb
cccbb4
d79b83
e3cb5a
f0eb38
fe5b20
0bab10
186b0c
241b15
2e4b2b
36bb52
3d2b8a
416bd4
436c33
431ca5
409d2a
3c0dc0
35be63
2ddf0f
24bfc1
1aa073
101121
0521c8
fa5263
efd2ed
e5d361
dc83bb
d403f6
cc5412
c5740b
bf83e4
ba639b
b63335
b2e2b4
b0721c
aef172
ae40bc
ae5000
af1f44
b08e8e
b29de4
b56d4c
b8eccb
bd4c65
c26c1e
c85bf8
cf1bf6
d69c16
debc57
e76cb6
f08d2c
fa0db6
03be4d
0d5eef
16bf97
1f8041
27a0e9
2eb18d
34a227
3922b5
3c1333
3d53a2
3cd3ff
3a844c
36748a
30b4bb
2974df
20d4f8
173507
0cc50b
01c505
f694f7
eb84de
e0d4bb
d6e48b
cde44d
c63400
bfe3a2
bb2332
b802b3
b66226
b6318d
b730ea
b93042
bbff98
bf5eef
c2fe4c
c6cdb3
ca7d2a
cdecb6
d0cc59
d2fc18
d43bf6
d49bf5
d3ec14
d26c56
d02cb7
cd5d35
ca4dcb
c70e76
c3ef2f
c10ff0
be90b2
bcc170
bbc222
bbb2c4
bca34f
be93bd
c1940a
c57432
ca3435
cfc411
d603ca
dcf363
e472e0
ec7247
f4c19c
fd40e5
05c029
0e1f6b
161eb3
1dae05
24cd65
2b7cd7
318c5e
370bfa
3bebaf
400b7a
438b5c
465b53
487b5d
4a0b77
4afb9c
4b5bca
4b0bfd
4a2c32
489c66
465c97
437cc2
3ffce6
3bdd02
370d16
319d21
2b8d24
24ed1f
1dad15
160d06
0dfcf3
05bcde
fd4cca
f4ecb6
ec9ca4
e48c96
dcfc8c
d5fc87
cfac85
ca3c87
c5bc8b
c22c92
bf8c9a
bdeca3
bd2cac
bd5cb4
be4cbb
bfecbf
c20cc0
c48cbe
c73cba
c9dcb4
cc5cac
ce8ca3
d04c9b
d17c92
d21c8b
d1fc86
d13c84
cfcc86
cdcc8c
cb5c97
c8aca5
c5dcb6
c31cca
c08cde
be7cf2
bced05
bc2d15
bc4d20
bd6d25
bf9d21
c2fd14
c78cfb
cd2cd9
d3dcaf
db6c7f
e3cc4c
ecdc19
f64be7
000bba
09cb93
134b76
1c4b65
24ab64
2c3b75
32eb9a
389bd5
3d4c25
40ec89
437d00
44fd88
456e1e
44cebe
433f66
40e011
3e00ba
3ac15d
3761f5
34227e
3132f3
2eb353
2cd39a
2b93c5
2b03d5
2b43c9
2c53a1
2e235e
30b303
33e292
379210
3b9180
3fa0e5
437045
46cfa2
495f01
4aee65
4b3dd1
4a1d47
476cc9
430c59
3cebf7
353ba5
2bfb63
217b31
160b10
09eafe
fd8afc
f12b07
e53b1e
da2b41
d03b6f
c7dba6
c15be5
bd0c2d
baec7b
bb3ccf
bdcd29
c29d87
c97de9
d23e4f
dc9eb9
e84f28
f4df99
01d00d
0ed082
1b40f6
26b169
30b1d9
38f245
3f42aa
435308
45235d
4493a8
4193e7
3c5419
34f440
2bc45c
21246d
157474
091471
fc7464
f0144f
e43431
d9440b
cf93e0
c783af
c1337b
bce345
ba930d
ba42d3
bbc29a
bf025f
c3b224
c981ea
d041af
d7a175
df513c
e6f105
ee60d0
f5409e
fb806f
00e044
05701e
090ffb
0b9fdd
0d4fc3
0e1faf
0e1fa0
0d5f96
0bff92
0a2f94
080f9b
05dfa5
039fb3
018fc3
ffbfd4
fe3fe7
fcfff9
fc100a
fb8019
fb4024
fb402c
fb902f
fc002f
fcb02d
fd8028
fe5023
ff301d
000017
00b00f
013007
019fff
01cff7
01cff1
01afed
018fec
014fed
010ff0
00cff4
008ff8
004ffc
000000
ffc004
ff8008
ff500b
ff300d
ff300d
ff400c
ff7009
ffa006
ffd003
fff001
000000
000000
000000
000000
000000
000000
000000
000000
000000
000001
000000
000000
000fff
001fff
000000
